text,label
يعتقد خبراء إسرائيليون أن الحرب الحالية على قطاع غزة ستتحول إلى نشاط مستمر ضد ما قالوا إنها “بقايا فصائل المقاومة” ويرى البعض أن سياسة الأحزمة النارية التي يلجأ إليها جيش الاحتلال تدمر كتائب عسكرية.,1
تواصل إسرائيل انتهاك كافة القوانين الدولية من خلال استخدام حصار وتجويع المدنيين في قطاع غزة كسلاح حرب لإجبارهم على الهجرة قسرا من أاتهمت حركة المقاومة الإسلامية (حماس) الاحتلال الإسرائيلي اليوم الجمعة بشن “حرب تجويع معلنة” على سكان غزة، مؤكدة أن تصعيد عملياته هدفه “تطبيق خطط الإبادة والتهجير” على سكان القطاع المحاصر.,1
قال مدير المستشفى المعمداني بغزة الدكتور فضل نعيم إن المستشفى غير قادر على استيعاب أي مصابين جدد بسبب تتابع القصف الإسرائيلي، كاشفا أنه يتم المفاضلة بين الإصابات وفق آلية تهدف لإنقاذ أكبر عدد ممكن.,1
"""حصلت شبكة CNN على مقطع فيديو من شاهد عيان، يُظهر المشتبه به في إطلاق النار المميت على اثنين من موظفي السفارة الإسرائيلية وهو يصرخ """"الحرية لفلسطين""""، أثناء احتجازه داخل المتحف اليهودي في العاصمة، واشنطن، مساء الأربعاء.""",1
"""أفادت الشرطة البريطانية أنّها اعتقلت رجلاً تسلق برج ساعة """"بيغ بن"""" التاريخي رافعًا العلم الفلسطيني، وتمسّك الرجل، الذي كان حافي القدمين، ويرتدي ملابس سوداء بالكامل، بجانب البرج لعدة ساعات بينما حاول طاقم الإطفاء التحدث معه.""",1
"""لطالما كان فن التطريز الفلسطيني جزءًا من حياة الشابة زين المصري، مع نشأتها في منزلٍ مليء بالأثاث واللوحات المزينة بأنماط التطريز المتنوعة والزاهية.",1
"في عام 2021، قررت المصري، وهي فلسطينية الأصل، الربط بين شغفها في التطريز وخلفيتها في مجال التكنولوجيا، وإطلاق منصة """"Tirazain"""" (طرازين) عبر الإنترنت لإنشاء سجل رقمي لفن التطريز الفلسطيني الموروث عبر الأجيال، والذي يتعرض لمخاطر تهدد ببقاء استمراريته، وفقًا للموقع الرسمي لمنظمة اليونسكو.""",1
"""كان حاكم ولاية أركنساس السابق مايك هاكابي، الذي أعلن الرئيس الأمريكي المنتخب، دونالد ترامب، الثلاثاء، أنه مرشحه لمنصب السفير الأمريكي إلى إسرائيل، قد قال في الماضي، كما يكشف مقطع فيديو من عام 2008، إنه """"لا يوجد شيء اسمه فلسطيني"""" وأن الأمر """"أداة سياسية لمحاولة إجبار إسرائيل على التخلي عن أرضها"""". لدى أندرو كاتشينسكي، كبير محرري KFILE في شبكة CNN، المزيد من التفاصيل.""",1
"""قال وزير الخارجية السعودي الأمير فيصل بن فرحان إن """"إن إنشاء دولة فلسطينية لا يتعلق بما إذا كانت إسرائيل تقبل أم لا، بل إنه مرتبط بمبادئ القانون الدولي"""".مضيفًا أن """"قرارات الأمم المتحدة التي أدت إلى إنشاء دولة إسرائيل كانت تهدف بوضوح إلى إقامة دولة فلسطينية أيضًا، لذا يتعين علينا أن نجعل ذلك يحدث.""""""",1
"""قال وزير الخارجية السعودي الأمير فيصل بن فرحان إن تطبيع بلاده مع إسرائيل """"غير وارد حتى التوصل إلى حل بشأن إقامة الدولة الفلسطينية"""" مضيفًا أن """"أمن كل المنطقة معرض للخطر إذا لم نعالج حقوق الفلسطينيين، وإذا لم نجد طريقًا إلى مسار يقودنا إلى دولة فلسطينية"""".""",1
وجدت المصورة السلوفاكية، بيترا باسناكوفا، الألم، والهدف، والسلام في كل منعطف من رحلتها التي استمرت ثلاث سنوات مع عائلات الصحراء البدوية الفلسطينية.,1
اتُهمت امرأة تبلغ من العمر 42 عامًا في مدينة يولس بولاية تكساس الأمريكية بمحاولة القتل العمد وإصابة طفل بعد محاولتها إغراق طفلين في مسبح مجمع سكني والإدلاء بتصريحات عنصرية تجاه والدتهما الفلسطينية.,1
"""افتتح الشيف فادي قطان، مطعمًا فاخرًا بمسقط رأسه في بيت لحم بالضفة الغربية. وأصدر في الآونة الأخيرة كتاب طبخ جديد بعنوان """"بيت لحم: احتفال بالطعام الفلسطيني"""". زارت كريستيان أمانبور، كبيرة المذيعين الدوليين في CNN، مطعمه الشهير """"عكوب"""" (Akub) في لندن للحديث عن الحفاظ على الهوية الفلسطينية، في ظل استيعاب تأثير الحرب القائمة على عائلته وأصدقائه.""",1
"""خلال تعليقه على تصويت الجمعية العامة بأغلبية كبيرة على منح السلطة الفلسطينية العضوية الكاملة في مجلس الأمن، قال السفير الفلسطيني لدى المملكة المتحدة، حسام زملط إن """"إن ذلك لا يمثل خطوة رمزيًة فحسب، بل فعلية، وتمثل إرادة شعوب العالم"""".""",1
"""حصلت شبكة CNN على مقطع فيديو من شاهد عيان، يُظهر المشتبه به في إطلاق النار المميت على اثنين من موظفي السفارة الإسرائيلية وهو يصرخ """"الحرية لفلسطين""""، أثناء احتجازه داخل المتحف اليهودي في العاصمة، واشنطن، مساء الأربعاء.""",1
"""أفادت الشرطة البريطانية أنّها اعتقلت رجلاً تسلق برج ساعة """"بيغ بن"""" التاريخي رافعًا العلم الفلسطيني، وتمسّك الرجل، الذي كان حافي القدمين، ويرتدي ملابس سوداء بالكامل، بجانب البرج لعدة ساعات بينما حاول طاقم الإطفاء التحدث معه.""",1
"""لطالما كان فن التطريز الفلسطيني جزءًا من حياة الشابة زين المصري، مع نشأتها في منزلٍ مليء بالأثاث واللوحات المزينة بأنماط التطريز المتنوعة والزاهية.",1
"في عام 2021، قررت المصري، وهي فلسطينية الأصل، الربط بين شغفها في التطريز وخلفيتها في مجال التكنولوجيا، وإطلاق منصة """"Tirazain"""" (طرازين) عبر الإنترنت لإنشاء سجل رقمي لفن التطريز الفلسطيني الموروث عبر الأجيال، والذي يتعرض لمخاطر تهدد ببقاء استمراريته، وفقًا للموقع الرسمي لمنظمة اليونسكو.""",1
"""كان حاكم ولاية أركنساس السابق مايك هاكابي، الذي أعلن الرئيس الأمريكي المنتخب، دونالد ترامب، الثلاثاء، أنه مرشحه لمنصب السفير الأمريكي إلى إسرائيل، قد قال في الماضي، كما يكشف مقطع فيديو من عام 2008، إنه """"لا يوجد شيء اسمه فلسطيني"""" وأن الأمر """"أداة سياسية لمحاولة إجبار إسرائيل على التخلي عن أرضها"""". لدى أندرو كاتشينسكي، كبير محرري KFILE في شبكة CNN، المزيد من التفاصيل.""",1
"""قال وزير الخارجية السعودي الأمير فيصل بن فرحان إن """"إن إنشاء دولة فلسطينية لا يتعلق بما إذا كانت إسرائيل تقبل أم لا، بل إنه مرتبط بمبادئ القانون الدولي"""".مضيفًا أن """"قرارات الأمم المتحدة التي أدت إلى إنشاء دولة إسرائيل كانت تهدف بوضوح إلى إقامة دولة فلسطينية أيضًا، لذا يتعين علينا أن نجعل ذلك يحدث.""""""",1
"""قال وزير الخارجية السعودي الأمير فيصل بن فرحان إن تطبيع بلاده مع إسرائيل """"غير وارد حتى التوصل إلى حل بشأن إقامة الدولة الفلسطينية"""" مضيفًا أن """"أمن كل المنطقة معرض للخطر إذا لم نعالج حقوق الفلسطينيين، وإذا لم نجد طريقًا إلى مسار يقودنا إلى دولة فلسطينية"""".""",1
وجدت المصورة السلوفاكية، بيترا باسناكوفا، الألم، والهدف، والسلام في كل منعطف من رحلتها التي استمرت ثلاث سنوات مع عائلات الصحراء البدوية الفلسطينية.,1
اتُهمت امرأة تبلغ من العمر 42 عامًا في مدينة يولس بولاية تكساس الأمريكية بمحاولة القتل العمد وإصابة طفل بعد محاولتها إغراق طفلين في مسبح مجمع سكني والإدلاء بتصريحات عنصرية تجاه والدتهما الفلسطينية.,1
"""افتتح الشيف فادي قطان، مطعمًا فاخرًا بمسقط رأسه في بيت لحم بالضفة الغربية. وأصدر في الآونة الأخيرة كتاب طبخ جديد بعنوان """"بيت لحم: احتفال بالطعام الفلسطيني"""". زارت كريستيان أمانبور، كبيرة المذيعين الدوليين في CNN، مطعمه الشهير """"عكوب"""" (Akub) في لندن للحديث عن الحفاظ على الهوية الفلسطينية، في ظل استيعاب تأثير الحرب القائمة على عائلته وأصدقائه.""",1
"""خلال تعليقه على تصويت الجمعية العامة بأغلبية كبيرة على منح السلطة الفلسطينية العضوية الكاملة في مجلس الأمن، قال السفير الفلسطيني لدى المملكة المتحدة، حسام زملط إن """"إن ذلك لا يمثل خطوة رمزيًة فحسب، بل فعلية، وتمثل إرادة شعوب العالم"""".""",1
"""أفادت الشرطة البريطانية أنّها اعتقلت رجلاً تسلق برج ساعة """"بيغ بن"""" التاريخي رافعًا العلم الفلسطيني، وتمسّك الرجل، الذي كان حافي القدمين، ويرتدي ملابس سوداء بالكامل، بجانب البرج لعدة ساعات بينما حاول طاقم الإطفاء التحدث معه.""",1
"""حصلت شبكة CNN على مقطع فيديو من شاهد عيان، يُظهر المشتبه به في إطلاق النار المميت على اثنين من موظفي السفارة الإسرائيلية وهو يصرخ """"الحرية لفلسطين""""، أثناء احتجازه داخل المتحف اليهودي في العاصمة، واشنطن، مساء الأربعاء.""",1
"""أفادت الشرطة البريطانية أنّها اعتقلت رجلاً تسلق برج ساعة """"بيغ بن"""" التاريخي رافعًا العلم الفلسطيني، وتمسّك الرجل، الذي كان حافي القدمين، ويرتدي ملابس سوداء بالكامل، بجانب البرج لعدة ساعات بينما حاول طاقم الإطفاء التحدث معه.""",1
"""لطالما كان فن التطريز الفلسطيني جزءًا من حياة الشابة زين المصري، مع نشأتها في منزلٍ مليء بالأثاث واللوحات المزينة بأنماط التطريز المتنوعة والزاهية.",1
"في عام 2021، قررت المصري، وهي فلسطينية الأصل، الربط بين شغفها في التطريز وخلفيتها في مجال التكنولوجيا، وإطلاق منصة """"Tirazain"""" (طرازين) عبر الإنترنت لإنشاء سجل رقمي لفن التطريز الفلسطيني الموروث عبر الأجيال، والذي يتعرض لمخاطر تهدد ببقاء استمراريته، وفقًا للموقع الرسمي لمنظمة اليونسكو.""",1
"""كان حاكم ولاية أركنساس السابق مايك هاكابي، الذي أعلن الرئيس الأمريكي المنتخب، دونالد ترامب، الثلاثاء، أنه مرشحه لمنصب السفير الأمريكي إلى إسرائيل، قد قال في الماضي، كما يكشف مقطع فيديو من عام 2008، إنه """"لا يوجد شيء اسمه فلسطيني"""" وأن الأمر """"أداة سياسية لمحاولة إجبار إسرائيل على التخلي عن أرضها"""". لدى أندرو كاتشينسكي، كبير محرري KFILE في شبكة CNN، المزيد من التفاصيل.""",1
"""قال وزير الخارجية السعودي الأمير فيصل بن فرحان إن """"إن إنشاء دولة فلسطينية لا يتعلق بما إذا كانت إسرائيل تقبل أم لا، بل إنه مرتبط بمبادئ القانون الدولي"""".مضيفًا أن """"قرارات الأمم المتحدة التي أدت إلى إنشاء دولة إسرائيل كانت تهدف بوضوح إلى إقامة دولة فلسطينية أيضًا، لذا يتعين علينا أن نجعل ذلك يحدث.""""""",1
"""قال وزير الخارجية السعودي الأمير فيصل بن فرحان إن تطبيع بلاده مع إسرائيل """"غير وارد حتى التوصل إلى حل بشأن إقامة الدولة الفلسطينية"""" مضيفًا أن """"أمن كل المنطقة معرض للخطر إذا لم نعالج حقوق الفلسطينيين، وإذا لم نجد طريقًا إلى مسار يقودنا إلى دولة فلسطينية"""".""",1
وجدت المصورة السلوفاكية، بيترا باسناكوفا، الألم، والهدف، والسلام في كل منعطف من رحلتها التي استمرت ثلاث سنوات مع عائلات الصحراء البدوية الفلسطينية.,1
اتُهمت امرأة تبلغ من العمر 42 عامًا في مدينة يولس بولاية تكساس الأمريكية بمحاولة القتل العمد وإصابة طفل بعد محاولتها إغراق طفلين في مسبح مجمع سكني والإدلاء بتصريحات عنصرية تجاه والدتهما الفلسطينية.,1
"""افتتح الشيف فادي قطان، مطعمًا فاخرًا بمسقط رأسه في بيت لحم بالضفة الغربية. وأصدر في الآونة الأخيرة كتاب طبخ جديد بعنوان """"بيت لحم: احتفال بالطعام الفلسطيني"""". زارت كريستيان أمانبور، كبيرة المذيعين الدوليين في CNN، مطعمه الشهير """"عكوب"""" (Akub) في لندن للحديث عن الحفاظ على الهوية الفلسطينية، في ظل استيعاب تأثير الحرب القائمة على عائلته وأصدقائه.""",1
"""خلال تعليقه على تصويت الجمعية العامة بأغلبية كبيرة على منح السلطة الفلسطينية العضوية الكاملة في مجلس الأمن، قال السفير الفلسطيني لدى المملكة المتحدة، حسام زملط إن """"إن ذلك لا يمثل خطوة رمزيًة فحسب، بل فعلية، وتمثل إرادة شعوب العالم"""".""",1
"""لطالما كان فن التطريز الفلسطيني جزءًا من حياة الشابة زين المصري، مع نشأتها في منزلٍ مليء بالأثاث واللوحات المزينة بأنماط التطريز المتنوعة والزاهية.",1
"في عام 2021، قررت المصري، وهي فلسطينية الأصل، الربط بين شغفها في التطريز وخلفيتها في مجال التكنولوجيا، وإطلاق منصة """"Tirazain"""" (طرازين) عبر الإنترنت لإنشاء سجل رقمي لفن التطريز الفلسطيني الموروث عبر الأجيال، والذي يتعرض لمخاطر تهدد ببقاء استمراريته، وفقًا للموقع الرسمي لمنظمة اليونسكو.""",1
"""كان حاكم ولاية أركنساس السابق مايك هاكابي، الذي أعلن الرئيس الأمريكي المنتخب، دونالد ترامب، الثلاثاء، أنه مرشحه لمنصب السفير الأمريكي إلى إسرائيل، قد قال في الماضي، كما يكشف مقطع فيديو من عام 2008، إنه """"لا يوجد شيء اسمه فلسطيني"""" وأن الأمر """"أداة سياسية لمحاولة إجبار إسرائيل على التخلي عن أرضها"""". لدى أندرو كاتشينسكي، كبير محرري KFILE في شبكة CNN، المزيد من التفاصيل.""",1
"""حصلت شبكة CNN على مقطع فيديو من شاهد عيان، يُظهر المشتبه به في إطلاق النار المميت على اثنين من موظفي السفارة الإسرائيلية وهو يصرخ """"الحرية لفلسطين""""، أثناء احتجازه داخل المتحف اليهودي في العاصمة، واشنطن، مساء الأربعاء.""",1
"""أفادت الشرطة البريطانية أنّها اعتقلت رجلاً تسلق برج ساعة """"بيغ بن"""" التاريخي رافعًا العلم الفلسطيني، وتمسّك الرجل، الذي كان حافي القدمين، ويرتدي ملابس سوداء بالكامل، بجانب البرج لعدة ساعات بينما حاول طاقم الإطفاء التحدث معه.""",1
"""لطالما كان فن التطريز الفلسطيني جزءًا من حياة الشابة زين المصري، مع نشأتها في منزلٍ مليء بالأثاث واللوحات المزينة بأنماط التطريز المتنوعة والزاهية.",1
"في عام 2021، قررت المصري، وهي فلسطينية الأصل، الربط بين شغفها في التطريز وخلفيتها في مجال التكنولوجيا، وإطلاق منصة """"Tirazain"""" (طرازين) عبر الإنترنت لإنشاء سجل رقمي لفن التطريز الفلسطيني الموروث عبر الأجيال، والذي يتعرض لمخاطر تهدد ببقاء استمراريته، وفقًا للموقع الرسمي لمنظمة اليونسكو.""",1
"""كان حاكم ولاية أركنساس السابق مايك هاكابي، الذي أعلن الرئيس الأمريكي المنتخب، دونالد ترامب، الثلاثاء، أنه مرشحه لمنصب السفير الأمريكي إلى إسرائيل، قد قال في الماضي، كما يكشف مقطع فيديو من عام 2008، إنه """"لا يوجد شيء اسمه فلسطيني"""" وأن الأمر """"أداة سياسية لمحاولة إجبار إسرائيل على التخلي عن أرضها"""". لدى أندرو كاتشينسكي، كبير محرري KFILE في شبكة CNN، المزيد من التفاصيل.""",1
"""قال وزير الخارجية السعودي الأمير فيصل بن فرحان إن """"إن إنشاء دولة فلسطينية لا يتعلق بما إذا كانت إسرائيل تقبل أم لا، بل إنه مرتبط بمبادئ القانون الدولي"""".مضيفًا أن """"قرارات الأمم المتحدة التي أدت إلى إنشاء دولة إسرائيل كانت تهدف بوضوح إلى إقامة دولة فلسطينية أيضًا، لذا يتعين علينا أن نجعل ذلك يحدث.""""""",1
"""قال وزير الخارجية السعودي الأمير فيصل بن فرحان إن تطبيع بلاده مع إسرائيل """"غير وارد حتى التوصل إلى حل بشأن إقامة الدولة الفلسطينية"""" مضيفًا أن """"أمن كل المنطقة معرض للخطر إذا لم نعالج حقوق الفلسطينيين، وإذا لم نجد طريقًا إلى مسار يقودنا إلى دولة فلسطينية"""".""",1
وجدت المصورة السلوفاكية، بيترا باسناكوفا، الألم، والهدف، والسلام في كل منعطف من رحلتها التي استمرت ثلاث سنوات مع عائلات الصحراء البدوية الفلسطينية.,1
اتُهمت امرأة تبلغ من العمر 42 عامًا في مدينة يولس بولاية تكساس الأمريكية بمحاولة القتل العمد وإصابة طفل بعد محاولتها إغراق طفلين في مسبح مجمع سكني والإدلاء بتصريحات عنصرية تجاه والدتهما الفلسطينية.,1
"""افتتح الشيف فادي قطان، مطعمًا فاخرًا بمسقط رأسه في بيت لحم بالضفة الغربية. وأصدر في الآونة الأخيرة كتاب طبخ جديد بعنوان """"بيت لحم: احتفال بالطعام الفلسطيني"""". زارت كريستيان أمانبور، كبيرة المذيعين الدوليين في CNN، مطعمه الشهير """"عكوب"""" (Akub) في لندن للحديث عن الحفاظ على الهوية الفلسطينية، في ظل استيعاب تأثير الحرب القائمة على عائلته وأصدقائه.""",1
"""خلال تعليقه على تصويت الجمعية العامة بأغلبية كبيرة على منح السلطة الفلسطينية العضوية الكاملة في مجلس الأمن، قال السفير الفلسطيني لدى المملكة المتحدة، حسام زملط إن """"إن ذلك لا يمثل خطوة رمزيًة فحسب، بل فعلية، وتمثل إرادة شعوب العالم"""".""",1
"""حصلت شبكة CNN على مقطع فيديو من شاهد عيان، يُظهر المشتبه به في إطلاق النار المميت على اثنين من موظفي السفارة الإسرائيلية وهو يصرخ """"الحرية لفلسطين""""، أثناء احتجازه داخل المتحف اليهودي في العاصمة، واشنطن، مساء الأربعاء.""",1
"""أفادت الشرطة البريطانية أنّها اعتقلت رجلاً تسلق برج ساعة """"بيغ بن"""" التاريخي رافعًا العلم الفلسطيني، وتمسّك الرجل، الذي كان حافي القدمين، ويرتدي ملابس سوداء بالكامل، بجانب البرج لعدة ساعات بينما حاول طاقم الإطفاء التحدث معه.""",1
"""لطالما كان فن التطريز الفلسطيني جزءًا من حياة الشابة زين المصري، مع نشأتها في منزلٍ مليء بالأثاث واللوحات المزينة بأنماط التطريز المتنوعة والزاهية.",1
"في عام 2021، قررت المصري، وهي فلسطينية الأصل، الربط بين شغفها في التطريز وخلفيتها في مجال التكنولوجيا، وإطلاق منصة """"Tirazain"""" (طرازين) عبر الإنترنت لإنشاء سجل رقمي لفن التطريز الفلسطيني الموروث عبر الأجيال، والذي يتعرض لمخاطر تهدد ببقاء استمراريته، وفقًا للموقع الرسمي لمنظمة اليونسكو.""",1
"""كان حاكم ولاية أركنساس السابق مايك هاكابي، الذي أعلن الرئيس الأمريكي المنتخب، دونالد ترامب، الثلاثاء، أنه مرشحه لمنصب السفير الأمريكي إلى إسرائيل، قد قال في الماضي، كما يكشف مقطع فيديو من عام 2008، إنه """"لا يوجد شيء اسمه فلسطيني"""" وأن الأمر """"أداة سياسية لمحاولة إجبار إسرائيل على التخلي عن أرضها"""". لدى أندرو كاتشينسكي، كبير محرري KFILE في شبكة CNN، المزيد من التفاصيل.""",1
"""قال وزير الخارجية السعودي الأمير فيصل بن فرحان إن """"إن إنشاء دولة فلسطينية لا يتعلق بما إذا كانت إسرائيل تقبل أم لا، بل إنه مرتبط بمبادئ القانون الدولي"""".مضيفًا أن """"قرارات الأمم المتحدة التي أدت إلى إنشاء دولة إسرائيل كانت تهدف بوضوح إلى إقامة دولة فلسطينية أيضًا، لذا يتعين علينا أن نجعل ذلك يحدث.""""""",1
"""قال وزير الخارجية السعودي الأمير فيصل بن فرحان إن تطبيع بلاده مع إسرائيل """"غير وارد حتى التوصل إلى حل بشأن إقامة الدولة الفلسطينية"""" مضيفًا أن """"أمن كل المنطقة معرض للخطر إذا لم نعالج حقوق الفلسطينيين، وإذا لم نجد طريقًا إلى مسار يقودنا إلى دولة فلسطينية"""".""",1
وجدت المصورة السلوفاكية، بيترا باسناكوفا، الألم، والهدف، والسلام في كل منعطف من رحلتها التي استمرت ثلاث سنوات مع عائلات الصحراء البدوية الفلسطينية.,1
اتُهمت امرأة تبلغ من العمر 42 عامًا في مدينة يولس بولاية تكساس الأمريكية بمحاولة القتل العمد وإصابة طفل بعد محاولتها إغراق طفلين في مسبح مجمع سكني والإدلاء بتصريحات عنصرية تجاه والدتهما الفلسطينية.,1
"""افتتح الشيف فادي قطان، مطعمًا فاخرًا بمسقط رأسه في بيت لحم بالضفة الغربية. وأصدر في الآونة الأخيرة كتاب طبخ جديد بعنوان """"بيت لحم: احتفال بالطعام الفلسطيني"""". زارت كريستيان أمانبور، كبيرة المذيعين الدوليين في CNN، مطعمه الشهير """"عكوب"""" (Akub) في لندن للحديث عن الحفاظ على الهوية الفلسطينية، في ظل استيعاب تأثير الحرب القائمة على عائلته وأصدقائه.""",1
"""خلال تعليقه على تصويت الجمعية العامة بأغلبية كبيرة على منح السلطة الفلسطينية العضوية الكاملة في مجلس الأمن، قال السفير الفلسطيني لدى المملكة المتحدة، حسام زملط إن """"إن ذلك لا يمثل خطوة رمزيًة فحسب، بل فعلية، وتمثل إرادة شعوب العالم"""".""",1
سلطت صحف إسرائيلية وعالمية الضوء على آخر تطورات الحرب الإسرائيلية على غزة وخيارات جيش الاحتلال ومخاوفه بعد فشل “الضغط العسكري” في التأثير على فصائل المقاومة، إضافة إلى ملفات اليمن وإيران وأوكرانيا.,1
في مشهد يهزّ الضمير الإنساني، يتصدر وسم “غزة تموت جوعا” منصات التواصل، حيث يتداول ناشطون عرب وأجانب صورًا ومقاطع فيديو تدمي القلوب، تظهر أطفالا ونساء وشيوخا يتزاحمون على أبواب الجمعيات الخيرية.,1
"""حصلت شبكة CNN على مقطع فيديو من شاهد عيان، يُظهر المشتبه به في إطلاق النار المميت على اثنين من موظفي السفارة الإسرائيلية وهو يصرخ """"الحرية لفلسطين""""، أثناء احتجازه داخل المتحف اليهودي في العاصمة، واشنطن، مساء الأربعاء.""",1
"""أفادت الشرطة البريطانية أنّها اعتقلت رجلاً تسلق برج ساعة """"بيغ بن"""" التاريخي رافعًا العلم الفلسطيني، وتمسّك الرجل، الذي كان حافي القدمين، ويرتدي ملابس سوداء بالكامل، بجانب البرج لعدة ساعات بينما حاول طاقم الإطفاء التحدث معه.""",1
"""لطالما كان فن التطريز الفلسطيني جزءًا من حياة الشابة زين المصري، مع نشأتها في منزلٍ مليء بالأثاث واللوحات المزينة بأنماط التطريز المتنوعة والزاهية.",1
"في عام 2021، قررت المصري، وهي فلسطينية الأصل، الربط بين شغفها في التطريز وخلفيتها في مجال التكنولوجيا، وإطلاق منصة """"Tirazain"""" (طرازين) عبر الإنترنت لإنشاء سجل رقمي لفن التطريز الفلسطيني الموروث عبر الأجيال، والذي يتعرض لمخاطر تهدد ببقاء استمراريته، وفقًا للموقع الرسمي لمنظمة اليونسكو.""",1
"""كان حاكم ولاية أركنساس السابق مايك هاكابي، الذي أعلن الرئيس الأمريكي المنتخب، دونالد ترامب، الثلاثاء، أنه مرشحه لمنصب السفير الأمريكي إلى إسرائيل، قد قال في الماضي، كما يكشف مقطع فيديو من عام 2008، إنه """"لا يوجد شيء اسمه فلسطيني"""" وأن الأمر """"أداة سياسية لمحاولة إجبار إسرائيل على التخلي عن أرضها"""". لدى أندرو كاتشينسكي، كبير محرري KFILE في شبكة CNN، المزيد من التفاصيل.""",1
"""قال وزير الخارجية السعودي الأمير فيصل بن فرحان إن """"إن إنشاء دولة فلسطينية لا يتعلق بما إذا كانت إسرائيل تقبل أم لا، بل إنه مرتبط بمبادئ القانون الدولي"""".مضيفًا أن """"قرارات الأمم المتحدة التي أدت إلى إنشاء دولة إسرائيل كانت تهدف بوضوح إلى إقامة دولة فلسطينية أيضًا، لذا يتعين علينا أن نجعل ذلك يحدث.""""""",1
"""قال وزير الخارجية السعودي الأمير فيصل بن فرحان إن تطبيع بلاده مع إسرائيل """"غير وارد حتى التوصل إلى حل بشأن إقامة الدولة الفلسطينية"""" مضيفًا أن """"أمن كل المنطقة معرض للخطر إذا لم نعالج حقوق الفلسطينيين، وإذا لم نجد طريقًا إلى مسار يقودنا إلى دولة فلسطينية"""".""",1
وجدت المصورة السلوفاكية، بيترا باسناكوفا، الألم، والهدف، والسلام في كل منعطف من رحلتها التي استمرت ثلاث سنوات مع عائلات الصحراء البدوية الفلسطينية.,1
اتُهمت امرأة تبلغ من العمر 42 عامًا في مدينة يولس بولاية تكساس الأمريكية بمحاولة القتل العمد وإصابة طفل بعد محاولتها إغراق طفلين في مسبح مجمع سكني والإدلاء بتصريحات عنصرية تجاه والدتهما الفلسطينية.,1
"""افتتح الشيف فادي قطان، مطعمًا فاخرًا بمسقط رأسه في بيت لحم بالضفة الغربية. وأصدر في الآونة الأخيرة كتاب طبخ جديد بعنوان """"بيت لحم: احتفال بالطعام الفلسطيني"""". زارت كريستيان أمانبور، كبيرة المذيعين الدوليين في CNN، مطعمه الشهير """"عكوب"""" (Akub) في لندن للحديث عن الحفاظ على الهوية الفلسطينية، في ظل استيعاب تأثير الحرب القائمة على عائلته وأصدقائه.""",1
"""خلال تعليقه على تصويت الجمعية العامة بأغلبية كبيرة على منح السلطة الفلسطينية العضوية الكاملة في مجلس الأمن، قال السفير الفلسطيني لدى المملكة المتحدة، حسام زملط إن """"إن ذلك لا يمثل خطوة رمزيًة فحسب، بل فعلية، وتمثل إرادة شعوب العالم"""".""",1
وصفت العفو الدولية -للجزيرة نت- الحملة العسكرية الإسرائيلية على غزة بأنها اتسمت “بالقصف العشوائي، والحصار الشامل، والعقاب الجماعي”، وهو ما يستدعي تفعيل آليات المساءلة الدولية بشكل فوري.,1
احتفالا بما يسمى يوم الاستقلال، الذي يرتبط بذكرى النكبة الفلسطينية، أغرق الإسرائيليون شوراع القدس بالأعلام الإسرائيلية وسط دعوات لجماعات الهيكل برفع العلم الإسرائيلي بشكل جماعي داخل الأقصى.,1
المجلس المركزي الفلسطيني هو هيئة دائمة منبثقة عن المجلس الوطني الفلسطيني، تأسس على عدة مراحل بدأت أولاها عام 1970، ويعد وسيطا بين المجلس الوطني واللجنة التنفيذية لمنظمة التحرير الفلسطينية.,1
في مشهد يهزّ الضمير الإنساني، يتصدر وسم “غزة تموت جوعا” منصات التواصل، حيث يتداول ناشطون عرب وأجانب صورًا ومقاطع فيديو تدمي القلوب، تظهر أطفالا ونساء وشيوخا يتزاحمون على أبواب الجمعيات الخيرية.,1
"اقتحمت قوات الاحتلال الإسرائيلي، مساء الجمعة، عدة بلدات ومدن بالضفة الغربية، واعتقلت عددا من الفلسطينيين. كما أفادت مصادر للجزيرة بأن الاحتلال اعتقل جميع أفراد عائلة منفّذ عملية الطعن في القدأفادت الشرطة البريطانية أنّها اعتقلت رجلاً تسلق برج ساعة """"بيغ بن"""" التاريخي رافعًا العلم الفلسطيني، وتمسّك الرجل، الذي كان حافي القدمين، ويرتدي ملابس سوداء بالكامل، بجانب البرج لعدة ساعات بينما حاول طاقم الإطفاء التحدث معه.""",1
"""لطالما كان فن التطريز الفلسطيني جزءًا من حياة الشابة زين المصري، مع نشأتها في منزلٍ مليء بالأثاث واللوحات المزينة بأنماط التطريز المتنوعة والزاهية.",1
"في عام 2021، قررت المصري، وهي فلسطينية الأصل، الربط بين شغفها في التطريز وخلفيتها في مجال التكنولوجيا، وإطلاق منصة """"Tirazain"""" (طرازين) عبر الإنترنت لإنشاء سجل رقمي لفن التطريز الفلسطيني الموروث عبر الأجيال، والذي يتعرض لمخاطر تهدد ببقاء استمراريته، وفقًا للموقع الرسمي لمنظمة اليونسكو.""",1
"""كان حاكم ولاية أركنساس السابق مايك هاكابي، الذي أعلن الرئيس الأمريكي المنتخب، دونالد ترامب، الثلاثاء، أنه مرشحه لمنصب السفير الأمريكي إلى إسرائيل، قد قال في الماضي، كما يكشف مقطع فيديو من عام 2008، إنه """"لا يوجد شيء اسمه فلسطيني"""" وأن الأمر """"أداة سياسية لمحاولة إجبار إسرائيل على التخلي عن أرضها"""". لدى أندرو كاتشينسكي، كبير محرري KFILE في شبكة CNN، المزيد من التفاصيل.""",1
"""قال وزير الخارجية السعودي الأمير فيصل بن فرحان إن """"إن إنشاء دولة فلسطينية لا يتعلق بما إذا كانت إسرائيل تقبل أم لا، بل إنه مرتبط بمبادئ القانون الدولي"""".مضيفًا أن """"قرارات الأمم المتحدة التي أدت إلى إنشاء دولة إسرائيل كانت تهدف بوضوح إلى إقامة دولة فلسطينية أيضًا، لذا يتعين علينا أن نجعل ذلك يحدث.""""""",1
"""قال وزير الخارجية السعودي الأمير فيصل بن فرحان إن تطبيع بلاده مع إسرائيل """"غير وارد حتى التوصل إلى حل بشأن إقامة الدولة الفلسطينية"""" مضيفًا أن """"أمن كل المنطقة معرض للخطر إذا لم نعالج حقوق الفلسطينيين، وإذا لم نجد طريقًا إلى مسار يقودنا إلى دولة فلسطينية"""".""",1
وجدت المصورة السلوفاكية، بيترا باسناكوفا، الألم، والهدف، والسلام في كل منعطف من رحلتها التي استمرت ثلاث سنوات مع عائلات الصحراء البدوية الفلسطينية.,1
اتُهمت امرأة تبلغ من العمر 42 عامًا في مدينة يولس بولاية تكساس الأمريكية بمحاولة القتل العمد وإصابة طفل بعد محاولتها إغراق طفلين في مسبح مجمع سكني والإدلاء بتصريحات عنصرية تجاه والدتهما الفلسطينية.,1
"""افتتح الشيف فادي قطان، مطعمًا فاخرًا بمسقط رأسه في بيت لحم بالضفة الغربية. وأصدر في الآونة الأخيرة كتاب طبخ جديد بعنوان """"بيت لحم: احتفال بالطعام الفلسطيني"""". زارت كريستيان أمانبور، كبيرة المذيعين الدوليين في CNN، مطعمه الشهير """"عكوب"""" (Akub) في لندن للحديث عن الحفاظ على الهوية الفلسطينية، في ظل استيعاب تأثير الحرب القائمة على عائلته وأصدقائه.""",1
"""خلال تعليقه على تصويت الجمعية العامة بأغلبية كبيرة على منح السلطة الفلسطينية العضوية الكاملة في مجلس الأمن، قال السفير الفلسطيني لدى المملكة المتحدة، حسام زملط إن """"إن ذلك لا يمثل خطوة رمزيًة فحسب، بل فعلية، وتمثل إرادة شعوب العالم"""".""",1
صدر قرار للأمم المتحدة يؤيد العضوية الفلسطينية بتأييد ساحق، الجمعة، ومنح امتيازات جديدة للسلطة الفلسطينية بصفتها الحالية كدولة مراقب غير عضو,1
س.,1
أكد الرئيس الأميركي دونالد ترامب، مساء الجمعة، أن قطاع غزة ينبغي أن يصبح “منطقة حرية”، وأن الوضع فيه كان سيئا لسنوات.,1
ذكرت قناة “إن.بي.سي” نيوز الأميركية، الجمعة، نقلا عن 5 أشخاص مطلعين، أن إدارة الرئيس الأميركي دونالد ترامب تعمل على خطة لنقل ما يصل إلى مليون فلسطيني من قطاع غزة إلى ليبيا بشكل دائم.,1
في الوقت الذي كان الرئيس الأميركي دونالد ترامب يحط رحاله في جولة خليجية لافتة، كانت التقارير الصحفية تتحدث عن توتر غير مسبوق في علاقته مع رئيس الوزراء الإسرائيلي بنيامين نتنياهو.,1
في اليوم الـ61 من استئناف العدوان على غزة، استمر الاحتلال في ارتكاب مجازره بالقطاع، في حين أُصيب شرطي إسرائيلي في عملية طعن عند باب السلسلة قرب المسجد الأقصى، وسط تقارير عن استشهاد منفذ العملية.,1
رغم إقرارهم بوجود تباين بين واشنطن وتل أبيب بشأن طريقة التعامل مع بعض القضايا، استبعد محللون -تحدثوا لبرنامج “ما وراء الخبر”- أن يؤدي هذا التباين إلى خلافات إستراتيجية.,1
استشهد شاب فلسطيني بإطلاق قوات الاحتلال النار عليه؛ حيث زعمت قيامه بعملية طعن أصيب على إثرها جندي عند باب السلسلة، أحد أبواب المسجد الأقصى المبارك في البلدة القديمة بمدينة القدس المحتلة.,1
جدد مكتب الأمم المتحدة لحقوق الإنسان في الأراضي الفلسطينية المحتلة دعوته إسرائيل إلى إنهاء ما سماه عمليات “القتل العبثي” في الضفة الغربية المحتلة.,1
دعت حركة المقاومة الإسلامية (حماس) اليوم الجمعة الولايات المتحدة للضغط على إسرائيل لإدخال المساعدات الإنسانية إلى قطاع غزة بعدما أطلقت الحركة سراح الجندي الإسرائيلي الأميركي عيدان ألكسندر.,1
مع الإغلاق التام للمعابر، أظهرت بيانات الجهات الصحية في غزة أن أكثر من 70 ألف طفل أُدخلوا إلى المستشفيات بسبب سوء التغذية الحاد، وأن 60 ألف طفل دون سن الخامسة يعانون من نقص شديد في العناصر الغذائية.,1
نقلت هيئة البث الإسرائيلية عن مسؤولين عسكريين كبار أن إسرائيل تسير نحو العزلة الدولية إن لم تتوصل إلى اتفاق سياسي ينهي الحرب على غزة.,1
بعد أن استهدف الاحتلال مستشفى العيون في غزة ودمر الأجهزة الحيوية داخله، تتراكم مأساة مصابين فقدوا أبصارهم، ولا يزال الآلاف ينتظرون العلاج أو مغادرة غزة لمواصلته، وسط عجز طبي حاد ونقص بالأدوات.,1
شهدت مناطق شمال قطاع غزة اليوم الجمعة موجة نزوح واسعة لمئات العائلات الفلسطينية، عقب مجازر ارتكبها الجيش الإسرائيلي أسفرت عن استشهاد ما لا يقل عن 100 شخص.,1
أفادت السلطات الصحية في غزة باستشهاد 115 فلسطينيا وإصابة أكثر من 200 في مجازر الاحتلال الإسرائيلي على القطاع منذ فجر اليوم، في حين كشفت صحيفة إسرائيلية عن معدل قياسي للغارات على القطاع.,1
"أفادت الشرطة البريطانية أنّها اعتقلت رجلاً تسلق برج ساعة """"بيغ بن"""" التاريخي رافعًا العلم الفلسطيني، وتمسّك الرجل، الذي كان حافي القدمين، ويرتدي ملابس سوداء بالكامل، بجانب البرج لعدة ساعات بينما حاول طاقم الإطفاء التحدث معه.""",1
"""لطالما كان فن التطريز الفلسطيني جزءًا من حياة الشابة زين المصري، مع نشأتها في منزلٍ مليء بالأثاث واللوحات المزينة بأنماط التطريز المتنوعة والزاهية.",1
"في عام 2021، قررت المصري، وهي فلسطينية الأصل، الربط بين شغفها في التطريز وخلفيتها في مجال التكنولوجيا، وإطلاق منصة """"Tirazain"""" (طرازين) عبر الإنترنت لإنشاء سجل رقمي لفن التطريز الفلسطيني الموروث عبر الأجيال، والذي يتعرض لمخاطر تهدد ببقاء استمراريته، وفقًا للموقع الرسمي لمنظمة اليونسكو.""",1
"""كان حاكم ولاية أركنساس السابق مايك هاكابي، الذي أعلن الرئيس الأمريكي المنتخب، دونالد ترامب، الثلاثاء، أنه مرشحه لمنصب السفير الأمريكي إلى إسرائيل، قد قال في الماضي، كما يكشف مقطع فيديو من عام 2008، إنه """"لا يوجد شيء اسمه فلسطيني"""" وأن الأمر """"أداة سياسية لمحاولة إجبار إسرائيل على التخلي عن أرضها"""". لدى أندرو كاتشينسكي، كبير محرري KFILE في شبكة CNN، المزيد من التفاصيل.""",1
"""قال وزير الخارجية السعودي الأمير فيصل بن فرحان إن """"إن إنشاء دولة فلسطينية لا يتعلق بما إذا كانت إسرائيل تقبل أم لا، بل إنه مرتبط بمبادئ القانون الدولي"""".مضيفًا أن """"قرارات الأمم المتحدة التي أدت إلى إنشاء دولة إسرائيل كانت تهدف بوضوح إلى إقامة دولة فلسطينية أيضًا، لذا يتعين علينا أن نجعل ذلك يحدث.""""""",1
"""قال وزير الخارجية السعودي الأمير فيصل بن فرحان إن تطبيع بلاده مع إسرائيل """"غير وارد حتى التوصل إلى حل بشأن إقامة الدولة الفلسطينية"""" مضيفًا أن """"أمن كل المنطقة معرض للخطر إذا لم نعالج حقوق الفلسطينيين، وإذا لم نجد طريقًا إلى مسار يقودنا إلى دولة فلسطينية"""".""",1
وجدت المصورة السلوفاكية، بيترا باسناكوفا، الألم، والهدف، والسلام في كل منعطف من رحلتها التي استمرت ثلاث سنوات مع عائلات الصحراء البدوية الفلسطينية.,1
اتُهمت امرأة تبلغ من العمر 42 عامًا في مدينة يولس بولاية تكساس الأمريكية بمحاولة القتل العمد وإصابة طفل بعد محاولتها إغراق طفلين في مسبح مجمع سكني والإدلاء بتصريحات عنصرية تجاه والدتهما الفلسطينية.,1
"""افتتح الشيف فادي قطان، مطعمًا فاخرًا بمسقط رأسه في بيت لحم بالضفة الغربية. وأصدر في الآونة الأخيرة كتاب طبخ جديد بعنوان """"بيت لحم: احتفال بالطعام الفلسطيني"""". زارت كريستيان أمانبور، كبيرة المذيعين الدوليين في CNN، مطعمه الشهير """"عكوب"""" (Akub) في لندن للحديث عن الحفاظ على الهوية الفلسطينية، في ظل استيعاب تأثير الحرب القائمة على عائلته وأصدقائه.""",1
"""خلال تعليقه على تصويت الجمعية العامة بأغلبية كبيرة على منح السلطة الفلسطينية العضوية الكاملة في مجلس الأمن، قال السفير الفلسطيني لدى المملكة المتحدة، حسام زملط إن """"إن ذلك لا يمثل خطوة رمزيًة فحسب، بل فعلية، وتمثل إرادة شعوب العالم"""".""",1
صدر قرار للأمم المتحدة يؤيد العضوية الفلسطينية بتأييد ساحق، الجمعة، ومنح امتيازات جديدة للسلطة الفلسطينية بصفتها الحالية كدولة مراقب غير عضو,1
يرى الخبير العسكري والإستراتيجي اللواء فايز الدويري أن اللواء احتياط بالجيش الإسرائيلي يسرائيل زيف قدم نصيحة لرئيس الأركان الحالي إيال زامير بأن المقاومة الفلسطينية بغزة غيرت من مقاربتها القتالية.,1
طالب قادة العديد من الجماعات السياسية في البرلمان الأوروبي اليوم السبت، إسرائيل بالاستئناف الفوري لإدخال المساعدات الإنسانية إلى قطاع غزة الذي يواجه المجاعة نتيجة الحصار الذي تفرضه عليه.,1
يقول رئيس بلدية بيت حانون إن تدمير جميع المساحات الزراعية فيها ومنع المزارعين من الوصول إليها شكّلا أحد الأسباب التي أدت إلى انتشار المجاعة بين سكان قطاع غزة، وفقدوا على إثرها الغذاء الصحي.,1
نشرت كتائب القسام -الجناح العسكري لحركة المقاومة الإسلامية (حماس)- مقطعا مسجلا للأسير الإسرائيلي رقم 21، أكد فيه أن زميله رقم 22 يعيش وضعا صحيا ونفسيا صعبا.,1
قصفت قوات الاحتلال الإسرائيلي -اليوم السبت- مدرسة وخياما تؤوي نازحين في قطاع غزة مما أسفر عن عديد الشهداء والجرحى.,1
أكد المسؤول السابق للسياسة الخارجية والأمن للاتحاد الأوروبي جوزيب بوريل أن إسرائيل ترتكب إبادة جماعية بغزة، وأن نصف القنابل التي تسقط على القطاع مصدرها أوروبا.,1
كشف النائب في الكنيست الإسرائيلي عوفر كاسيف عن جذور الخطة الإسرائيلية للسيطرة على الأراضي الفلسطينية، موضحا أن هذه الخطة لم تُولد بعد أحداث 7 أكتوبر/تشرين الأول 2023، بل تعود إلى عام 2017.,1
ندد ناشطون معارضون للحرب على غزة أمام مقر الخارجية البريطانية بموقف الحكومة البريطانية من الحرب.,1
شن جيش الاحتلال الإسرائيلي فجر اليوم السبت حملة اقتحامات بمناطق متفرقة من الضفة الغربية المحتلة، تخللتها مداهمة عدة منازل واعتقال نحو 8 فلسطينيين، بينهم سيدة.,1
في ذروة الإبادة الجماعية التي ترتكبها إسرائيل ضد الفلسطينيين بقطاع غزة، لم يتوقع مؤسسو “طوارئ فلسطين” أن يكون إسكات جمعيتهم أولوية لدى السلطات الفرنسية.,1
حذرت الأمم المتحدة من استخدام إسرائيل للمساعدات في غزة كـ”طعم” من أجل إجبار الفلسطينيين على النزوح من مناطقهم خاصة من شمال القطاع إلى جنوبه، مؤكدة عدم وجود “فشل” في توزيعها.,1
استشهد 7 فلسطينيين، بينهم 5 من عائلة واحدة، وأصيب آخرون -فجر اليوم السبت- إثر قصف إسرائيلي متفرق على قطاع غزة الذي يتعرض لإبادة منذ 19 شهرا، في حين يهدد الجوع حياة عشرات الآلاف من الأطفال.,1
شهدت بلدة العيزرية في مدينة القدس -وفقا لروايات تاريخية- معجزة إحياء المسيح عيسى عليه السلام صديقه أليعازر، وأدى ذلك إلى بناء كنيسة وقلاع حول القبر جعلاه مقصدا سياحيا مهما للمسيحيين.,1
المجلس التشريعي الفلسطيني هو الاسم الرسمي للبرلمان الفلسطيني الذي تشكل بعد اتفاقية أوسلو عام 1993، وقد سبقت ذلك محاولات لإنشاء هيئة تشريعية فلسطينية حديثة، كانت أولاها إبان الانتداب البريطاني.,1
"""""""فوز ترامب يُعد نافذة تاريخية للتطبيع مع السعودية""""- إسرائيل هيوم""",1
"""قصف """"عنيف"""" يطال مستشفى كمال عدوان شمالي قطاع غزة، وعملية أمنية ضد """"لصوص المساعدات"""" تودي بحياة العشرات """,1
"""مقتل ضابط وجندي إسرائيليين في معارك شمال غزة، والبابا يتطرق للمرة الأولى إلى اتهامات بـ""""الإبادة الجماعية"""" في غزة""",1
هل تشير اختيارات ترامب إلى سياساته المستقبلية في الشرق الأوسط؟,1
غارتان إسرائيليتان على العاصمة بيروت، وحزب الله يؤكد مقتل المتحدث باسمه محمد عفيف,1
"""""""أوروبا أصبحت أرضاً معادية للإسرائيليين"""" – يديعوت أحرونوت""",1
مدير مكتب نتنياهو يخضع للتحقيق بشأن مزاعم تغيير معلومات تتعلق بهجوم 7 أكتوبر,1
محمود الهباش في بلا قيود: موقفنا من أي إدارة أمريكية  يعتمد على موقفها من قضيتنا,1
"""""""وسائل الإعلام الإسرائيلية جزء من الجيش"""" – هآرتس""",1
ماذا تكشف ترشيحات ترامب عن خططه تجاه الشرق الأوسط؟,1
البيان الختامي لقمة الرياض يحذر من خطورة التصعيد الذي يعصف بالمنطقة وتبعاته الإقليمية والدولية,1
"""""""قوافل الإغاثة الداخلة لقطاع غزة تتعرّض للنهب تحت سمع وبصر قوات إسرائيلية""""-  هآرتس""",1
"""حرائق إثر سقوط """"شظايا صواريخ"""" في إسرائيل، وحزب الله ينفي """"تراجع مخزون صواريخه""""""",1
"""فيديو, هل غيّرت الحرب في غزة ولبنان التوجهات السياسية للعرب في أمريكا؟, المدة 4,06""",1
"""نتنياهو يقر بعملية """"البيجر"""" بلبنان، ويقول إنه لم يستمع للتحذيرات""",1
"""قتلى ومصابون في قصف """"إسرائيلي"""" لـ """"مبنى سكني"""" في ريف دمشق بسوريا""",1
"""""""ترامب سيأتي بالتطبيع مرة أخرى إلى الشرق الأوسط"""" - جيروزاليم بوست""",1
الأطراف الصناعية سهلة التركيب تمنح الأمل لآلاف مبتوري الأطراف في غزة,1
الخارجية القطرية: جهود الوساطة بين إسرائيل وحماس معلقة في الوقت الحالي,1
فتوى دينية من غزة تدين هجوم حماس على إسرائيل في السابع من أكتوبر,1
إصابة مشجعين إسرائيليين لكرة القدم في اشتباكات مع محتجين مؤيدين للفلسطينيين في هولندا,1
الأمم المتحدة: 70 في المئة من ضحايا الحرب في غزة من النساء والأطفال,1
"""""""هل يُوقف دونالد ترامب الحروب في الشرق الأوسط؟"""" – الإيكونوميست""",1
"""حراك شعبي لأول مرة في غزة تحت شعار """"لا للاحتكار وجشع التجار""""""",1
مقتل وإصابة العشرات في قصف إسرائيلي لمدرسة تؤوي نازحين في قطاع غزة,1
"""فيديو, ماذا يعني فوز دونالد ترامب للعالم؟, المدة 2,41""",1
لازاريني في بلا قيود: هناك محاولات إسرائيلية  للقضاء على الأونروا وتفكيكها,1
"""مقتل 20 شخصاً في غارة إسرائيلية على بلدة برجا جنوب بيروت، ونداءات أممية لـ""""تلبية الاحتياجات العاجلة"""" للمتضررين""",1
"""بعد إقالته من منصب وزير الدفاع، غالانت يدعو لإعادة الرهائن """"أحياء""""، والوزير الجديد يتعهد بـ""""هزيمة الأعداء""""""",1
الانتخابات الأمريكية قد تُغير العالم، إليكم كيف!,1
"""الحرب في شمال غزة: """"ما يحدث الآن لا يقارن بما حدث في أول الحرب""""""",1
"""حزب الله يستهدف إسرائيل بـ """"90 صاروخاً""""، والجيش الإسرائيلي يعلن مقتل قيادي كبير في الحزب""",1
"""فيديو, سفينة حربية إسرائيلية تعبر قناة السويس وهيئة القناة ترد بعد جدل واسع.. فما هي معاهدة القسطنطينية الملزمة؟, المدة 4,16""",1
إسرائيل تخطر الأمم المتحدة بإلغاء الاتفاقية مع الأونروا,1
""" واشنطن تسلم """"مقترح هدنة بين حزب الله وإسرائيل"""" إلى رئيس مجلس النواب اللبناني """,1
لماذا لا تستطيع قطر كوسيط إبرام اتفاق لوقف إطلاق النار بين إسرائيل وحماس؟,1
كيف تفاعل مستخدمو مواقع التواصل الاجتماعي مع دعم مهرجان القاهرة السينمائي لغزة؟,1
"""حرب غزة: لماذا تستمر إسرائيل في ارتكاب أفعال تصفها الأمم المتحدة ومنظمات حقوقية بأنها """"إبادة جماعية"""" و""""جريمة حرب""""؟""",1
ما لا تقتله الصواريخ فوراً، قد تقتله ولو بعد حين,1
"""اتهامات أممية وحقوقية لإسرائيل بأن ممارساتها خلال حرب غزة """"تتسق مع خصائص الإبادة الجماعية"""" وترقى إلى """"جريمة حرب""""""",1
"""""""إدارة ترامب الجديدة تدفع بعجلة العد التنازلي نحو نهاية إسرائيل الديمقراطية"""" - هآرتس""",1
"""فيديو, أوسلو، النقطة الأقرب للسلام بين الفلسطينيين والإسرائيليين: كيف بدأت وأين وصلت؟, """,1
"""""""خاتم زوجتي أنقذني"""": سوريون يفرون من لبنان ليواجهوا الاعتقال والموت في وطنهم""",1
"""""""إسرائيل تهدف إلى ضم شمال غزة"""" - الغارديان""",1
"""بلينكن يدعو إلى """"هدنة إنسانية طويلة"""" في غزة لإيصال المساعدات، والجيش الإسرائيلي يواصل غاراته على القطاع""",1
"""الجيش الإسرائيلي يعلن فتح معبر جديد لدخول المساعدات إلى غزة، ومقتل """"عشرات الفلسطينيين"""" مع استمرار القصف""",1
"""فيديو, في ثلاث دقائق، أهم لحظات القمة العربية والإسلامية غير العادية في الرياض,""",1
"""أي موقع محتمل لليمن في خارطة """"شرق أوسط جديد""""؟""",1
وصفت العفو الدولية -للجزيرة نت- الحملة العسكرية الإسرائيلية على غزة بأنها اتسمت “بالقصف العشوائي، والحصار الشامل، والعقاب الجماعي”، وهو ما يستدعي تفعيل آليات المساءلة الدولية بشكل فوري.,1
احتفالا بما يسمى يوم الاستقلال، الذي يرتبط بذكرى النكبة الفلسطينية، أغرق الإسرائيليون شوراع القدس بالأعلام الإسرائيلية وسط دعوات لجماعات الهيكل برفع العلم الإسرائيلي بشكل جماعي داخل الأقصى.,1
المجلس المركزي الفلسطيني هو هيئة دائمة منبثقة عن المجلس الوطني الفلسطيني، تأسس على عدة مراحل بدأت أولاها عام 1970، ويعد وسيطا بين المجلس الوطني واللجنة التنفيذية لمنظمة التحرير الفلسطينية.,1
في مشهد يعيد إلى الأذهان أهوال التاريخ، تتقاطع مآسي حرب فيتنام مع الكارثة الإنسانية التي تعصف بقطاع غزة اليوم.,1
نفذت قوات الاحتلال الإسرائيلي فجر اليوم الأربعاء والليلة الماضية حملة اعتقالات خلال اقتحامات جديدة لمدن وبلدات في الضفة الغربية، بينما اقتحم مستوطنون مجددا المسجد الأقصى.,1
حذر الأمين العام للأمم المتحدة أنطونيو غوتيريش أمس الثلاثاء من أن الشرق الأوسط في مفترق طرق حرج، ومن أن حل الدولتين معرض لخطر التلاشي.,1
استشهد 3 أشخاص فجر اليوم الأربعاء في قطاع غزة، ليرتفع عدد الشهداء خلال الـ24 ساعة الماضية إلى 40 شهيدا، علاوة على عدد آخر من المصابين، جراء العدوان الإسرائيلي المستمر منذ استئنافه قبل 44 يوما.,1
وصف أجيت سونغاي مدير مكتب المفوضية الأممية لحقوق الإنسان بالأراضي الفلسطينية ما يجري في قطاع غزة بأنه غير مسبوق، وقال للجزيرة إن إسرائيل لا تفي بالتزاماتها بموجب القانون.,1
لم تعد إسرائيل مهتمة بالانتقادات الدولية المتزايدة بسبب التجويع الممنهج الذي تمارسه ضد الفلسطينيين بقطاع غزة، ولكنها تبحث عن طريقة لاستخدام المساعدات في تحقيق أهدافها العسكرية، برأي خبراء.,1
تتفاقم أزمة الجوع في قطاع غزة، تاركة معها تداعيات خطيرة، وهو ما تظهره أرقام عرضتها قناة الجزيرة.,1
توجد في قطاع غزة 8 معابر تمتد من الشمال إلى الجنوب، أبرزها كرم أبو سالم في جنوب شرق غزة، الذي كانت تمر عبره نحو 60% من البضائع. وأغلق الاحتلال الإسرائيلي المعابر، ومنها معبرا رفح وصلاح الدين.,1
في اليوم الـ44 من استئناف العدوان على غزة، يستمر الاحتلال الإسرائيلي في قصف مناطق مختلفة في قطاع غزة، حيث أفادت مصادر طبية للجزيرة بسقوط 21 شهيدا، 14 منهم وسط القطاع.,1
أكد المدير العام لوزارة الصحة في قطاع غزة الدكتور منير البرش أن قطاع غزة يعاني من أزمة كبيرة جدا جراء منع الاحتلال الإسرائيلي الماء والغذاء عن الأهالي.,1
في مشهد يعيد إلى الأذهان أهوال التاريخ، تتقاطع مآسي حرب فيتنام مع الكارثة الإنسانية التي تعصف بقطاع غزة اليوم.,1
نفذت قوات الاحتلال الإسرائيلي فجر اليوم الأربعاء والليلة الماضية حملة اعتقالات خلال اقتحامات جديدة لمدن وبلدات في الضفة الغربية، بينما اقتحم مستوطنون مجددا المسجد الأقصى.,1
حذر الأمين العام للأمم المتحدة أنطونيو غوتيريش أمس الثلاثاء من أن الشرق الأوسط في مفترق طرق حرج، ومن أن حل الدولتين معرض لخطر التلاشي.,1
استشهد 3 أشخاص فجر اليوم الأربعاء في قطاع غزة، ليرتفع عدد الشهداء خلال الـ24 ساعة الماضية إلى 40 شهيدا، علاوة على عدد آخر من المصابين، جراء العدوان الإسرائيلي المستمر منذ استئنافه قبل 44 يوما.,1
وصف أجيت سونغاي مدير مكتب المفوضية الأممية لحقوق الإنسان بالأراضي الفلسطينية ما يجري في قطاع غزة بأنه غير مسبوق، وقال للجزيرة إن إسرائيل لا تفي بالتزاماتها بموجب القانون.,1
لم تعد إسرائيل مهتمة بالانتقادات الدولية المتزايدة بسبب التجويع الممنهج الذي تمارسه ضد الفلسطينيين بقطاع غزة، ولكنها تبحث عن طريقة لاستخدام المساعدات في تحقيق أهدافها العسكرية، برأي خبراء.,1
تتفاقم أزمة الجوع في قطاع غزة، تاركة معها تداعيات خطيرة، وهو ما تظهره أرقام عرضتها قناة الجزيرة.,1
توجد في قطاع غزة 8 معابر تمتد من الشمال إلى الجنوب، أبرزها كرم أبو سالم في جنوب شرق غزة، الذي كانت تمر عبره نحو 60% من البضائع. وأغلق الاحتلال الإسرائيلي المعابر، ومنها معبرا رفح وصلاح الدين.,1
في اليوم الـ44 من استئناف العدوان على غزة، يستمر الاحتلال الإسرائيلي في قصف مناطق مختلفة في قطاع غزة، حيث أفادت مصادر طبية للجزيرة بسقوط 21 شهيدا، 14 منهم وسط القطاع.,1
أكد المدير العام لوزارة الصحة في قطاع غزة الدكتور منير البرش أن قطاع غزة يعاني من أزمة كبيرة جدا جراء منع الاحتلال الإسرائيلي الماء والغذاء عن الأهالي.,1
استرجع بعض الفلسطينيين -مع الجزيرة نت- عبر الفيلم الوثائقي “الحاكم العسكري” ما عايشوه من قمع وانتهاكات مختلفة خلال النكبة وأكدوا أن سياسات الاحتلال مستمرة اليوم بأوجه متعددة تستهدف الوجود الفلسطيني.,1
استنكرت حركة الجهاد الإسلامي بشدة الاجتماع الذي عقدته مؤخرا منظمة التحرير في رام الله، ودانت العبارات النابية التي استخدمها الرئيس محمود عباس بحق المقاومة، قائلة إنه يتماهى مع رواية الاحتلال.,1
أصدر رئيس الوزراء الإسرائيلي تعزية متأخرة في وفاة البابا فرانشيسكو، في حين أوعزت وزارة الخارجية لسفراء إسرائيل في العالم بعدم التوقيع على دفاتر العزاء بسفارات الفاتيكان، بسبب مواقفه الرافضة للإبادة.,1
اهتمت صحف عالمية بآخر مستجدات الحرب الإسرائيلية على قطاع غزة، الذي يواجه حصارا خانقا منذ مطلع الشهر الماضي، إضافة إلى قضايا إقليمية وعالمية أخرى.,1
تجاوز عدد الجنود القتلى للاحتلال الإسرائيلي 300 جندي منذ عملية طوفان الأقصى، وارتفعت أعداد الأسر التي فقدت أبناءها، وقد تزامن ذلك مع دعوات لوقف الحرب واعتبار البعض أن إسرائيل تغرق في وحل غزة.,1
اعتبر محللون إسرائيليون بث حركة المقاومة الإسلامية (حماس) سيلا من المقاطع المصورة لأسرى محتجزين لديها أنه يزيد الضغط الشعبي الإسرائيلي على حكومة بنيامين نتنياهو لإبرام صفقة تنهي الحرب.,1
ارتكب الجيش الإسرائيلي -فجر الجمعة- مجزرة جديدة راحت ضحيتها أسرة من 5 أفراد بخان يونس، فيما أعلنت الأونروا أن الملاجئ المكتظة في القطاع تشهد أوضاعا بالغة السوء.,1
جماعات الهيكل المتطرفة تجمع 700 توقيع على عريضة تطالب إيتمار بن غفير بإتاحة حرية اقتحام المسجد الأقصى خلال “يوم القدس” العبري أواخر مايو/أيار.,1
لاحقت الاحتجاجات وزير الأمن القومي الإسرائيلي إيتمار بن غفير خلال زيارته الولايات المتحدة، حيث منعته كُنس يهودية من إلقاء كلمة فيها، في حين تظاهر ضده طلاب الجامعات.,1
كشف تحقيق جديد لجيش الاحتلال الإسرائيلي تفاصيل ما حدث في مستوطنة نير إسحاق خلال عملية “طوفان الأقصى” يوم 7 أكتوبر/تشرين الأول 2023، والإخفاق الذي وقعت فيه قوات الجيش.,1
قال الخبير العسكري اللواء فايز الدويري إن كتائب القسام -الجناح العسكري لحركة حماس- نفذت عملية هجومية ثانية في نفس مكان كمين “كسر السيف”، وجرت في عمق “القوات المنفتحة” بالمنطقة الأمنية العازلة.,1
أثار قرار المحكمة الجنائية الدولية أمس الخميس، رفض الطلب الذي تقدمت به إسرائيل لتعليق تنفيذ مذكرتي توقيف رئيس الوزراء بنيامين نتنياهو ووزير الدفاع السابق يوآف غالانت، استياء في تل أبيب.,1
اعتقلت قوات الاحتلال الإسرائيلي عددا من الفلسطينيين بينهم أسرى محررون، في حين استمرت اقتحامات عدة مدن وقرى في الضفة الغربية المحتلة.,1
"""قال وزير الخارجية السعودي الأمير فيصل بن فرحان إن """"إن إنشاء دولة فلسطينية لا يتعلق بما إذا كانت إسرائيل تقبل أم لا، بل إنه مرتبط بمبادئ القانون الدولي"""".مضيفًا أن """"قرارات الأمم المتحدة التي أدت إلى إنشاء دولة إسرائيل كانت تهدف بوضوح إلى إقامة دولة فلسطينية أيضًا، لذا يتعين علينا أن نجعل ذلك يحدث.""""""",1
"""قال وزير الخارجية السعودي الأمير فيصل بن فرحان إن تطبيع بلاده مع إسرائيل """"غير وارد حتى التوصل إلى حل بشأن إقامة الدولة الفلسطينية"""" مضيفًا أن """"أمن كل المنطقة معرض للخطر إذا لم نعالج حقوق الفلسطينيين، وإذا لم نجد طريقًا إلى مسار يقودنا إلى دولة فلسطينية"""".""",1
وجدت المصورة السلوفاكية، بيترا باسناكوفا، الألم، والهدف، والسلام في كل منعطف من رحلتها التي استمرت ثلاث سنوات مع عائلات الصحراء البدوية الفلسطينية.,1
اتُهمت امرأة تبلغ من العمر 42 عامًا في مدينة يولس بولاية تكساس الأمريكية بمحاولة القتل العمد وإصابة طفل بعد محاولتها إغراق طفلين في مسبح مجمع سكني والإدلاء بتصريحات عنصرية تجاه والدتهما الفلسطينية.,1
"""افتتح الشيف فادي قطان، مطعمًا فاخرًا بمسقط رأسه في بيت لحم بالضفة الغربية. وأصدر في الآونة الأخيرة كتاب طبخ جديد بعنوان """"بيت لحم: احتفال بالطعام الفلسطيني"""". زارت كريستيان أمانبور، كبيرة المذيعين الدوليين في CNN، مطعمه الشهير """"عكوب"""" (Akub) في لندن للحديث عن الحفاظ على الهوية الفلسطينية، في ظل استيعاب تأثير الحرب القائمة على عائلته وأصدقائه.""",1
"""خلال تعليقه على تصويت الجمعية العامة بأغلبية كبيرة على منح السلطة الفلسطينية العضوية الكاملة في مجلس الأمن، قال السفير الفلسطيني لدى المملكة المتحدة، حسام زملط إن """"إن ذلك لا يمثل خطوة رمزيًة فحسب، بل فعلية، وتمثل إرادة شعوب العالم"""".""",1
صدر قرار للأمم المتحدة يؤيد العضوية الفلسطينية بتأييد ساحق، الجمعة، ومنح امتيازات جديدة للسلطة الفلسطينية بصفتها الحالية كدولة مراقب غير عضو,1
"""أفادت الشرطة البريطانية أنّها اعتقلت رجلاً تسلق برج ساعة """"بيغ بن"""" التاريخي رافعًا العلم الفلسطيني، وتمسّك الرجل، الذي كان حافي القدمين، ويرتدي ملابس سوداء بالكامل، بجانب البرج لعدة ساعات بينما حاول طاقم الإطفاء التحدث معه.""",1
"""لطالما كان فن التطريز الفلسطيني جزءًا من حياة الشابة زين المصري، مع نشأتها في منزلٍ مليء بالأثاث واللوحات المزينة بأنماط التطريز المتنوعة والزاهية.",1
"في عام 2021، قررت المصري، وهي فلسطينية الأصل، الربط بين شغفها في التطريز وخلفيتها في مجال التكنولوجيا، وإطلاق منصة """"Tirazain"""" (طرازين) عبر الإنترنت لإنشاء سجل رقمي لفن التطريز الفلسطيني الموروث عبر الأجيال، والذي يتعرض لمخاطر تهدد ببقاء استمراريته، وفقًا للموقع الرسمي لمنظمة اليونسكو.""",1
"""كان حاكم ولاية أركنساس السابق مايك هاكابي، الذي أعلن الرئيس الأمريكي المنتخب، دونالد ترامب، الثلاثاء، أنه مرشحه لمنصب السفير الأمريكي إلى إسرائيل، قد قال في الماضي، كما يكشف مقطع فيديو من عام 2008، إنه """"لا يوجد شيء اسمه فلسطيني"""" وأن الأمر """"أداة سياسية لمحاولة إجبار إسرائيل على التخلي عن أرضها"""". لدى أندرو كاتشينسكي، كبير محرري KFILE في شبكة CNN، المزيد من التفاصيل.""",1
الأطراف الصناعية سهلة التركيب تمنح الأمل لآلاف مبتوري الأطراف في غزة,1
الخارجية القطرية: جهود الوساطة بين إسرائيل وحماس معلقة في الوقت الحالي,1
فتوى دينية من غزة تدين هجوم حماس على إسرائيل في السابع من أكتوبر,1
إصابة مشجعين إسرائيليين لكرة القدم في اشتباكات مع محتجين مؤيدين للفلسطينيين في هولندا,1
الأمم المتحدة: 70 في المئة من ضحايا الحرب في غزة من النساء والأطفال,1
"""""""هل يُوقف دونالد ترامب الحروب في الشرق الأوسط؟"""" – الإيكونوميست""",1
"""حراك شعبي لأول مرة في غزة تحت شعار """"لا للاحتكار وجشع التجار""""""",1
مقتل وإصابة العشرات في قصف إسرائيلي لمدرسة تؤوي نازحين في قطاع غزة,1
"""فيديو, ماذا يعني فوز دونالد ترامب للعالم؟, المدة 2,41""",1
لازاريني في بلا قيود: هناك محاولات إسرائيلية  للقضاء على الأونروا وتفكيكها,1
"""مقتل 20 شخصاً في غارة إسرائيلية على بلدة برجا جنوب بيروت، ونداءات أممية لـ""""تلبية الاحتياجات العاجلة"""" للمتضررين""",1
"""بعد إقالته من منصب وزير الدفاع، غالانت يدعو لإعادة الرهائن """"أحياء""""، والوزير الجديد يتعهد بـ""""هزيمة الأعداء""""""",1
الانتخابات الأمريكية قد تُغير العالم، إليكم كيف!,1
محمود الهباش في بلا قيود: موقفنا من أي إدارة أمريكية  يعتمد على موقفها من قضيتنا,1
"""""""وسائل الإعلام الإسرائيلية جزء من الجيش"""" – هآرتس""",1
ماذا تكشف ترشيحات ترامب عن خططه تجاه الشرق الأوسط؟,1
""" واشنطن تسلم """"مقترح هدنة بين حزب الله وإسرائيل"""" إلى رئيس مجلس النواب اللبناني """,1
لماذا لا تستطيع قطر كوسيط إبرام اتفاق لوقف إطلاق النار بين إسرائيل وحماس؟,1
كيف تفاعل مستخدمو مواقع التواصل الاجتماعي مع دعم مهرجان القاهرة السينمائي لغزة؟,1
"""حرب غزة: لماذا تستمر إسرائيل في ارتكاب أفعال تصفها الأمم المتحدة ومنظمات حقوقية بأنها """"إبادة جماعية"""" و""""جريمة حرب""""؟""",1
ما لا تقتله الصواريخ فوراً، قد تقتله ولو بعد حين,1
"""اتهامات أممية وحقوقية لإسرائيل بأن ممارساتها خلال حرب غزة """"تتسق مع خصائص الإبادة الجماعية"""" وترقى إلى """"جريمة حرب""""""",1
"""""""إدارة ترامب الجديدة تدفع بعجلة العد التنازلي نحو نهاية إسرائيل الديمقراطية"""" - هآرتس""",1
"""فيديو, أوسلو، النقطة الأقرب للسلام بين الفلسطينيين والإسرائيليين: كيف بدأت وأين وصلت؟, المدة 9,57""",1
"""""""خاتم زوجتي أنقذني"""": سوريون يفرون من لبنان ليواجهوا الاعتقال والموت في وطنهم""",1
"""""""إسرائيل تهدف إلى ضم شمال غزة"""" - الغارديان""",1
"""بلينكن يدعو إلى """"هدنة إنسانية طويلة"""" في غزة لإيصال المساعدات، والجيش الإسرائيلي يواصل غاراته على القطاع""",1
"""الجيش الإسرائيلي يعلن فتح معبر جديد لدخول المساعدات إلى غزة، ومقتل """"عشرات الفلسطينيين"""" مع استمرار القصف""",1
"""فيديو, في ثلاث دقائق، أهم لحظات القمة العربية والإسلامية غير العادية في الرياض, المدة 3,05""",1
"""أي موقع محتمل لليمن في خارطة """"شرق أوسط جديد""""؟""",1
البيان الختامي لقمة الرياض يحذر من خطورة التصعيد الذي يعصف بالمنطقة وتبعاته الإقليمية والدولية,1
"""""""قوافل الإغاثة الداخلة لقطاع غزة تتعرّض للنهب تحت سمع وبصر قوات إسرائيلية""""-  هآرتس""",1
"""حرائق إثر سقوط """"شظايا صواريخ"""" في إسرائيل، وحزب الله ينفي """"تراجع مخزون صواريخه""""""",1
"""فيديو, هل غيّرت الحرب في غزة ولبنان التوجهات السياسية للعرب في أمريكا؟, المدة 4,06""",1
"""نتنياهو يقر بعملية """"البيجر"""" بلبنان، ويقول إنه لم يستمع للتحذيرات""",1
"""قتلى ومصابون في قصف """"إسرائيلي"""" لـ """"مبنى سكني"""" في ريف دمشق بسوريا""",1
"""""""ترامب سيأتي بالتطبيع مرة أخرى إلى الشرق الأوسط"""" - جيروزاليم بوست""",1
"""الحرب في شمال غزة: """"ما يحدث الآن لا يقارن بما حدث في أول الحرب""""""",1
"""حزب الله يستهدف إسرائيل بـ """"90 صاروخاً""""، والجيش الإسرائيلي يعلن مقتل قيادي كبير في الحزب""",1
"""فيديو, سفينة حربية إسرائيلية تعبر قناة السويس وهيئة القناة ترد بعد جدل واسع.. فما هي معاهدة القسطنطينية الملزمة؟, المدة 4,16""",1
إسرائيل تخطر الأمم المتحدة بإلغاء الاتفاقية مع الأونروا,1
اعتقال متحدث سابق باسم رئيس الوزراء الإسرائيلي على خلفية تسريبات أمنية من مكتب نتنياهو,1
لماذا يؤجج مذيعو التلفزيون الحكومي الإيراني نيران الحرب؟,1
"""حزب الله يعلن استهداف """"قاعدتين عسكريتين إسرائيلتين""""، ونتنياهو يتوعد برد """"حازم"""" خلال زيارته للحدود الشمالية""",1
هيئة قناة السويس ترد على جدل بعد نشر مقطع فيديو يظهر عبور سفينة حربية إسرائيلية للممر المائي,1
هاريس أم ترامب: أيهما أفضل للمنطقة العربية شعوبا وحكومات؟,1
"""""""غزة اليوم"""" عام من تغطية الحرب، فكيف كانت هذه المهمة؟""",1
مباحثات في القاهرة بين حركتي فتح وحماس لبحث تشكيل هيئة جديدة لإدارة قطاع غزة بعد الحرب,1
قصف جيش الاحتلال الإسرائيلي الأحد عدة مناطق في قطاع غزة، بما فيها التي يدّعي أنها آمنة، مما أسفر عن عشرات الشهداء والجرحى.,1
استشهد مقاوم فلسطيني وأصيب طفل بجروح خطيرة، خلال مواجهات مع قوات الاحتلال الإسرائيلي في نابلس، فيما نفذ مستوطنون اعتداءات على السكان.,1
سلّطت صحيفة “مانيفستو” الإيطالية الضوء على المخاوف المتصاعدة من تنفيذ خطة إسرائيلية وشيكة لتهجير الفلسطينيين من قرى مسافر يطا جنوب الخليل، قائلة إن خطة الطرد الإسرائيلية الكبرى قد انطلقت من هناك.,1
أفادت مصادر طبية للجزيرة باستشهاد 30 فلسطينيا في قصف إسرائيلي استهدف مناطق متفرقة من قطاع غزة منذ فجر اليوم.,1
كشفت كتائب القسام الجناح العسكري لحركة المقاومة الإسلامية (حماس) تفاصيل الكمين المركب الذي نفذه مقاتلوها شرق بيت حانون شمالي قطاع غزة يوم 19 أبريل/نيسان الجاري.,1
تعطي الحرب الإسرائيلية المتجددة في غزة، إلى جانب تصريحات المسؤولين السياسيين، مؤشرات واضحة على نوايا إسرائيل تجاه القطاع، التي قد تغرس بذور صراعات جديدة.,1
أفادت هيئة شؤون الأسرى والمحررين، الأحد، باستشهاد الأسير الفلسطيني ناصر خليل ردايدة، المعتقل في سجن عوفر الإسرائيلي منذ سبتمبر/أيلول 2023.,1
قال خبيران عسكريان إن المشاهد التي بثها مقاتلو حركة المقاومة الإسلامية (حماس) “أسطورية”، وتؤكد قدرة المقاومة في قطاع غزة على تنفيذ عمليات نوعية ضد جيش الاحتلال عندما تدخل المواجهة ضمن المدى القتالي.,1
الجزيرة نت يعرض شهادات يرويها أسرى فلسطينيون بالتفاصيل التي تعرض لها أصحابها، وخلاصة تجاربهم التي أجمعوا فيها على أن سجون الاحتلال الإسرائيلي ليست مكانا للاعتقال بقدر كونها مواجهة يومية مع سجانيهم.,1
نشر الجيش الإسرائيلي اليوم الأحد نتائج ما سماه تحقيقا معمقا بشأن المجزرة التي ارتكبها الشهر الماضي بحق 15 مسعفا في رفح، وردد مزاعم سابقة بأن جنوده استهدفوهم “في ساحة قتال”.,1
تشير التطورات الميدانية إلى أن الاحتلال الإسرائيلي بدأ فعليا بضم الضفة الغربية، حيث تباشر قواته عمليات هدم وتجريف واسعة، فيما يعمل ساسة اليمين على تكريس هذا الوضع عبر سن قوانين جديدة.,1
بثت الجزيرة، اليوم الأحد، مشاهد حصرية توثق استهداف مقاتلي كتائب القسام، الجناح العسكري لحركة المقاومة الإسلامية (حماس)، آليات إسرائيلية على تخوم حي التفاح شرقي مدينة غزة.,1
بدأ الجيش الإسرائيلي خلال الحرب على غزة استخدام جرافات “روب دوزر” التي تعمل دون سائق ويمكن تشغيلها عن بُعد في محاولة لتعزيز عملياته وتقليل المخاطر على قواته.,1
قال الخبير العسكري والإستراتيجي العقيد الركن حاتم كريم الفلاحي إن فصائل المقاومة الفلسطينية في غزة وضعت ترتيبات وخططا لمواجهة الاحتلال الإسرائيلي، وهو ما يظهره كمين كتائب القسام شرق بلدة بيت حانون.,1
"أفادت الشرطة البريطانية أنّها اعتقلت رجلاً تسلق برج ساعة """"بيغ بن"""" التاريخي رافعًا العلم الفلسطيني، وتمسّك الرجل، الذي كان حافي القدمين، ويرتدي ملابس سوداء بالكامل، بجانب البرج لعدة ساعات بينما حاول طاقم الإطفاء التحدث معه.""",1
"""لطالما كان فن التطريز الفلسطيني جزءًا من حياة الشابة زين المصري، مع نشأتها في منزلٍ مليء بالأثاث واللوحات المزينة بأنماط التطريز المتنوعة والزاهية.",1
"في عام 2021، قررت المصري، وهي فلسطينية الأصل، الربط بين شغفها في التطريز وخلفيتها في مجال التكنولوجيا، وإطلاق منصة """"Tirazain"""" (طرازين) عبر الإنترنت لإنشاء سجل رقمي لفن التطريز الفلسطيني الموروث عبر الأجيال، والذي يتعرض لمخاطر تهدد ببقاء استمراريته، وفقًا للموقع الرسمي لمنظمة اليونسكو.""",1
"""كان حاكم ولاية أركنساس السابق مايك هاكابي، الذي أعلن الرئيس الأمريكي المنتخب، دونالد ترامب، الثلاثاء، أنه مرشحه لمنصب السفير الأمريكي إلى إسرائيل، قد قال في الماضي، كما يكشف مقطع فيديو من عام 2008، إنه """"لا يوجد شيء اسمه فلسطيني"""" وأن الأمر """"أداة سياسية لمحاولة إجبار إسرائيل على التخلي عن أرضها"""". لدى أندرو كاتشينسكي، كبير محرري KFILE في شبكة CNN، المزيد من التفاصيل.""",1
"""قال وزير الخارجية السعودي الأمير فيصل بن فرحان إن """"إن إنشاء دولة فلسطينية لا يتعلق بما إذا كانت إسرائيل تقبل أم لا، بل إنه مرتبط بمبادئ القانون الدولي"""".مضيفًا أن """"قرارات الأمم المتحدة التي أدت إلى إنشاء دولة إسرائيل كانت تهدف بوضوح إلى إقامة دولة فلسطينية أيضًا، لذا يتعين علينا أن نجعل ذلك يحدث.""""""",1
"""قال وزير الخارجية السعودي الأمير فيصل بن فرحان إن تطبيع بلاده مع إسرائيل """"غير وارد حتى التوصل إلى حل بشأن إقامة الدولة الفلسطينية"""" مضيفًا أن """"أمن كل المنطقة معرض للخطر إذا لم نعالج حقوق الفلسطينيين، وإذا لم نجد طريقًا إلى مسار يقودنا إلى دولة فلسطينية"""".""",1
وجدت المصورة السلوفاكية، بيترا باسناكوفا، الألم، والهدف، والسلام في كل منعطف من رحلتها التي استمرت ثلاث سنوات مع عائلات الصحراء البدوية الفلسطينية.,1
اتُهمت امرأة تبلغ من العمر 42 عامًا في مدينة يولس بولاية تكساس الأمريكية بمحاولة القتل العمد وإصابة طفل بعد محاولتها إغراق طفلين في مسبح مجمع سكني والإدلاء بتصريحات عنصرية تجاه والدتهما الفلسطينية.,1
"""افتتح الشيف فادي قطان، مطعمًا فاخرًا بمسقط رأسه في بيت لحم بالضفة الغربية. وأصدر في الآونة الأخيرة كتاب طبخ جديد بعنوان """"بيت لحم: احتفال بالطعام الفلسطيني"""". زارت كريستيان أمانبور، كبيرة المذيعين الدوليين في CNN، مطعمه الشهير """"عكوب"""" (Akub) في لندن للحديث عن الحفاظ على الهوية الفلسطينية، في ظل استيعاب تأثير الحرب القائمة على عائلته وأصدقائه.""",1
"""خلال تعليقه على تصويت الجمعية العامة بأغلبية كبيرة على منح السلطة الفلسطينية العضوية الكاملة في مجلس الأمن، قال السفير الفلسطيني لدى المملكة المتحدة، حسام زملط إن """"إن ذلك لا يمثل خطوة رمزيًة فحسب، بل فعلية، وتمثل إرادة شعوب العالم"""".""",1
صدر قرار للأمم المتحدة يؤيد العضوية الفلسطينية بتأييد ساحق، الجمعة، ومنح امتيازات جديدة للسلطة الفلسطينية بصفتها الحالية كدولة مراقب غير عضو,1
"فيديو, إسرائيل تنشئ طريقاً يفصل أقصى شمال غزة لمنع النازحين من العودة ـ بي بي سي لتقصي الحقائق,""",1
ما وراء البوابات: كيف تغيّر إسرائيل ملامح الضفة الغربية؟,1
"""""""الروحان تلتقيان""""، تفاعل واسع عبر مواقع التواصل الاجتماعي حول مقتل جد """"روح الروح""""""",1
إسرائيل تقرر إغلاق سفارتها في أيرلندا,1
غارة جوية إسرائيلية على مدرسة تؤوي نازحين في خان يونس,1
"""فيديو, انتظرته والدته لعام وشهرين ووصل إليها جثة هامدة, المدة 2,21""",1
"""إسرائيل ترتكب """"مجزرة مروعة"""" في بيروت بعد أربع غارات على الضاحية الجنوبية، وحزب الله يستهدف """"كريات شمونة"""" بالصواريخ""",1
نتنياهو وغالانت والضيف: ماذا نعرف عن الشخصيات الثلاثة المطلوبة من قبل المحكمة الجنائية الدولية؟,1
كيف ستؤثر مذكرات الاعتقال بحق نتنياهو وغالانت على حرب غزة ولبنان؟,1
"""""""أخبرتني والدتي أنها عاشت ما يكفي، والآن جاء دوري لأعيش""""""",1
بين ترحيب وإدانات، ردود فعل واسعة حول إصدار الجنائية الدولية مذكرات اعتقال بحق نتنياهو وغالانت والضيف,1
"""مذكرات الجنائية الدولية: """"حضيض أخلاقي لإسرائيل"""" – هآرتس""",1
"""""""نظام نتنياهو الجديد يحوّل الإسرائيليين إلى لاجئين في بلدهم"""" - هآرتس""",1
"""عشرات القتلى في قصف إسرائيلي """"عنيف"""" على شمال غزة، ووزير الدفاع الإسرائيلي السابق يحذر من """"حكم عسكري"""" في القطاع""",1
الكوفية الفلسطينية: حكاية رمز، وتاريخ شعب,1
مقتل 66 شخصا على الأقل وإصابة 100 آخرين في قصف إسرائيلي لمربع سكني شمال قطاع غزة,1
حرب غزة تقضي على آمال حاملي المنح الدراسية,1
عقوبات أمريكية جديدة ضد ستة قادة من حماس، فماذا نعرف عنهم؟,1
المساعدات إلى غزة: سرقات واحتكار واتهامات لإسرائيل وحماس,1
الكرملين: أوكرانيا أطلقت صواريخ أمريكية بعيدة المدى على روسيا لأول مرة,1
بعد تحذيرات منظمات دولية: كيف يقاسي سكان غزة الجوع وبرد الشتاء؟,1
مجلس الشيوخ الأمريكي يصوت على تشريع قد يحظر بعض مبيعات الأسلحة لإسرائيل بسبب حرب غزة,1
"""""""فوز ترامب يُعد نافذة تاريخية للتطبيع مع السعودية""""- إسرائيل هيوم""",1
"""قصف """"عنيف"""" يطال مستشفى كمال عدوان شمالي قطاع غزة، وعملية أمنية ضد """"لصوص المساعدات"""" تودي بحياة العشرات """,1
"""مقتل ضابط وجندي إسرائيليين في معارك شمال غزة، والبابا يتطرق للمرة الأولى إلى اتهامات بـ""""الإبادة الجماعية"""" في غزة""",1
هل تشير اختيارات ترامب إلى سياساته المستقبلية في الشرق الأوسط؟,1
غارتان إسرائيليتان على العاصمة بيروت، وحزب الله يؤكد مقتل المتحدث باسمه محمد عفيف,1
"""""""أوروبا أصبحت أرضاً معادية للإسرائيليين"""" – يديعوت أحرونوت""",1
مدير مكتب نتنياهو يخضع للتحقيق بشأن مزاعم تغيير معلومات تتعلق بهجوم 7 أكتوبر,1
مقتل 40 شخصاً على الأقل في غزة، والجيش الإسرائيلي يقتحم مدرسة تؤوي نازحين شمال القطاع، ويُجبرهم على الإخلاء,1
احتجاجات إسرائيلية تطالب بإنهاء حرب غزة والتوصل إلى اتفاق، وحماس تقول إن إسرائيل قصفت أماكن فيها رهائن,1
مقتل وإصابة العشرات في غزة جراء غارات جوية إسرائيلية,1
"""محادثات جديدة للتوصل لاتفاق """"قد يكون محدوداً"""" لوقف إطلاق النار في غزة""",1
مقتل العشرات في قصف إسرائيلي لمناطق متفرقة من قطاع غزة بعد ساعات من قرار أممي يدعو لوقف فوري لإطلاق النار,1
"""""""وأنا أحرق كتبي، أحرق نفسي معها""""، كيف تحولت الكتب لوسيلة للبقاء على الحياة في غزة؟""",1
"""""""أشعر بالقلق في كل ثانية"""": والدة الرهينة البريطانية الوحيدة في غزة تعبر عن خشيتها على حياة ابنتها""",1
"""حرب غزة: هل تعبأ إسرائيل بالتقارير المتتالية التي تتهمها بارتكاب """"إبادة جماعية"""" في غزة؟""",1
"""منظمة العفو الدولية تتهم إسرائيل بارتكاب إبادة جماعية في غزة، وإسرائيل تقول إنه """"ملفق ومبني على أكاذيب""""""",1
لماذا يرفض جنود إسرائيليون العودة إلى غزة بعد أن تطوعوا سابقاً للقتال فيها؟,1
غارات على مخيم النصيرات في غزة، وإسرائيل تطرد السكان من شمال القطاع لإنشاء منطقة عازلة,1
"""""""ثلاث أدوات أمام ترامب للضغط على حماس لكن خياراته العسكرية محدودة"""" - يديعوت أحرونوت""",1
"""""""أقدام أطفالي، ورؤوسهم، كل شيء متجمد"""" """,1
كيف أدت الحروب في المنطقة العربية إلى زيادة أعداد ذوي الإعاقة وتردي حياتهم؟,1
العالم العربي يتغير إلى درجة يصعب التعرف عليه - الغارديان,1
ميجانا: التقاط رائحة الحياة الفلسطينية في زجاجة,1
واشنطن: لم نصل بعد لاتفاق لوقف الحرب في غزة، والأمم المتحدة تعلّق تسليم مساعدات عبر معبر رئيسي,1
"""""""هل هجوم حلب سيطرة على مناطق جديدة أم مجرد معركة محلية محدودة؟""""- هآرتس""",1
محادثات بشأن غزة في القاهرة، وغارات إسرائيلية جديدة تخلّف قتلى وجرحى,1
بي بي سي لتقصي الحقائق: كيف تغيرت استراتيجية هجمات الفصائل العراقية على إسرائيل خلال عام من الحرب,1
إلى أين يمضي تدهور الوضع الإنساني في غزة؟,1
الكنيست الإسرائيلي يمدد حالة الطوارئ، فما الذي يعنيه ذلك؟,1
أحمد الشرع: الرغبة في بناء سوريا والتخلص من وصمة الماضي – الغارديان,1
لماذا يتأخر الإعلان عن وقف إطلاق النار في غزة؟,1
إسرائيل تقر رسميا بمسؤوليتها عن اغتيال إسماعيل هنية في طهران,1
"""""""اهزموا طهران، وليس صنعاء"""" – يديعوت أحرنوت""",1
قصف إسرائيلي يطال خيام نازحين في خان يونس,1
كيف يستقبل مسيحيو الشرق أعياد الميلاد هذا العام؟,1
"""قصف إسرائيلي """"عنيف ومباشر"""" يطال مستشفى كمال عدوان، ومدرسة تؤوي نازحين في غزة""",1
غارات أمريكية على مواقع للحوثيين في اليمن,1
البابا فرنسيس يدين غارة إسرائيلية أدت لمقتل أطفال في شمال غزة,1
"""حصاد 2024: ما هي الأحداث المهمة التي """"تعمّد"""" بوتين تجاهلها في كلمته السنوية للأمة؟""",1
"""فيديو, يوميات أم فلسطينية في غزة أثناء الحمل والأمومة والنزوح, المدة 8,43""",1
نتنياهو بين تحديات السلطة وتوقعات التوسع الإقليمي للحرب - صحف عالمية,1
"""فيديو, هل قيد فيسبوك المحتوى الفلسطيني؟, المدة 7,03""",1
"أفادت الشرطة البريطانية أنّها اعتقلت رجلاً تسلق برج ساعة """"بيغ بن"""" التاريخي رافعًا العلم الفلسطيني، وتمسّك الرجل، الذي كان حافي القدمين، ويرتدي ملابس سوداء بالكامل، بجانب البرج لعدة ساعات بينما حاول طاقم الإطفاء التحدث معه.""",1
حذرت الأمم المتحدة من أن سكان قطاع غزة يعيشون في جحيم خلال أسوأ فترة منذ بداية الحرب الإسرائيلية على القطاع، في حين حذر مدير المستشفيات بالقطاع من كارثة بسبب النقص الحاد في الوقود واكتظاظ المستشفيات.,1
"""أفادت الشرطة البريطانية أنّها اعتقلت رجلاً تسلق برج ساعة """"بيغ بن"""" التاريخي رافعًا العلم الفلسطيني، وتمسّك الرجل، الذي كان حافي القدمين، ويرتدي ملابس سوداء بالكامل، بجانب البرج لعدة ساعات بينما حاول طاقم الإطفاء التحدث معه.""",1
"""لطالما كان فن التطريز الفلسطيني جزءًا من حياة الشابة زين المصري، مع نشأتها في منزلٍ مليء بالأثاث واللوحات المزينة بأنماط التطريز المتنوعة والزاهية.",1
"في عام 2021، قررت المصري، وهي فلسطينية الأصل، الربط بين شغفها في التطريز وخلفيتها في مجال التكنولوجيا، وإطلاق منصة """"Tirazain"""" (طرازين) عبر الإنترنت لإنشاء سجل رقمي لفن التطريز الفلسطيني الموروث عبر الأجيال، والذي يتعرض لمخاطر تهدد ببقاء استمراريته، وفقًا للموقع الرسمي لمنظمة اليونسكو.""",1
"""كان حاكم ولاية أركنساس السابق مايك هاكابي، الذي أعلن الرئيس الأمريكي المنتخب، دونالد ترامب، الثلاثاء، أنه مرشحه لمنصب السفير الأمريكي إلى إسرائيل، قد قال في الماضي، كما يكشف مقطع فيديو من عام 2008، إنه """"لا يوجد شيء اسمه فلسطيني"""" وأن الأمر """"أداة سياسية لمحاولة إجبار إسرائيل على التخلي عن أرضها"""". لدى أندرو كاتشينسكي، كبير محرري KFILE في شبكة CNN، المزيد من التفاغم اعتراف طيارين ومشغلي طائرات مسيرة إسرائيليين بشكوكهم المتزايدة بجدوى الحرب، وخوفهم من الملاحقات الدولية بتهم ارتكاب جرائم حرب، إلا أنهم يستمرون بتنفيذ طلعاتهم بحجة عدم معرفة الأهداف التي يقصفونها.",1
قالت مجلة نيويوركر، إن الأطباء يقدمون رعاية صحية لإنقاذ حياة الآلاف في قطاع غزة، ويخاطرون بحياتهم في سبيل ذلك، ولكنهم يعملون في ظل نظام رعاية صحية مدمر بالكامل.,1
ارتفع إلى 30 عدد الفلسطينيين الذين اُستشهدوا في القصف الإسرائيلي على مناطق عدة في قطاع غزة منذ فجر اليوم، في ظل تصعيد جيش الاحتلال جرائم الإبادة الجماعية التي تستهدف في معظمها الأطفال والنساء.,1
بالعودة للدوافع الرئيسة التي أوصلت حكومة نتنياهو للاتفاق، سنجد فشل جيش الاحتلال في تحرير الأسرى بالقوّة، وعجزه عن تقديم صورة نصر عسكري أو إنجاز سياسي، ولا سيما فيما يتعلق بالقضاء على المقاومة.,1
"إسرائيل تنفّذ ضربات في لبنان """"بعد رصد أنشطة شكلت تهديداً"""" رغم اتفاق وقف إطلاق النار""",1
صور أقمار صناعية تظهر بناء إسرائيل خطاً عسكرياً جديداً لتقسيم غزة,1
"""نعيم قاسم: حزب الله حقق """"انتصاراً كبيراً"""" في مواجهة إسرائيل، والجيش الإسرائيلي يحظر العودة إلى 60 قرية جنوب لبنان""",1
"""قوات المعارضة المسلحة تسيطر على """"غالبية"""" مدينة حلب، والسلطات السورية تغلق مطار المدينة """,1
"""""""إيران وحزب الله خسرتا، ولكن إسرائيل لم تنتصر"""" – في هآرتس""",1
حينما تصبح ربطة خبز أغلى هدية يقدمها المقبلون على الزواج في غزة,1
حرب غزة: هل يشهد القطاع وقف إطلاق نار بين إسرائيل وحماس بعد اتفاق لبنان؟,1
"""""""السلام الإقليمي الدائم يجب أن يمر عبر غزة"""" - الغارديان""",1
هل انتصرت الدبلوماسية أخيرا على آلة الحرب في الشرق الأوسط؟- واشنطن بوست,1
كيف ينظر سكان غزة لاتفاق وقف إطلاق النار بين إسرائيل وحزب الله؟,1
نهر الليطاني، الحد الفاصل لتطبيق اتفاق وقف إطلاق النار بين حزب الله وإسرائيل، فما أهميته؟,1
"""""""إنهاء نظام خامنئي الخيار الوحيد أمام إسرائيل في صراعها مع إيران"""" – يديعوت أحرونوت""",1
مقاطعة صحيفة هآرتس: صراع الإعلام المستقل مع الحكومة الإسرائيلية,1
في ظل استمرار الحرب والحصار، الشتاء يضاعف معاناة نازحي غزة ويهدد خيمهم المؤقتة,1
"""فيديو, انتظرته والدته لعام وشهرين ووصل إليها جثة هامدة, المدة 2,21""",1
"""إسرائيل ترتكب """"مجزرة مروعة"""" في بيروت بعد أربع غارات على الضاحية الجنوبية، وحزب الله يستهدف """"كريات شمونة"""" بالصواريخ""",1
نتنياهو وغالانت والضيف: ماذا نعرف عن الشخصيات الثلاثة المطلوبة من قبل المحكمة الجنائية الدولية؟,1
كيف ستؤثر مذكرات الاعتقال بحق نتنياهو وغالانت على حرب غزة ولبنان؟,1
"""""""أخبرتني والدتي أنها عاشت ما يكفي، والآن جاء دوري لأعيش""""""",1
بين ترحيب وإدانات، ردود فعل واسعة حول إصدار الجنائية الدولية مذكرات اعتقال بحق نتنياهو وغالانت والضيف,1
"""مذكرات الجنائية الدولية: """"حضيض أخلاقي لإسرائيل"""" – هآرتس""",1
"""""""نظام نتنياهو الجديد يحوّل الإسرائيليين إلى لاجئين في بلدهم"""" - هآرتس""",1
"""عشرات القتلى في قصف إسرائيلي """"عنيف"""" على شمال غزة، ووزير الدفاع الإسرائيلي السابق يحذر من """"حكم عسكري"""" في القطاع""",1
الكوفية الفلسطينية: حكاية رمز، وتاريخ شعب,1
أكد أدريان زيمرمان رئيس البعثة الفرعية للجنة الدولية للصليب الأحمر في قطاع غزة أن الأوضاع هناك أصبحت بمنزلة مهمة بقاء على قيد الحياة لا تنتهي، وأن السكان يعيشون نزوحا مستمرا.,1
يرى ناشطون وحقوقيون أن محاكمة المفكر الفرنسي فرانسوا بورغا بتهمة “الدفاع عن الإرهاب” تمثل انحرافا خطيرا في حرية التعبير بفرنسا، مطالبين بالتوقف عن تجريم التضامن مع فلسطين.,1
اقتحمت قوات الاحتلال الإسرائيلي مناطق عدة في محافظة بيت لحم جنوبي الضفة والخليل، وشنت حملة اعقتالات استهدفت العشرات من الفلسطينيين.,1
استشهد 64 فلسطينيا وأصيب العشرات في مختلف أنحاء قطاع غزة منذ فجر أمس الجمعة، وسط تحذيرات من النقص الحاد في الغذاء وتعرض مئات الآلاف للموت جوعا.,1
في اليوم الـ33 من استئناف العدوان الإسرائيلي على غزة، أفاد مراسل الجزيرة باستشهاد 30 فلسطينيا جراء القصف الإسرائيلي المتواصل على قطاع غزة منذ فجر اليوم، وذلك بعد يوم دام راح ضحيته 64 فلسطينيا.,1
لا تقتصر المبادرة البرلمانية على كونها حدثا رمزيا، بل تمثل نواة لتحرك برلماني دولي دائم، ستكون له مهام متابعة وتنسيق، عبر آليات مستمرة لطرح القضية الفلسطينية ضمن الأجندات الإقليمية والدولية.,1
ودّعت أمهات فلسطينيات في غزة أبناءهن الشهداء بمزيج من الدموع والزغاريد، في أعقاب سلسلة من الغارات الإسرائيلية التي استهدفت مناطق متفرقة من قطاع غزة، موقعة عشرات الشهداء معظمهم من المدنيين.,1
شهد الملتقى مشاركة مؤسسات مانحة وخبراء من أكثر من 20 دولة، فيما تشير التقديرات إلى أن الحرب تسببت بتشريد نحو مليون و900 ألف فلسطيني، واستشهاد ما يزيد على 50 ألفا، وتدمير ما يقارب 450 ألف وحدة سكنية.,1
تتصاعد الضغوط الداخلية الإسرائيلية لإنهاء الحرب على غزة مع توقيع آلاف الجنود والنخب العسكرية والمدنية من فئات مختلفة عرائض تطالب بإعادة المحتجزين.,1
"تملك السلطة الفلسطينية حق مخاطبة المجلس الدولي لحقوق الإنسان للمطالبة بتشكيل لجنة تقصي حقائق متخصصة بملف آلاف المختفين قسريا من غزة خلال فترة الحرب، لكنها لم تفعل ذلك.صيل.""",1
"""قال وزير الخارجية السعودي الأمير فيصل بن فرحان إن """"إن إنشاء دولة فلسطينية لا يتعلق بما إذا كانت إسرائيل تقبل أم لا، بل إنه مرتبط بمبادئ القانون الدولي"""".مضيفًا أن """"قرارات الأمم المتحدة التي أدت إلى إنشاء دولة إسرائيل كانت تهدف بوضوح إلى إقامة دولة فلسطينية أيضًا، لذا يتعين علينا أن نجعل ذلك يحدث.""""""",1
"""قال وزير الخارجية السعودي الأمير فيصل بن فرحان إن تطبيع بلاده مع إسرائيل """"غير وارد حتى التوصل إلى حل بشأن إقامة الدولة الفلسطينية"""" مضيفًا أن """"أمن كل المنطقة معرض للخطر إذا لم نعالج حقوق الفلسطينيين، وإذا لم نجد طريقًا إلى مسار يقودنا إلى دولة فلسطينية"""".""",1
وجدت المصورة السلوفاكية، بيترا باسناكوفا، الألم، والهدف، والسلام في كل منعطف من رحلتها التي استمرت ثلاث سنوات مع عائلات الصحراء البدوية الفلسطينية.,1
اتُهمت امرأة تبلغ من العمر 42 عامًا في مدينة يولس بولاية تكساس الأمريكية بمحاولة القتل العمد وإصابة طفل بعد محاولتها إغراق طفلين في مسبح مجمع سكني والإدلاء بتصريحات عنصرية تجاه والدتهما الفلسطينية.,1
"""افتتح الشيف فادي قطان، مطعمًا فاخرًا بمسقط رأسه في بيت لحم بالضفة الغربية. وأصدر في الآونة الأخيرة كتاب طبخ جديد بعنوان """"بيت لحم: احتفال بالطعام الفلسطيني"""". زارت كريستيان أمانبور، كبيرة المذيعين الدوليين في CNN، مطعمه الشهير """"عكوب"""" (Akub) في لندن للحديث عن الحفاظ على الهوية الفلسطينية، في ظل استيعاب تأثير الحرب القائمة على عائلته وأصدقائه.""",1
"""خلال تعليقه على تصويت الجمعية العامة بأغلبية كبيرة على منح السلطة الفلسطينية العضوية الكاملة في مجلس الأمن، قال السفير الفلسطيني لدى المملكة المتحدة، حسام زملط إن """"إن ذلك لا يمثل خطوة رمزيًة فحسب، بل فعلية، وتمثل إرادة شعوب العالم"""".""",1
صدر قرار للأمم المتحدة يؤيد العضوية الفلسطينية بتأييد ساحق، الجمعة، ومنح امتيازات جديدة للسلطة الفلسطينية بصفتها الحالية كدولة مراقب غير عضو,1
انتقدت لجنة المتابعة للقوى الوطنية والإسلامية الفلسطينية المقترح الجديد لوقف إطلاق النار في غزة، الذي تضمن المطالبة بنزع سلاح المقاومة.,1
أفادت مصادر فلسطينية للجزيرة باستشهاد فلسطينيين اثنين واحتجاز جثمانيهما اليوم الأربعاء خلال عملية لقوات الاحتلال الإسرائيلي في بلدة قباطية قرب جنين شمالي الضفة الغربية.,1
“مجزرة المسعفين” واحدة من أبشع الجرائم التي ارتكبتها القوات الإسرائيلية ضد عمال الإغاثة في أثناء تأدية مهامهم الإنسانية في قطاع غزة، ووقعت في حي تل السلطان جنوب مدينة رفح يوم 23 مارس/آذار 2025.,1
سعت إسرائيل منذ عام 1967 إلى ضم الضفة الغربية عبر مشاريع متتالية، مدفوعة بمبررات أمنية وأيديولوجية، في محاولة لفرض واقع تعتبر فيه الضفة جزءا من سيادتها.,1
أكد الأمين العام للأمم المتحدة أنطونيو غوتيريش أنه ينبغي عدم استخدام الجوع “سلاح حرب”، مشيرا في هذا الصدد إلى الأوضاع في كل من قطاع غزة والسودان بصفة خاصة.,1
أكدت مصادر إسرائيلية الاثنين أن الناشطين الذين كانوا على متن سفينة حنظلة خضعوا للاستجواب، في حين أعلن بعضهم إضرابا عن الطعام اعتراضا على احتجازهم التعسفي، في ظل توقع أن يرحّلهم الاحتلال.,1
اقتحم مستوطنون إسرائيليون المسجد الأقصى كما اقتحم عدد آخر منهم بلدة الطيبة وسط الضفة وألحقوا أضرارا بممتلكات المواطنين الفلسطينيين، بالتزامن مع حملة اعتقالات شنها جيش الاحتلال في مناطق متفرقة بالضفة.,1
استشهد نحو 43 فلسطينيا منذ فجر اليوم الاثنين بقصف إسرائيلي استهدف منازل ومنتظري المساعدات في أنحاء قطاع غزة كافة، في ظل إعلان الاحتلال تعليقا “تكتيكيا” لعملياته في مناطق معينة بالقطاع.,1
كشفت صحيفة تلغراف أن المؤسسة العسكرية الإسرائيلية تشهد انقساما غير مسبوق مع تزايد أعداد الجنود -ولا سيما من الاحتياط- والجنرالات الحاليين والمتقاعدين الذين يرفضون المشاركة أو تأييد استمرار حرب غزة.,1
في ظل الحصار الإسرائيلي المشدد منذ اندلاع الحرب يعيش قطاع غزة كارثة إنسانية تتجلى بأبشع صورها في مشاهد الأطفال الذين ينهشهم الجوع، لكن كيف يدمر الجوع جسم الإنسان؟,1
يواصل الجوع الفتك بسكان قطاع غزة في ظل التجويع والحصار الذي تفرضه قوات الاحتلال الإسرائيلي على القطاع، في حين حذرت منظمات إغاثية فلسطينية ودولية مما أسمته “مسرحية المساعدات والإنزال الجوي”.,1
شهدت مدن عدة حول العالم مظاهرات حاشدة وغاضبة أمس الأحد احتجاجا على سياسة التجويع التي تمارسها إسرائيل بحق سكان قطاع غزة، والتنديد بالدعم الأميركي المستمر لحرب الإبادة الإسرائيلية.,1
بينما يموت الفلسطينيون جوعا بأعداد متزايدة يوميا، ويتزايد القانونيون والسياسيون الذين يصفون أفعال إسرائيل بالإبادة الجماعية، يبقى صدور حكم نهائي بشأن هذه المسألة من أعلى محكمة في العالم بطيئا للغاية.,1
تشرع السلطات الإسرائيلية في تنفيذ مشروع “طريق السيادة” لتوسيع سيطرتها على القدس الكبرى، ولفصل حركة الفلسطينيين عن المستوطنين عبر شبكة طرق جديدة، وفقا لخبراء فلسطينيين.,1
أكد تحالف القوى الفلسطينية رفضه القاطع لما سماها الخطوة الأحادية التي أقدم عليها رئيس السلطة الفلسطينية محمود عباس، بإعادة تشكيل المجلس الوطني الفلسطيني في الداخل والخارج.,1
اتهم برنامج الأغذية العالمي إسرائيل باستخدام الدبابات والقناصة وأسلحة أخرى لإطلاق النار على حشد من الفلسطينيين الذين كانوا يسعون للحصول على مساعدات غذائية في قطاع غزة،,1
دفعت قوات الاحتلال الإسرائيلي نحو مليوني فلسطيني للعيش على 17.6% فقط من مساحة قطاع غزة، حسب خريطة بيانات أعدتها وكالة “سند” للتحقق الإخباري بشبكة الجزيرة.,1
يضطر الطاقم الطبي المشرف على المسنين لتقنين كمية الوجبات، وخصصوا لكل مسن رغيفي خبز فقط طوال اليوم بعدما كان يتناول 4 أرغفة خلال فترة ما قبل التجويع.,1
بينما يتعرض سكان قطاع غزة لمرحلة غير مسبوقة من التجويع، تتكدس المساعدات الأردنية المرسلة للقطاع على مدى الأسابيع الماضية عند مدخله الشمالي، وتنفي الهيئة الخيرية الأردنية السماح لها بإدخال المساعدات.,1
طالبت 25 دولة إسرائيل بالرفع الفوري للقيود التي تفرضها على تدفق المساعدات لغزة، وشددت في الوقت ذاته على رفض أي إجراء لإحداث تغيير ديمغرافي في الأراضي الفلسطينية المحتلة.,1
نفذت فصائل المقاومة الفلسطينية عمليات نوعية في قطاع غزة، شملت استهداف آليات عسكرية وقنص جندي إسرائيلي، في وقت أعلنت فيه وسائل إعلام إسرائيلية مقتل جندي وإصابة اثنين آخرين في “حدثين أمنيين” داخل غزة.,1
قال المتحدث باسم الدفاع المدني بغزة الرائد محمود بصل -في مداخلة مع قناة الجزيرة- إنه لا يزال لليوم الثاني على التوالي مضربا عن الطعام بالكامل، احتجاجا على المجاعة التي تضرب غزة وتضامنا مع المجوّعين.,1
تحتل أخبار المجاعة وتداعياتها الحيز الأكبر من تفاعل الغزيين على منصات التواصل الاجتماعي، ومشاركاتهم تجاربهم الشخصية وبدائلهم المتاحة التي اضطروا إليها في محاولات التغلب على الجوع.,1
مع تصاعد التحذيرات الدولية من خطر المجاعة في قطاع غزة، تؤكد تقارير أممية وإعلامية أن السكان يعانون من انعدام شبه كامل للغذاء، في وقت تتكرر فيه مشاهد إغماء الأطفال والنساء وكبار السن في الشوارع.,1
أفاد المدير العام لوزارة الصحة في غزة الدكتور منير البرش باعتقال قوات الاحتلال الإسرائيلي مدير المستشفيات الميدانية في القطاع مروان الهمص أثناء أدائه عمله في زيارة لمستشفى الصليب الأحمر غربي خان يونس.,1
لم تعد المستشفيات في قطاع غزة قادرة على توفير طعام للمرضى ولا للعاملين الذين أصبحوا غير قادرين على مواصلة العمل، بسبب الحصار الخانق الذي تفرضه إسرائيل.,1
بين جدران مأوى متواضع في قطاع غزة، تعيش أم محمد أبو عودة مأساة مركبة، إذ تعاني أسرتها من سلسلة أمراض مزمنة بسبب سوء التغذية وانهيار القطاع الصحي بفعل الحصار والعدوان المستمر.,1
خطاب أبو عبيدة كشف عمق معاناة غزة، وحمّل الاحتلال والمجتمع الدولي مسؤولية الجرائم، وندد بصمت الأنظمة، داعيًا الشعوب للتحرك، والعملاء للتوبة، ومبشّرًا بصمود المقاومة.,1
انتقد الكاتب الإسرائيلي إشاك كالديرون أديزس استخدام تهم معاداة السامية ضد كل من ينتقد قرارات سياسية، مثل الحرب على غزة، حتى بحق ناجين من المحرقة مثله.,1
قالت وكالة أونروا، إنها تمتلك مخزونا غذائيا كافيا لجميع سكان قطاع غزة لمدة تزيد عن ثلاثة أشهر، لكنه لا يزال في المستودعات بانتظار السماح بدخوله.,1
دفعت سياسة التجويع الإسرائيلية آلاف الفلسطينيين في قطاع غزة إلى الخروج في الشوارع بحثا عن كسرة خبز تسد رمقهم.,1
اقتحمت قوات الاحتلال الإسرائيلي مناطق متفرقة بالضفة الغربية المحتلة -فجر اليوم السبت- وشنت حملات دهم وتفتيش على منازل المواطنين واعتقلت عددا من الفلسطينيين، وسط تصاعد هجمات المستوطنين.,1
أفادت مواقع إسرائيلية بإصابة جنديين إسرائيليين، اليوم السبت، في خان يونس جنوبي قطاع غزة، حيث تكثف المقاومة الفلسطينية عملياتها ضد قوات الاحتلال المتوغلة في المنطقة.,1
خطاط الحكومة الفلسطينية وأول من وضع كراريس لتعليم الخط العربي في فلسطين، ولد في مدينة القدس عام 1881م، وتوفي عام 1945م، وتتلمذ على يده عدد من الشخصيات البارزة.,1
يسلط مترجم كتاب “مدينة بيت المقدس زمن الحروب الصليبية” لعالم الآثار الإسرائيلي أدريان بوس الضوء على محاولاته خلق روايات مزعومة حول وجود ودور اليهود في القدس زمن الحروب الصليبية، ويفنّد تلك المزاعم.,1
قال الرئيس الأميركي دونالد ترامب إنه سيتم إطلاق سراح 10 أسرى إسرائيليين آخرين من غزة قريبا، في الوقت الذي تستمر فيه المفاوضات غير المباشرة بين إسرائيل وحركة المقاومة الإسلامية (حماس) بالدوحة.,1
كثّفت إسرائيل اليوم الأربعاء غاراتها على أحياء مدينة غزة ومناطق أخرى شمالي القطاع مما أسفر عن شهداء، بينما توعد قادتها بتصعيد العمليات العسكرية.,1
قالت مصادر فلسطينية إن أكثر من 3 آلاف مستوطن إسرائيلي اقتحموا المسجد الأقصى خلال 3 أيام في رابع أيام عيد الفصح اليهودي وسط حراسة أمنية مشددة.,1
اقتحم وزير الأمن القومي الإسرائيلي، إيتمار بن غفير، الحرم الإبراهيمي بمدينة الخليل، وسط إجراءات أمنية مشددة وحراسة كبيرة رافقت موكبه، في حين أغلقت السلطات الإسرائيلية الحرم أمام المصلين المسلمين.,1
اقتحم الجيش الإسرائيلي مساء الثلاثاء عدة مناطق وبلدات في الضفة الغربية، في وقت نفذ فيه مستوطنون سلسلة اعتداءات ضد السكان الفلسطينيين واستولوا على أغنام، وفق إعلام حكومي وشهود عيان.,1
في اليوم الـ30 من استئناف العدوان على قطاع غزة، واصل الاحتلال قصفه مناطق عدة بالقطاع مخلفا شهداء وجرحى، تزامنا مع حملته العسكرية عبر اقتحاماته مناطق وبلدات عدة بالضفة.,1
يعتقد خبراء أن المؤسسات القانونية الدولية فعلت ما يجب عليها فعله تجاه الفلسطينيين في قطاع غزة، وأن العالم لا يريد السير في طريق العدالة، في حين يقول آخرون إن الجميع متواطئ في إبادة الفلسطينيين.,1
قالت محافظة القدس إن عدد المستوطنين الذين شاركوا في اقتحام المسجد الأقصى خلال الأيام الثلاثة الأولى من عيد الفصح العبري أضعاف ما كانت عليه في ذات العيد العام الماضي.,1
قال الخبير العسكري والإستراتيجي اللواء فايز الدويري إن جيش الاحتلال الإسرائيلي يقوم في هذه المرحلة بتفعيل الذكاء الاصطناعي بصورة غير مسبوقة من أجل تعقّب مقاتلي المقاومة الفلسطينية في قطاع غزة.,1
خلّف القصف الإسرائيلي على قطاع غزة مزيدا من الشهداء والجرحى، اليوم الثلاثاء، حيث استهدف جيش الاحتلال خياما للنازحين ومناطق سكنية في أنحاء القطاع، كما قصف بوابة المستشفى الكويتي الميداني في خان يونس.,1
صادرت قوات الاحتلال الإسرائيلي 2360 دونما من أراضي قرية رابا (جنوب شرق جنين في الضفة الغربية) لصالح التوسع الاستيطاني.,1
ارتفع عدد الأطفال الذين توفوا بسبب سوء التغذية في غزة إلى 69 طفلا بحسب بيان للمكتب الإعلامي في قطاع غزة، في حين قالت حركة حماس إن المجاعة التي يفرضها الاحتلال على القطاع “جريمة متعمدة ضد الإنسانية”.,1
قال المكتب الإعلامي الحكومي في غزة إن جيش الاحتلال “سيطر على 77% من مساحة غزة، وهجر نحو مليوني مدني، مخلفا خسائر تتجاوز 62 مليار دولار”.,1
أبو عبيدة المتحدث العسكري باسم كتائب القسام الجناح العسكري لحركة المقاومة الإسلامية (حماس) قال في كلمة له مصورة، هي الأولى له منذ مارس/آذار الماضي، عن إستراتيجية المقاومة في المرحلة الحالية.,1
بثت الجزيرة صورا تظهر تزاحم عشرات من النساء والأطفال في قطاع غزة للحصول على وجبة طعام في ظل استخدام إسرائيل سياسة التجويع سلاحا في الحرب غير المسبوقة.,1
قالت حركة المقاومة الإسلامية (حماس)، إنه بعد فشل الاحتلال في تحرير الأسرى بالقوة، لم يبقَ له سوى طريق الصفقة مع المقاومة وفق شروطها وإرادتها.,1
في مقهى على شاطئ غزة، وبينما كان رواده يحتسون أكواب القهوة، ويتنسمون عبير البحر الأبيض المتوسط، ويتجاذبون أطراف الحديث، إذ بطائرة حربية إسرائيلية تحيل المكان بمن فيه وما فيه إلى رماد في لحظة خاطفة.,1
أكد مصدر طبي في مستشفى شهداء الأقصى وفاة طفلة عمرها عام ونصف العام بسبب سوء التغذية في مدينة دير البلح وسط قطاع غزة.,1
بثت سرايا القدس، الجناح العسكري لحركة الجهاد الإسلامي، اليوم الجمعة، مشاهد من تفجير مقاتليها آلية عسكرية إسرائيلية شرقي حي التفاح شرقي مدينة غزة.,1
كانت مدينة بيت حانون في أقصى شمال قطاع غزة، تُعرف ببساتينها وشوارعها، لكن جيش الاحتلال هجّر اليوم سكانها وحوّلها بعدوانه المستمر إلى ركام، غير أن أهلها يحلمون بالعودة والإعمار.,1
تناول الإعلام الإسرائيلي ارتفاع حالات الانتحار في صفوف جنود جيش الاحتلال بسبب الحرب الطويلة وغير المسبوقة على قطاع غزة.,1
تتصاعد الدعوات داخل البرلمان البريطاني إلى الاعتراف بدولة فلسطينية، على غرار المبادرة الفرنسية، وسط انقسام داخل حزب العمال، وتردد حكومي نابع من رغبة في تجنب الصدام مع واشنطن وتل أبيب.,1
"""لطالما كان فن التطريز الفلسطيني جزءًا من حياة الشابة زين المصري، مع نشأتها في منزلٍ مليء بالأثاث واللوحات المزينة بأنماط التطريز المتنوعة والزاهية.",1
"في عام 2021، قررت المصري، وهي فلسطينية الأصل، الربط بين شغفها في التطريز وخلفيتها في مجال التكنولوجيا، وإطلاق منصة """"Tirazain"""" (طرازين) عبر الإنترنت لإنشاء سجل رقمي لفن التطريز الفلسطيني الموروث عبر الأجيال، والذي يتعرض لمخاطر تهدد ببقاء استمراريته، وفقًا للموقع الرسمي لمنظمة اليونسكو.""",1
"""كان حاكم ولاية أركنساس السابق مايك هاكابي، الذي أعلن الرئيس الأمريكي المنتخب، دونالد ترامب، الثلاثاء، أنه مرشحه لمنصب السفير الأمريكي إلى إسرائيل، قد قال في الماضي، كما يكشف مقطع فيديو من عام 2008، إنه """"لا يوجد شيء اسمه فلسطيني"""" وأن الأمر """"أداة سياسية لمحاولة إجبار إسرائيل على التخلي عن أرضها"""". لدى أندرو كاتشينسكي، كبير محرري KFILE في شبكة CNN، المزيد من التفاصيل.""",1
"""قال وزير الخارجية السعودي الأمير فيصل بن فرحان إن """"إن إنشاء دولة فلسطينية لا يتعلق بما إذا كانت إسرائيل تقبل أم لا، بل إنه مرتبط بمبادئ القانون الدولي"""".مضيفًا أن """"قرارات الأمم المتحدة التي أدت إلى إنشاء دولة إسرائيل كانت تهدف بوضوح إلى إقامة دولة فلسطينية أيضًا، لذا يتعين علينا أن نجعل ذلك يحدث.""""""",1
"""قال وزير الخارجية السعودي الأمير فيصل بن فرحان إن تطبيع بلاده مع إسرائيل """"غير وارد حتى التوصل إلى حل بشأن إقامة الدولة الفلسطينية"""" مضيفًا أن """"أمن كل المنطقة معرض للخطر إذا لم نعالج حقوق الفلسطينيين، وإذا لم نجد طريقًا إلى مسار يقودنا إلى دولة فلسطينية"""".""",1
وجدت المصورة السلوفاكية، بيترا باسناكوفا، الألم، والهدف، والسلام في كل منعطف من رحلتها التي استمرت ثلاث سنوات مع عائلات الصحراء البدوية الفلسطينية.,1
اتُهمت امرأة تبلغ من العمر 42 عامًا في مدينة يولس بولاية تكساس الأمريكية بمحاولة القتل العمد وإصابة طفل بعد محاولتها إغراق طفلين في مسبح مجمع سكني والإدلاء بتصريحات عنصرية تجاه والدتهما الفلسطينية.,1
"""افتتح الشيف فادي قطان، مطعمًا فاخرًا بمسقط رأسه في بيت لحم بالضفة الغربية. وأصدر في الآونة الأخيرة كتاب طبخ جديد بعنوان """"بيت لحم: احتفال بالطعام الفلسطيني"""". زارت كريستيان أمانبور، كبيرة المذيعين الدوليين في CNN، مطعمه الشهير """"عكوب"""" (Akub) في لندن للحديث عن الحفاظ على الهوية الفلسطينية، في ظل استيعاب تأثير الحرب القائمة على عائلته وأصدقائه.""",1
"""خلال تعليقه على تصويت الجمعية العامة بأغلبية كبيرة على منح السلطة الفلسطينية العضوية الكاملة في مجلس الأمن، قال السفير الفلسطيني لدى المملكة المتحدة، حسام زملط إن """"إن ذلك لا يمثل خطوة رمزيًة فحسب، بل فعلية، وتمثل إرادة شعوب العالم"""".""",1
صدر قرار للأمم المتحدة يؤيد العضوية الفلسطينية بتأييد ساحق، الجمعة، ومنح امتيازات جديدة للسلطة الفلسطينية بصفتها الحالية كدولة مراقب غير عضو,1
تحقيق لبي بي سي يكشف عن تقييد فيسبوك للصفحات الإخبارية الفلسطينية,1
"""فيديو, إسرائيل تنشئ طريقاً يفصل أقصى شمال غزة لمنع النازحين من العودة ـ بي بي سي لتقصي الحقائق, المدة 2,45""",1
ما وراء البوابات: كيف تغيّر إسرائيل ملامح الضفة الغربية؟,1
"""""""الروحان تلتقيان""""، تفاعل واسع عبر مواقع التواصل الاجتماعي حول مقتل جد """"روح الروح""""""",1
إسرائيل تقرر إغلاق سفارتها في أيرلندا,1
غارة جوية إسرائيلية على مدرسة تؤوي نازحين في خان يونس,1
مقتل 40 شخصاً على الأقل في غزة، والجيش الإسرائيلي يقتحم مدرسة تؤوي نازحين شمال القطاع، ويُجبرهم على الإخلاء,1
احتجاجات إسرائيلية تطالب بإنهاء حرب غزة والتوصل إلى اتفاق، وحماس تقول إن إسرائيل قصفت أماكن فيها رهائن,1
شهد مخيم نور شمس في طولكرم -صباح اليوم الأحد- إطلاقا كثيفا للنيران تخللته انفجارات بمحيط المنطقة، بينما تواصل قوات الاحتلال عمليتها العسكرية في مدينة طولكرم ومخيمها وجنين ومخيمها بالضفة الغربية.,1
سلطت دراسة تحليلية الضوء على أنماط انتهاكات الاحتلال الإسرائيلي بحق أطفال القدس وازديادها بنسبة 250% بعد السابع من أكتوبر/تشرين الأول 2023، ووجدت أنها ترقى لجرائم دولية متعددة.,1
بعد أكثر من 3 أشهر على النزوح من منازلهم بمخيمات جنين وطولكرم، وسط غياب رسمي لتوفير مراكز إيواء لهم، وتنقلهم من مكان لآخر، ينتظر الأهالي تنفيذ وعود حكومية لإيوائهم “ببيوت متنقلة” لحين انسحاب الاحتلال.,1
"ترامب سيأتي بالتطبيع مرة أخرى إلى الشرق الأوسط"""" - جيروزاليم بوست""",1
الأطراف الصناعية سهلة التركيب تمنح الأمل لآلاف مبتوري الأطراف في غزة,1
الخارجية القطرية: جهود الوساطة بين إسرائيل وحماس معلقة في الوقت الحالي,1
فتوى دينية من غزة تدين هجوم حماس على إسرائيل في السابع من أكتوبر,1
إصابة مشجعين إسرائيليين لكرة القدم في اشتباكات مع محتجين مؤيدين للفلسطينيين في هولندا,1
الأمم المتحدة: 70 في المئة من ضحايا الحرب في غزة من النساء والأطفال,1
"""""""هل يُوقف دونالد ترامب الحروب في الشرق الأوسط؟"""" – الإيكونوميست""",1
"""حراك شعبي لأول مرة في غزة تحت شعار """"لا للاحتكار وجشع التجار""""""",1
مقتل وإصابة العشرات في قصف إسرائيلي لمدرسة تؤوي نازحين في قطاع غزة,1
"""فيديو, ماذا يعني فوز دونالد ترامب للعالم؟, المدة 2,41""",1
لازاريني في بلا قيود: هناك محاولات إسرائيلية  للقضاء على الأونروا وتفكيكها,1
"""مقتل 20 شخصاً في غارة إسرائيلية على بلدة برجا جنوب بيروت، ونداءات أممية لـ""""تلبية الاحتياجات العاجلة"""" للمتضررين""",1
"""بعد إقالته من منصب وزير الدفاع، غالانت يدعو لإعادة الرهائن """"أحياء""""، والوزير الجديد يتعهد بـ""""هزيمة الأعداء""""""",1
الانتخابات الأمريكية قد تُغير العالم، إليكم كيف!,1
"""الحرب في شمال غزة: """"ما يحدث الآن لا يقارن بما حدث في أول الحرب""""""",1
"""حزب الله يستهدف إسرائيل بـ """"90 صاروخاً""""، والجيش الإسرائيلي يعلن مقتل قيادي كبير في الحزب""",1
"""فيديو, سفينة حربية إسرائيلية تعبر قناة السويس وهيئة القناة ترد بعد جدل واسع.. فما هي معاهدة القسطنطينية الملزمة؟, المدة 4,16""",1
إسرائيل تخطر الأمم المتحدة بإلغاء الاتفاقية مع الأونروا,1
اعتقال متحدث سابق باسم رئيس الوزراء الإسرائيلي على خلفية تسريبات أمنية من مكتب نتنياهو,1
لماذا يؤجج مذيعو التلفزيون الحكومي الإيراني نيران الحرب؟,1
"""حزب الله يعلن استهداف """"قاعدتين عسكريتين إسرائيلتين""""، ونتنياهو يتوعد برد """"حازم"""" خلال زيارته للحدود الشمالية""",1
هيئة قناة السويس ترد على جدل بعد نشر مقطع فيديو يظهر عبور سفينة حربية إسرائيلية للممر المائي,1
هاريس أم ترامب: أيهما أفضل للمنطقة العربية شعوبا وحكومات؟,1
"""""""غزة اليوم"""" عام من تغطية الحرب، فكيف كانت هذه المهمة؟""",1
مدير مكتب نتنياهو يخضع للتحقيق بشأن مزاعم تغيير معلومات تتعلق بهجوم 7 أكتوبر,1
محمود الهباش في بلا قيود: موقفنا من أي إدارة أمريكية  يعتمد على موقفها من قضيتنا,1
"""""""وسائل الإعلام الإسرائيلية جزء من الجيش"""" – هآرتس""",1
ماذا تكشف ترشيحات ترامب عن خططه تجاه الشرق الأوسط؟,1
""" واشنطن تسلم """"مقترح هدنة بين حزب الله وإسرائيل"""" إلى رئيس مجلس النواب اللبناني """,1
لماذا لا تستطيع قطر كوسيط إبرام اتفاق لوقف إطلاق النار بين إسرائيل وحماس؟,1
كيف تفاعل مستخدمو مواقع التواصل الاجتماعي مع دعم مهرجان القاهرة السينمائي لغزة؟,1
"""حرب غزة: لماذا تستمر إسرائيل في ارتكاب أفعال تصفها الأمم المتحدة ومنظمات حقوقية بأنها """"إبادة جماعية"""" و""""جريمة حرب""""؟""",1
ما لا تقتله الصواريخ فوراً، قد تقتله ولو بعد حين,1
"""اتهامات أممية وحقوقية لإسرائيل بأن ممارساتها خلال حرب غزة """"تتسق مع خصائص الإبادة الجماعية"""" وترقى إلى """"جريمة حرب""""""",1
"""""""إدارة ترامب الجديدة تدفع بعجلة العد التنازلي نحو نهاية إسرائيل الديمقراطية"""" - هآرتس""",1
"""فيديو, أوسلو، النقطة الأقرب للسلام بين الفلسطينيين والإسرائيليين: كيف بدأت وأين وصلت؟, المدة 9,57""",1
"""""""خاتم زوجتي أنقذني"""": سوريون يفرون من لبنان ليواجهوا الاعتقال والموت في وطنهم""",1
"""""""إسرائيل تهدف إلى ضم شمال غزة"""" - الغارديان""",1
"""بلينكن يدعو إلى """"هدنة إنسانية طويلة"""" في غزة لإيصال المساعدات، والجيش الإسرائيلي يواصل غاراته على القطاع""",1
"""الجيش الإسرائيلي يعلن فتح معبر جديد لدخول المساعدات إلى غزة، ومقتل """"عشرات الفلسطينيين"""" مع استمرار القصف""",1
"""فيديو, في ثلاث دقائق، أهم لحظات القمة العربية والإسلامية غير العادية في الرياض, المدة 3,05""",1
"""أي موقع محتمل لليمن في خارطة """"شرق أوسط جديد""""؟""",1
البيان الختامي لقمة الرياض يحذر من خطورة التصعيد الذي يعصف بالمنطقة وتبعاته الإقليمية والدولية,1
"""""""قوافل الإغاثة الداخلة لقطاع غزة تتعرّض للنهب تحت سمع وبصر قوات إسرائيلية""""-  هآرتس""",1
"""حرائق إثر سقوط """"شظايا صواريخ"""" في إسرائيل، وحزب الله ينفي """"تراجع مخزون صواريخه""""""",1
"""فيديو, هل غيّرت الحرب في غزة ولبنان التوجهات السياسية للعرب في أمريكا؟, المدة 4,06""",1
"""نتنياهو يقر بعملية """"البيجر"""" بلبنان، ويقول إنه لم يستمع للتحذيرات""",1
"""قتلى ومصابون في قصف """"إسرائيلي"""" لـ """"مبنى سكني"""" في ريف دمشق بسوريا""",1
عبر جمهور منصات التواصل الاجتماعي عن استهجانهم لما شاهدوه من صور الاحتفال بافتتاح “مول” جديد في رام الله بالضفة الغربية.,1
هدد وزير الدفاع الإسرائيلي يسرائيل كاتس بجعل قطاع غزة “أصغر وأكثر عزلة”، مقدما رؤيته لاستكمال تهجير سكانه من مناطقهم.,1
تهرّب إسرائيل نفاياتها السامة إلى الضفة الغربية المحتلة، محوّلة الأراضي الفلسطينية إلى مكب خطير يهدد البيئة وصحة الفلسطينيين، في جريمة بيئية تخرق القوانين الدولية.,1
أفادت مصادر طبية للجزيرة بارتفاع عدد الشهداء في الغارات الإسرائيلية المتواصلة على مختلف مناطق قطاع غزة منذ فجر الأحد إلى 38 شهيدا، 3 منهم سقطوا في غارة استهدفت مبنى تابعا لبلدية دير البلح وسط القطاع.,1
اقتحمت قوات الاحتلال مناطق مختلفة من الضفة الغربية، وأصابت مواطنين في البيرة، وأجبرت مزيدا من سكان مخيم نور شمس على إخلاء مساكنهم.,1
تستمر مظاهرات أهالي الأسرى الإسرائيليين للمطالبة بتوقيع صفقة تبادل مع المقاومة الفلسطينية وإنهاء الحرب، بينما وقّع المئات من الأطباء وموظفي الموساد السابقين عريضة تطالب بوقف الحرب وإعادة الأسرى.,1
ركزت صحف عالمية اهتمامها على القصف الإسرائيلي الذي استهدف المستشفى المعمداني شرقي مدينة غزة، وسلطت الضوء أيضا على تداعيات الحصار الخانق المفروض على القطاع منذ مطلع الشهر الماضي.,1
يعيد القصف الإسرائيلي الأخير الذي استهدف بصاروخين أحد المباني في المستشفى المعمداني بمدينة غزة فجر اليوم إلى الواجهة الاستهداف الممنهج للقطاع الطبي في قطاع غزة منذ بدء الحرب قبل عام ونصف.,1
أعرب رئيس الوزراء الإسرائيلي بنيامين نتنياهو عن دعمه لابنه يائير، بعد شتمه الرئيس الفرنسي إيمانويل ماكرون الذي أبدى تأييده لفكرة قيام دولة فلسطينية.,1
قالت منظمة أطباء بلا حدود إن إسرائيل تنفذ تطهيرا عرقيا ضد ملامح الحياة في قطاع غزة، مؤكدة أن رائحة الموت تفوح في كل مكان، إذ ترتكز العقيدة العسكرية الإسرائيلية على مبدأ الانتقام العشوائي الأعمى.,1
في اليوم الـ28 من استئناف العدوان على قطاع غزة، استشهد عشرات الفلسطينيين في غارات إسرائيلية على القطاع، في حين كبدت المقاومة الفلسطينية جيش الاحتلال خسائر بشرية في كمين برفح جنوبي القطاع.,1
قال الخبير العسكري العقيد حاتم كريم الفلاحي إن عملية كتائب القسام -الجناح العسكري لحركة حماس- في مدينة رفح جنوبي قطاع غزة تحمل رسائل ودلالات، بعد تساؤلات كثيرة عن إدارة المقاومة لمعركتها الدفاعية.,1
"أفادت الشرطة البريطانية أنّها اعتقلت رجلاً تسلق برج ساعة """"بيغ بن"""" التاريخي رافعًا العلم الفلسطيني، وتمسّك الرجل، الذي كان حافي القدمين، ويرتدي ملابس سوداء بالكامل، بجانب البرج لعدة ساعات بينما حاول طاقم الإطفاء التحدث معه.""",1
"""لطالما كان فن التطريز الفلسطيني جزءًا من حياة الشابة زين المصري، مع نشأتها في منزلٍ مليء بالأثاث واللوحات المزينة بأنماط التطريز المتنوعة والزاهية.",1
"في عام 2021، قررت المصري، وهي فلسطينية الأصل، الربط بين شغفها في التطريز وخلفيتها في مجال التكنولوجيا، وإطلاق منصة """"Tirazain"""" (طرازين) عبر الإنترنت لإنشاء سجل رقمي لفن التطريز الفلسطيني الموروث عبر الأجيال، والذي يتعرض لمخاطر تهدد ببقاء استمراريته، وفقًا للموقع الرسمي لمنظمة اليونسكو.""",1
"""كان حاكم ولاية أركنساس السابق مايك هاكابي، الذي أعلن الرئيس الأمريكي المنتخب، دونالد ترامب، الثلاثاء، أنه مرشحه لمنصب السفير الأمريكي إلى إسرائيل، قد قال في الماضي، كما يكشف مقطع فيديو من عام 2008، إنه """"لا يوجد شيء اسمه فلسطيني"""" وأن الأمر """"أداة سياسية لمحاولة إجبار إسرائيل على التخلي عن أرضها"""". لدى أندرو كاتشينسكي، كبير محرري KFILE في شبكة CNN، المزيد من التفاصيل.""",1
"""قال وزير الخارجية السعودي الأمير فيصل بن فرحان إن """"إن إنشاء دولة فلسطينية لا يتعلق بما إذا كانت إسرائيل تقبل أم لا، بل إنه مرتبط بمبادئ القانون الدولي"""".مضيفًا أن """"قرارات الأمم المتحدة التي أدت إلى إنشاء دولة إسرائيل كانت تهدف بوضوح إلى إقامة دولة فلسطينية أيضًا، لذا يتعين علينا أن نجعل ذلك يحدث.""""""",1
"""قال وزير الخارجية السعودي الأمير فيصل بن فرحان إن تطبيع بلاده مع إسرائيل """"غير وارد حتى التوصل إلى حل بشأن إقامة الدولة الفلسطينية"""" مضيفًا أن """"أمن كل المنطقة معرض للخطر إذا لم نعالج حقوق الفلسطينيين، وإذا لم نجد طريقًا إلى مسار يقودنا إلى دولة فلسطينية"""".""",1
وجدت المصورة السلوفاكية، بيترا باسناكوفا، الألم، والهدف، والسلام في كل منعطف من رحلتها التي استمرت ثلاث سنوات مع عائلات الصحراء البدوية الفلسطينية.,1
اتُهمت امرأة تبلغ من العمر 42 عامًا في مدينة يولس بولاية تكساس الأمريكية بمحاولة القتل العمد وإصابة طفل بعد محاولتها إغراق طفلين في مسبح مجمع سكني والإدلاء بتصريحات عنصرية تجاه والدتهما الفلسطينية.,1
"""افتتح الشيف فادي قطان، مطعمًا فاخرًا بمسقط رأسه في بيت لحم بالضفة الغربية. وأصدر في الآونة الأخيرة كتاب طبخ جديد بعنوان """"بيت لحم: احتفال بالطعام الفلسطيني"""". زارت كريستيان أمانبور، كبيرة المذيعين الدوليين في CNN، مطعمه الشهير """"عكوب"""" (Akub) في لندن للحديث عن الحفاظ على الهوية الفلسطينية، في ظل استيعاب تأثير الحرب القائمة على عائلته وأصدقائه.""",1
"""خلال تعليقه على تصويت الجمعية العامة بأغلبية كبيرة على منح السلطة الفلسطينية العضوية الكاملة في مجلس الأمن، قال السفير الفلسطيني لدى المملكة المتحدة، حسام زملط إن """"إن ذلك لا يمثل خطوة رمزيًة فحسب، بل فعلية، وتمثل إرادة شعوب العالم"""".""",1
صدر قرار للأمم المتحدة يؤيد العضوية الفلسطينية بتأييد ساحق، الجمعة، ومنح امتيازات جديدة للسلطة الفلسطينية بصفتها الحالية كدولة مراقب غير عضو,1
ركز الإعلام الإسرائيلي في نقاشاته على ما وصفها بالقضية العاصفة المتعلقة بتوسع دائرة المنضمين إلى رسائل الاحتجاج والعرائض التي ترفض الحرب في قطاع غزة.,1
أكد الناطق باسم الدفاع المدني في غزة الرائد محمود بصل، أن استهداف الاحتلال الإسرائيلي لمستشفى الأهلي العربي (المعمداني) يعرض حياة المصابين والجرحى للخطر، لأنه لا وجود لمكان آخر يخضعون فيه للعلاج.,1
دان بطاركة ورؤساء كنائس القدس وأبرشية القدس الأسقفية قصف الاحتلال الإسرائيلي المستشفى المعمداني التابع للكنيسة الأسقفية الإنجليكانية في “أحد الشعانين”، وعدّوه إهانة لجميع المسيحيين.,1
في حوار خاص مع الجزيرة نت يتحدث منسق الحملة الوطنية لاسترداد جثامين الشهداء حسين شجاعية عن أعداد الجثامين المحتجزة من القدس والضفة وقطاع غزة وعن ظروف الاحتجاز ودوافع الاحتلال وراء ذلك.,1
هيمنت المأساة الإنسانية المتواصلة في قطاع غزة والمحادثات الأميركية الإيرانية في العاصمة العمانية مسقط على اهتمامات صحف ومواقع عالمية.,1
أفادت مصادر للجزيرة بأن مئات المستوطنين اقتحموا المسجد الأقصى بحماية من الشرطة الإسرائيلية منذ ساعات الصباح، وذلك تزامنا مع “عيد الفصح” اليهودي والدعوات لإدخال قرابين للأقصى وذبحها.,1
في وقت مبكر اليوم، قصف الطيران الإسرائيلي مستشفى المعمداني بمدينة غزة، وهو أحد المنشآت الطبية القليلة التي ما زالت تعمل بالقطاع، مما استدعى إجلاء مئات الجرحى والمرضى الموجودين داخله، في ظروف مأساوية.,1
في قطاع غزة، حيث تختلط الحياة بالموت في كل يوم، قتلت إسرائيل اليوم الأحد 6 إخوة دفعة واحدة إثر قصف استهدف سيارتهم المدنية في منطقة دير البلح وسط قطاع غزة.,1
استهدفت غارة إسرائيلية مستشفى المعمداني في مدينة غزة، مما أثار حالة من الرعب وأجبر المرضى والعاملين فيه على مغادرته.,1
أفاد مراسل الجزيرة بخروج المستشفى المعمداني في مدينة غزة عن الخدمة إثر قصف إسرائيلي فجر اليوم الأحد، في حين يفترش المرضى والجرحى الشوارع المحيطة.,1
أفاد مراسل الجزيرة باستشهاد 9 وإصابة آخرين في قصف إسرائيلي استهدف سيارة مدنية غرب مدينة دير البلح وسط قطاع غزة، في حين دانت وزارة الصحة في غزة استهداف جيش الاحتلال الإسرائيلي المستشفى المعمداني.,1
شهدت مدن عديدة في العالم أمس السبت مظاهرات تطالب بالوقف الفوري للحرب على قطاع غزة وإدخال المساعدات ومحاسبة إسرائيل على انتهاكاتها.,1
أفاد مراسل الجزيرة بأن غارة إسرائيلية استهدفت بصاروخين أحد مباني المستشفى المعمداني في مدينة غزة فجر اليوم الأحد، مما أدى إلى تدمير المبنى بالكامل وخروج المستشفى عن الخدمة.,1
دعت القمة الثلاثية بالقاهرة لوقف العدوان الإسرائيلي على غزة، ورفض تهجير الفلسطينيين، بينما يرجح مراقبون أنها ستكون شكلية وغير مؤثرة بسبب استمرار الدعم الأميركي لتل أبيب وتعنت حكومة نتنياهو.,1
أكد الرئيس الفرنسي إيمانويل ماكرون اليوم أن قطاع غزة يعيش فيه مليونا شخص “محاصرون” ولا يمكن الحديث عنه كـ”مشروع عقاري”، في إشارة إلى تصريحات سابقة لنظيره الأميركي دونالد ترامب.,1
أدانت حركة الجهاد الإسلامي التصريحات التي وردت خلال المؤتمر الصحفي المشترك بين الرئيس الأميركي دونالد ترامب ورئيس الوزراء الإسرائيلي بنيامين نتنياهو حول “المماطلة في وقف إطلاق النار في غزة”.,1
أكد باحثون سياسيون وخبراء أن ما قامت به أجهزة أمن السلطة يمثل مؤشرا خطيرا وسلوكا يخدم أهداف الاحتلال الإسرائيلي وحده، ويمثل إقصاء للتيار المقاوم والمناضل في الشعب الفلسطيني.,1
طالب الرئيس الفلسطيني محمود عباس اليوم الثلاثاء حركة حماس بالكف عن إعطاء اسرائيل “أعذارا” للاستمرار في هجومها في قطاع غزة.,1
اقتحمت قوات الاحتلال الإسرائيلي 6 مدارس في القدس تتبع وكالة الأونروا، وأخطرت مديريها بإغلاق المدارس خلال 30 يوما، مما يضع مصير مئات الطلبة الفلسطينيين أمام مستقبل مجهول.,1
قالت حركة المقاومة الإسلامية (حماس) إن ما يجري في غزة ليس ضغطا عسكريا، وإنما انتقام وحشي من المدنيين الأبرياء.,1
يرى المحللون الإسرائيليون، أن ترامب لم يعد يمنح نتنياهو صكوك التأييد المطلق، كما فعل في الماضي. وأن اللقاء الذي جمعهما فرصة لتعزيز صورة ترامب لدى جمهوره، وحاءت مخرجاته عكس توقع إسرائيل.,1
رفض الأمين العام للأمم المتحدة أنطونيو غوتيريش مقترحا إسرائيليا جديدا للتحكم في إيصال المساعدات إلى غزة، كما شدد على رفض المنظمة الدولية إجبار سكان القطاع على النزوح.,1
قال رئيس الوزراء الإسرائيلي الأسبق إيهود أولمرت -اليوم الثلاثاء- إن رئيس الحكومة بنيامين نتنياهو “يساند الجرائم البشعة” التي يرتكبها مستوطنون ضد الفلسطينيين.,1
نظّمت حركة “الأردن تقاطع” أسبوعا ثقافيا في عمّان شمل فقرات متنوعة كجزء من فعاليات عالمية لدعم غزة ونصرتها، عبر أنشطة ثقافية وفنية ومسرحية تهدف لتعزيز سلاح المقاطعة والتضامن مع الشعب الفلسطيني.,1
"""أفادت الشرطة البريطانية أنّها اعتقلت رجلاً تسلق برج ساعة """"بيغ بن"""" التاريخي رافعًا العلم الفلسطيني، وتمسّك الرجل، الذي كان حافي القدمين، ويرتدي ملابس سوداء بالكامل، بجانب البرج لعدة ساعات بينما حاول طاقم الإطفاء التحدث معه.""",1
"""لطالما كان فن التطريز الفلسطيني جزءًا من حياة الشابة زين المصري، مع نشأتها في منزلٍ مليء بالأثاث واللوحات المزينة بأنماط التطريز المتنوعة والزاهية.",1
"في عام 2021، قررت المصري، وهي فلسطينية الأصل، الربط بين شغفها في التطريز وخلفيتها في مجال التكنولوجيا، وإطلاق منصة """"Tirazain"""" (طرازين) عبر الإنترنت لإنشاء سجل رقمي لفن التطريز الفلسطيني الموروث عبر الأجيال، والذي يتعرض لمخاطر تهدد ببقاء استمراريته، وفقًا للموقع الرسمي لمنظمة اليونسكو.""",1
"""كان حاكم ولاية أركنساس السابق مايك هاكابي، الذي أعلن الرئيس الأمريكي المنتخب، دونالد ترامب، الثلاثاء، أنه مرشحه لمنصب السفير الأمريكي إلى إسرائيل، قد قال في الماضي، كما يكشف مقطع فيديو من عام 2008، إنه """"لا يوجد شيء اسمه فلسطيني"""" وأن الأمر """"أداة سياسية لمحاولة إجبار إسرائيل على التخلي عن أرضها"""". لدى أندرو كاتشينسكي، كبير محرري KFILE في شبكة CNN، المزيد من التفاصيل.""",1
"قبيل لقائه نتنياهو، ترامب يقول إن """"لا ضمانات"""" لصمود وقف النار في غزة، وحماس تؤكد جاهزيتها لمفاوضات الجولة الثانية""",1
هل يمكن أن تطبع الجزائر مع إسرائيل؟ - مقابلة مع لوبينيون,1
"""فيديو, إجلاء أطفال مرضى من غزة بعد إعادة فتح معبر رفح, المدة 0,57""",1
"""عباس يطلب عقد جلسة طارئة لمجلس الأمن لـ""""وقف العدوان الإسرائيلي""""، والجيش الإسرائيلي يفجر بنايات في مخيم جنين""",1
"""هل تتحول العلاقة بين ترامب والسيسي إلى """"فاترة"""" بسبب غزة؟ - نيوزويك""",1
"""مفاوضات المرحلة الثانية من اتفاق وقف إطلاق النار بين حماس وإسرائيل تبدأ الاثنين، وبيان عربي يرفض """"تهجير الغزيين""""""",1
"""""""ما الذي يمكن لإسرائيل وحماس تعلّمه من اتفاقيات وقف الحرب السابقة؟"""" - الإيكونومست""",1
فتح معبر رفح لأول مرة منذ شهور لخروج الجرحى,1
عملية تبادل رابعة للسجناء والرهائن في غزة السبت، وحماس تكشف عن أسماء الرهائن الإسرائيليين المفرج عنهم,1
قنبلة داعش الموقوتة تهدد بالفوضى في الشرق الأوسط - التلغراف,1
""" رداً على تكرار تصريحات ترامب بشأن """"تهجير"""" أهل غزة، دعوات إلى التظاهر وتوقعات """"بفشل الخطة""""""",1
"""فيديو, من هو محمد الضيف الذي أعلنت حركة حماس مقتله؟, المدة 2,34""",1
"""""""هذه هي المرة الأولى التي ألمس فيها أبي""""، شابة فلسطينية تلتقي لأول مرة بوالدها المُفرج عنه""",1
إطلاق سراح ثماني رهائن إسرائيليين وتايلانديين من غزة، مقابل 110 من السجناء الفلسطينيين,1
حماس تؤكد مقتل القائد العسكري محمد الضيف، فماذا نعرف عنه؟,1
لماذا لم يُبعد السجين الأردني في إسرائيل عمّار الحويطات  إلى بلاده؟,1
كيف يفكر دونالد ترامب في إعادة إعمار غزة؟,1
"""ترامب يرى الفلسطينيين """"عقبة أمام صفقاته الكبرى"""" - الغارديان""",1
أين وصلت التحقيقات بعد عام من مقتل الطفلة هند رجب؟,1
اليمين الإسرائيلي المتطرف يخطط من أجل غزة بلا فلسطينيين - الغارديان,1
بي بي سي ترافق أول مروحية أردنية لتوصيل المساعدات إلى داخل غزة منذ وقف الحرب,1
"""ما هي ردود الفعل على حديث ترامب عن """"تطهير غزة"""" ونقل سكان القطاع إلى مصر والأردن؟""",1
"""ترامب يجدد رغبته في نقل أهل قطاع غزة إلى مكان """"أكثر أمناً""""، وآلاف النازحين يشدون الرحال صوب الشمال رغم الدمار""",1
"""""""أطفال غزة المفقودون لا يستحقون ما جرى لهم"""" - الغارديان""",1
محمد عارضة، من عملية سجن جلبوع إلى صفقة التبادل بين إسرائيل وحماس؟ ماذا نعرف عن العملية؟,1
"""""""حتى وإن عدت من أحبهم رحلوا"""" رغم الدمار، آلاف النازحين  يشدون الرحال صوب شمال غزة""",1
النازحون يبدأون العودة إلى شمال غزة عقب انسحاب الجيش الإسرائيلي من محور نتساريم، وقطر تؤكد التوصل لتفاهم بشأن رهائن جدد,1
البيت الأبيض يعلن تمديد اتفاق وقف إطلاق النار بين إسرائيل وحزب الله بعد انقضاء مهلة الستين يوماً,1
"""أسلحة """"النخبة الإسرائيلية"""" في قبضة مقاتلي القسام أثناء تسليم الرهائن، فما قصتها؟""",1
"""ترامب يطرح خطة لـ""""تطهير"""" غزة عبر نقل سكانها لمصر والأردن، ورفض من حماس والجهاد""",1
"""""""لقد تحطمت كذبة النصر الكامل على حماس"""" - هآرتس""",1
عملية طعن في تل أبيب تسفر عن إصابات، وحماس تقول إنها رد على العملية العسكرية الإسرائيلية في جنين,1
"""""""الجثث في كل شارع"""": فرق الإنقاذ في غزة تواجه حجم الدمار""",1
هل ستعود إسرائيل للحرب بعد أن تخرج رهائنها من غزة؟,1
"""استقالة رئيس هيئة أركان الجيش الإسرائيلي بسبب """"الفشل الذريع"""" في هجوم السابع من أكتوبر""",1
كيف وجد الغزيون منازلهم التي عادوا إليها بعد وقف إطلاق النار؟,1
قدح لشرب القهوة يباع بسعر قياسي في مزاد علني لغزة في مصر,1
كيف ستصبح العلاقة بين السلطة الفلسطينية وحماس ومن سيفرض سيطرته على غزة؟,1
"""فيديو, مشاهد من غزة بعد سريان الهدنة...كيف بدت الحياة بعد وقف إطلاق النار؟, المدة 5,01""",1
أبرز أحداث اليوم الثاني من وقف إطلاق النار في غزة,1
"""4 شخصيات فلسطينية """"ثقيلة"""" تُطالب حماس بالإفراج عنها، من هي؟""",1
"""""""ثلاثة أمور غير قابلة للتفاوض بالنسبة لإسرائيل في المرحلة الثانية من صفقة التبادل""""- يديعوت أحرونوت""",1
ما الذي سيفعله ترامب في الشرق الأوسط؟,1
نشوة الفرح تتلاشى في غزة مع عودة النازحين إلى منازلهم المدمرة,1
ماذا نعرف عن صفقات التبادل بين الفلسطينيين والإسرائيليين؟,1
وقف إطلاق النار في غزة لن ينهي الصراع,1
"""""""وقف إطلاق النار في غزة قبل أداء ترامب اليمين الدستورية تأييد لنظرية الرجل المجنون في العلاقات الدولية"""" – التلغراف""",1
تسلسل زمني - كيف وصلنا إلى وقف إطلاق النار في غزة؟,1
كيف استقبلت عائلات الرهائن الإسرائيليين خبر اتفاق وقف إطلاق النار في غزة؟,1
"""فيديو, ما هي مراحل اتفاق وقف إطلاق النار بين إسرائيل وحماس؟, المدة 1,37""",1
ماذا نعرف عن مروان البرغوثي الذي يتردد اسمه ضمن الصفقة بين إسرائيل وحماس؟,1
بالصور: كيف استقبل غزيون خبر اتفاق وقف إطلاق النار؟,1
اتفاق وقف إطلاق النار في غزة: أسئلة لم يُجب عنها بعد,1
"بايدن يتحدث عن """"تقدم حقيقي"""" في مفاوضات غزة، ودراسة إحصائية تقدّر عدد القتلى في القطاع بنحو 64 ألفاً """,1
"""جوزاف عون يعلن بدء """"مرحلة جديدة"""" في تاريخ البلاد وسط ترحيب عربي ودولي لانتخابه رئيساً للبنان""",1
ترامب يثير التساؤلات بمشاركته فيديو انتقاد لنتنياهو - الغارديان,1
"""مقتل ثلاثة جنود إسرائيليين شمال غزة، وبلينكن يقول إنَّ صفقة وقف إطلاق النار """"قريبة جداً""""""",1
"""""""إسرائيل تسعى لتحويل الضفة الغربية إلى نسخة من غزة"""" - هآرتس""",1
ما الذي يعنيه حظر عمل الأونروا في غزّة والضفة الغربية بالنسبة للفلسطينيين؟,1
"""قتلى إثر غارة استهدفت """"خيمة تؤوي نازحين"""" في خان يونس، وحماس تقول إن ترامب """"تسرّع في تصريحاته""""""",1
"""تفاهمات أولية لعودة النازحين إلى شمال غزة والتوصل إلى اتفاق """"قائم""""""",1
مقتل جنديين إسرائيليين وإصابة آخريْن بجروح خطيرة خلال اشتباكات شمال قطاع غزة,1
مقتل ثلاثة إسرائيليين وجرح آخرين في عملية إطلاق نار على حافلة في الضفة الغربية,1
بي بي سي تطلّع على قائمة لـ 34 رهينة تقول حماس إنها مستعدة للإفراج عنهم، وإسرائيل تنفي استلامها,1
"""بلينكن """"واثق"""" من التوصل إلى وقف إطلاق نار في غزة، وواشنطن تعلن خطة بيع أسلحة لإسرائيل بـ 8 مليارات دولار""",1
"""كيف تمكن جندي إسرائيلي من الهروب من البرازيل بعد صدور مذكرة اعتقال ضده بسبب """"ارتكاب جرائم حرب""""؟""",1
تحديات اقتصادية تواجه وعد ترامب بتقليص الهجرة- لوموند الفرنسية,1
"""إسرائيل تدافع عن غارتها على مستشفى كمال عدوان، ومسؤول أممي يرفض """"الادعاءات"""" ويدعو مجلس الأمن للتحقيق""",1
وفد مفاوضات إسرائيلي إلى الدوحة الجمعة، وتراشق أممي بعد إحراق مستشفى كمال عدوان,1
⁠الأمطار تحصد الأرواح وتغرق الخيام في قطاع غزة,1
"""ارتفاع حصيلة هجوم نيو أورليانز إلى 15 قتيلاً، و بايدن يقول إن المشتبه به """"يتبنى أفكار تنظيم الدولة الإسلامية""""""",1
"""""""أمل الإسرائيليين الوحيد في 2025 يجب أن يكون إنهاء حرب غزة"""" - هآرتس""",1
إلى أين يتجه ترامب بالاقتصاد العالمي بعد تطورات درامية في 2024؟,1
من يحمي أطفال الخيام في غزة من قسوة الشتاء؟,1
"""فيديو, كيبوتس نير عوز في جنوب إسرائيل بعد أكثر من عام على الحرب, المدة 3,09""",1
عام 2024: أبرز الأحداث التي مرت خلال عام في صور,1
ستة رضّع قضوا بسبب البرد في غزة خلال أسبوعين,1
"""المستشفيات في غزة """"أرض معركة""""، ونازحون يتساءلون: أين نذهب؟""",1
"""""""ترامب لديه أطماع توسعية تشمل غرينلاند وبنما وكندا""""- واشنطن بوست""",1
زوجة الطبيب حسام أبو صفية: تعرفت عليه أثناء دراسته الطب في كازاخستان ومن أجله تركت وطني,1
عام جديد على الأبواب: ما الذي تأملونه في 2025 بعد عام مليء بالحروب والصراعات؟,1
أبرز الأحداث التي هزت العالم في عام 2024,1
وثائق سرية لنظام الأسد تكشف محاكمة أطفال – صنداي تايمز,1
الحوثيون يعلنون استهداف قاعدة نيفاتيم الجوية الإسرائيلية,1
الجيش الإسرائيلي يسقط صاروخين فوق القدس، انطلقا من شمال غزة,1
الأونروا: الأطفال في غزة يتجمدون حتى الموت بسبب البرد، ومقتل إسرائيلية إثر عملية طعن في هرتسليا,1
"""أساليب """"معيبة"""" استخدمتها إسرائيل أدت لمقتل مدنيين في غزة - نيويورك تايمز""",1
"""""""يجب علينا ألا ننتظر ترامب لإتمام الصفقة مع حماس"""" - هآرتس""",1
خمسة صحفيين من بين القتلى في غارات إسرائيلية على قطاع غزة,1
إسرائيل وحماس تتبادلان الاتهامات بشأن عرقلة اتفاق وقف إطلاق النار، والجيش الإسرائيلي يعلن سقوط طائرة مسيّرة في منطقة مفتوحة,1
رئيس الوزراء الإسرائيلي السابق: تدمير حلقة النار الإيرانية فرصة لنا - واشنطن بوست,1
"""فيديو, هجمات الفصائل العراقية على إسرائيل خلال عام من الحرب - بي بي سي تقصي الحقائق, المدة 4,24""",1
الجيش الاسرائيلي يعلن اعتراض صاروخ أطلق من اليمن,1
بي بي سي لتقصي الحقائق: كيف تغيرت استراتيجية هجمات الفصائل العراقية على إسرائيل خلال عام من الحرب,1
إلى أين يمضي تدهور الوضع الإنساني في غزة؟,1
الكنيست الإسرائيلي يمدد حالة الطوارئ، فما الذي يعنيه ذلك؟,1
أحمد الشرع: الرغبة في بناء سوريا والتخلص من وصمة الماضي – الغارديان,1
لماذا يتأخر الإعلان عن وقف إطلاق النار في غزة؟,1
إسرائيل تقر رسميا بمسؤوليتها عن اغتيال إسماعيل هنية في طهران,1
"""""""اهزموا طهران، وليس صنعاء"""" – يديعوت أحرنوت""",1
قصف إسرائيلي يطال خيام نازحين في خان يونس,1
"""نتنياهو يعلن رفضه الانسحاب من محور فيلادلفيا، ويتعهد بتحقيق أهداف الحرب و""""تدمير"""" حماس""",1
مسؤولون فلسطينيون وإسرائيليون يرجحون التوصل إلى اتفاق وقف إطلاق النار بحلول الغد على أقصى تقدير,1
"""""""نتنياهو ضحى بالرهائن الإسرائيليين من أجل مصلحته الشخصية"""" - هآرتس""",1
"""فلسطينيون وإسرائيليون يعربون عن """"تفاؤل حذر"""" بشأن إبرام اتفاق وشيك لوقف إطلاق النار في غزة""",1
ماذا نعرف عن اتفاق وقف إطلاق النار الوشيك في غزة؟,1
"""بي بي سي لتقصي الحقائق: نحو 100 ضربة جوية إسرائيلية استهدفت """"المنطقة الإنسانية"""" في غزة""",1
كيف يتابع الفلسطينيون والإسرائيليون الحديث عن اتفاق وشيك لوقف إطلاق النار؟,1
"""""""إذا انتهت الحرب في غزة، فمن حق ترامب إعلان انتصاره الكبير"""" - التلغراف""",1
"""محادثات وقف إطلاق النار في غزة تصل إلى """"المراحل النهائية"""" مع ظهور تفاصيل الاتفاق""",1
بايدن: الأطراف المعنية على وشك إبرام اتفاق وقف إطلاق النار في غزة,1
ما قصة أكبر تجمع لفلسطينيي الشتات خارج العالم العربي؟,1
تركيا والأردن: كيف يُفهم التقارب الإقليمي وسط حرائق غزة وسقوط حاكم دمشق؟,1
مقتل أربعة جنود إسرائيليين شمال غزة، وحديث عن تصور محتمل لوقف إطلاق النار,1
جراح عراقي يعيد وصل يد طفلة غزاوية بعد بترها وفقدانها تحت الركام,1
"""الرئيس اللبناني الجديد """"يسير في حقل ألغام سياسي"""" - هآرتس""",1
"""""""صفقة الرهائن هي أول اختبار حقيقي لترامب"""" - يديعوت أحرونوت""",1
"""فيديو, بعد الهدنة .. كيف سيحصل تبادل الرهائن بالمحتجزين؟, المدة 1,12""",1
"""فيديو, إسرائيليون ينتظرون عودة الرهائن المحتجزين في غزة, المدة 1,16""",1
"""عشية دخول اتفاق غزة حيز التنفيذ، نتنياهو يرفض الانسحاب من محور فيلادلفيا ويهدد بالعودة للقتال """"بقوة""""""",1
اتفاق وقف إطلاق النار يُلزم إسرائيل بقبول إقامة حكم بديل في غزة - هآرتس,1
تحديات داخلية تنتظر الحكومة الإسرائيلية في المرحلة الثانية من اتفاق وقف إطلاق النار,1
"""فيديو, جورج عدوان في بلا قيود: نطالب حزب الله أن يلتزم بما فاوض ووقع عليه, المدة 1,29""",1
"""""""هناك قوى تريد إفساد الصفقة، وعلى الإسرائيليين الكفاح من أجل إتمامها"""" – هآرتس""",1
بي بي سي ترافق أكبر قافلة مساعدات تصل لغزة منذ بداية الحرب,1
"""فيديو, أكبر قافلة مساعدات إلى غزة منذ بدء الحرب, المدة 2,23""",1
إسرائيل وحماس: هل يدخل اتفاق وقف إطلاق النار في غزة مرحلة التنفيذ في موعده؟,1
حماس تسلم أسماء 4 رهائن ضمن صفقة التبادل، وإسرائيل تطلب إخلاء الأونروا في القدس بنهاية الشهر,1
"""""""حان الوقت للانتقال إلى الهجوم في الضفة الغربية"""" – يديعوت أحرونوت""",1
"""عائلات تبحث عن مفقودين في غزة: """"عظام ابنتي كانت متناثرة على الأرض""""""",1
"""""""جثامين آلاف القتلى"""" لا تزال مفقودة تحت ركام المنازل في غزة، وذخائر غير منفجرة تمثل خطورة شديدة""",1
"""""""نفوذ قطر المتنامي في المنطقة فرصة أم تهديد إقليمي لإسرائيل؟ """" - جيروزاليم بوست""",1
"""فيديو, هل حافظت حماس على قوتها العسكرية بعد 15 شهرا من حرب غزة؟, المدة 2,25""",1
بالأرقام، ما حجم الدمار الذي خلفته الحرب في غزة؟,1
كيف ساهمت مصر وقطر في الوصول لاتفاق وقف إطلاق النار في غزة؟,1
"""فيديو, ماذا يعني حظر إسرائيل للأونروا بالنسبة لملايين الفلسطينيين؟, المدة 3,21""",1
"""فيديو, عائلات الرهائن الإسرائيليين يدعون حكومتهم إلى تمديد وقف إطلاق النار, المدة 2,42""",1
كيف تتم عملية تبادل الرهائن في غزة؟,1
"""""""الطريق سيكون طويلا جدا"""" لإعادة بناء غزة من الصفر""",1
"""مبعوث ترامب في إسرائيل لـ""""مراقبة وتعزيز وقف إطلاق النار""""""",1
"""فيديو, نازحون يعودون إلى الشمال ليجدوا منازلهم رماداً, المدة 1,20""",1
"""فيديو, بي بي سي ترافق أول مروحية أردنية لتوصيل المساعدات إلى غزة, المدة 1,00""",1
"""قال وزير الخارجية السعودي الأمير فيصل بن فرحان إن """"إن إنشاء دولة فلسطينية لا يتعلق بما إذا كانت إسرائيل تقبل أم لا، بل إنه مرتبط بمبادئ القانون الدولي"""".مضيفًا أن """"قرارات الأمم المتحدة التي أدت إلى إنشاء دولة إسرائيل كانت تهدف بوضوح إلى إقامة دولة فلسطينية أيضًا، لذا يتعين علينا أن نجعل ذلك يحدث.""""""",1
"""قال وزير الخارجية السعودي الأمير فيصل بن فرحان إن تطبيع بلاده مع إسرائيل """"غير وارد حتى التوصل إلى حل بشأن إقامة الدولة الفلسطينية"""" مضيفًا أن """"أمن كل المنطقة معرض للخطر إذا لم نعالج حقوق الفلسطينيين، وإذا لم نجد طريقًا إلى مسار يقودنا إلى دولة فلسطينية"""".""",1
وجدت المصورة السلوفاكية، بيترا باسناكوفا، الألم، والهدف، والسلام في كل منعطف من رحلتها التي استمرت ثلاث سنوات مع عائلات الصحراء البدوية الفلسطينية.,1
اتُهمت امرأة تبلغ من العمر 42 عامًا في مدينة يولس بولاية تكساس الأمريكية بمحاولة القتل العمد وإصابة طفل بعد محاولتها إغراق طفلين في مسبح مجمع سكني والإدلاء بتصريحات عنصرية تجاه والدتهما الفلسطينية.,1
"""افتتح الشيف فادي قطان، مطعمًا فاخرًا بمسقط رأسه في بيت لحم بالضفة الغربية. وأصدر في الآونة الأخيرة كتاب طبخ جديد بعنوان """"بيت لحم: احتفال بالطعام الفلسطيني"""". زارت كريستيان أمانبور، كبيرة المذيعين الدوليين في CNN، مطعمه الشهير """"عكوب"""" (Akub) في لندن للحديث عن الحفاظ على الهوية الفلسطينية، في ظل استيعاب تأثير الحرب القائمة على عائلته وأصدقائه.""",1
"""خلال تعليقه على تصويت الجمعية العامة بأغلبية كبيرة على منح السلطة الفلسطينية العضوية الكاملة في مجلس الأمن، قال السفير الفلسطيني لدى المملكة المتحدة، حسام زملط إن """"إن ذلك لا يمثل خطوة رمزيًة فحسب، بل فعلية، وتمثل إرادة شعوب العالم"""".""",1
صدر قرار للأمم المتحدة يؤيد العضوية الفلسطينية بتأييد ساحق، الجمعة، ومنح امتيازات جديدة للسلطة الفلسطينية بصفتها الحالية كدولة مراقب غير عضو,1
حذرت وزارة الصحة في قطاع غزة من كارثة صحية وشيكة بسبب النقص الحاد في الأدوية والمستلزمات الطبية.,1
يسلط التقرير الذي أعدّته منظمة “كرم نابوت” بالتعاون مع حركة “السلام الآن”، الضوء على العلاقة الوثيقة بين الحكومة الإسرائيلية ومليشيات المستوطنين، التي تمارس العنف والتهجير بحق الفلسطينيين.,1
حذر الخبير العسكري العقيد حاتم كريم الفلاحي من التسريبات الإسرائيلية الأخيرة، إذ قال إن بعضها يتخذ ذريعة لاستمرار القتال وعملية التدمير الممنهج في قطاع غزة.,1
ينظم المؤتمر الشعبي لفلسطينيي الخارج غدا الجمعة مؤتمره السياسي الوطني في العاصمة التركية إسطنبول لرفض مشاريع التهجير وإحياء حق العودة للأراضي الفلسطينية، وتستمر فعالياته حتى السبت القادم.,1
اقتحمت قوات الاحتلال مناطق عدة في الضفة الغربية اليوم الخميس تخللتها عمليات دهم للمنازل واعتداءات على مواطنين، في حين انسحب جيش الاحتلال من مخيم بلاطة بنابلس بعد عملية عسكرية استمرت نحو 24 ساعة.,1
بجسد نحيل وخطوات ثقيلة كان أول ظهور للأسير المقدسي المفرج عنه أحمد مناصرة عقب تسليمه قرارا من شرطة الاحتلال بالحبس المنزلي، وذلك بعد بعد قضائه قرابة 10 سنوات في الاعتقال.,1
تختلف العملية العسكرية الإسرائيلية “السور الحديدي” عن سابقاتها، ليس في حجم القوة العسكرية وهو أكبر، بل في كونها تستهدف تفكيك المخيمات الفلسطينية والبقاء لفترة طويلة.,1
أكدت مصادر طبية للجزيرة استشهاد 23 وإصابة آخرين جراء القصف الإسرائيلي الجوي والمدفعي الإسرائيلي المتواصل على قطاع غزة منذ فجر اليوم، في حين زعم جيش الاحتلال اغتيال قائد ميداني في حركة حماس.,1
خرج الطفل أحمد مناصرة من سجون الاحتلال الإسرائيلي شابا يبلغ من العمر 23 عاما، يحمل في ذاكرته من الأوجاع ما لا يُنسى وما لا يُمحى.,1
رغم دمار المدارس وتأثر قطاع التعليم بشكل مأساوي نتيجة الحرب، فإن معلمي غزة يبادرون لتعليم الأطفال بالخيام وعبر منصات رقمية، متحدّين الحصار ونقص الموارد لإنقاذ العام الدراسي ودعم الطلاب نفسيا ومعنويا.,1
مشروع طرحه دونالد ترامب بهدف تحويل قطاع غزة إلى “وجهة سياحية عالمية”، تركزت رؤيته الاقتصادية على 3 محاور رئيسية هي السياحة والزراعة والتكنولوجيا، مع التركيز الأساسي على إخلاء القطاع بالكامل.,1
وفق معطيات مؤسسات إغاثية وأممية، فإن 91% من سكان القطاع يصنفون بأنهم “في مرحلة الأزمة بانعدام الأمن الغذائي، منهم 345 ألفا في أخطر مراحل انعدام الأمن الغذائي.,1
طالبت حركة المقاومة الإسلامية (حماس) الاتحاد البرلماني الدولي بفرض عزل على إسرائيل ومقاطعتها، كما رحبت الحركة باعتماد منظمة اليونسكو القرارين اللذين يدعوان لوقف المشاريع الاستيطانية بالقدس والخليل.,1
شهدت إسرائيل منعطفًا سياسيًا جديدًا يوم 8 أبريل/ نيسان 2025، حين أصدرت المحكمة العليا قرارًا بتجميد إقالة رئيس الشاباك، رونين بار، ومنعت تعيين بديل له مؤقتًا.,1
قالت مصادر طبية فلسطينية للجزيرة إن 22 فلسطينيا استشهدوا في القصف الإسرائيلي المتواصل على أحياء سكنية في قطاع غزة منذ فجر اليوم.,1
على امتداد الطريق الساحلي المعروف بطريق الرشيد، في قطاع غزة، شوهدت موجات جديدة من النزوح في مشهد مألوف يتكرر منذ بدء الحرب على غزة.,1
“كأنك تبحث عن إبرة في كومة قش”. بهذه العبارة المؤلمة وصف ضابط الإسعاف الفلسطيني إبراهيم أبو الكاس اللحظات العصيبة التي عاشها خلال محاولات البحث عن زملائه من طواقم الإسعاف والدفاع المدني، الذين استُشهد,1
"""قال وزير الخارجية السعودي الأمير فيصل بن فرحان إن """"إن إنشاء دولة فلسطينية لا يتعلق بما إذا كانت إسرائيل تقبل أم لا، بل إنه مرتبط بمبادئ القانون الدولي"""".مضيفًا أن """"قرارات الأمم المتحدة التي أدت إلى إنشاء دولة إسرائيل كانت تهدف بوضوح إلى إقامة دولة فلسطينية أيضًا، لذا يتعين علينا أن نجعل ذلك يحدث.""""""",1
"""قال وزير الخارجية السعودي الأمير فيصل بن فرحان إن تطبيع بلاده مع إسرائيل """"غير وارد حتى التوصل إلى حل بشأن إقامة الدولة الفلسطينية"""" مضيفًا أن """"أمن كل المنطقة معرض للخطر إذا لم نعالج حقوق الفلسطينيين، وإذا لم نجد طريقًا إلى مسار يقودنا إلى دولة فلسطينية"""".""",1
وجدت المصورة السلوفاكية، بيترا باسناكوفا، الألم، والهدف، والسلام في كل منعطف من رحلتها التي استمرت ثلاث سنوات مع عائلات الصحراء البدوية الفلسطينية.,1
اتُهمت امرأة تبلغ من العمر 42 عامًا في مدينة يولس بولاية تكساس الأمريكية بمحاولة القتل العمد وإصابة طفل بعد محاولتها إغراق طفلين في مسبح مجمع سكني والإدلاء بتصريحات عنصرية تجاه والدتهما الفلسطينية.,1
"""افتتح الشيف فادي قطان، مطعمًا فاخرًا بمسقط رأسه في بيت لحم بالضفة الغربية. وأصدر في الآونة الأخيرة كتاب طبخ جديد بعنوان """"بيت لحم: احتفال بالطعام الفلسطيني"""". زارت كريستيان أمانبور، كبيرة المذيعين الدوليين في CNN، مطعمه الشهير """"عكوب"""" (Akub) في لندن للحديث عن الحفاظ على الهوية الفلسطينية، في ظل استيعاب تأثير الحرب القائمة على عائلته وأصدقائه.""",1
"""خلال تعليقه على تصويت الجمعية العامة بأغلبية كبيرة على منح السلطة الفلسطينية العضوية الكاملة في مجلس الأمن، قال السفير الفلسطيني لدى المملكة المتحدة، حسام زملط إن """"إن ذلك لا يمثل خطوة رمزيًة فحسب، بل فعلية، وتمثل إرادة شعوب العالم"""".""",1
صدر قرار للأمم المتحدة يؤيد العضوية الفلسطينية بتأييد ساحق، الجمعة، ومنح امتيازات جديدة للسلطة الفلسطينية بصفتها الحالية كدولة مراقب غير عضو,1
وسع جيش الاحتلال الإسرائيلي من رقعة عملياته البرية داخل قطاع غزة، إذ تعمل الفرقة 252 في حي الشجاعية شرقي غزة بالتوازي مع موجة واسعة من الغارات الجوية.,1
اتهمت خبيرة الذكاء الاصطناعي، هايدي خلاف، الجيش الإسرائيلي باستخدام تطبيقات ذكاء اصطناعي خلال هجماته على قطاع غزة، بالتعاون مع شركات تكنولوجية كبرى مثل غوغل ومايكروسوفت وأمازون.,1
وجه زعيم المعارضة الإسرائيلية انتقادات لاذعة لرئيس الوزراء الذي تتواصل مظاهرات أهالي الأسرى المحتجزين في غزة للتنديد بموقفه الذي يشكل خطرا على ذويهم.,1
قال الخبير العسكري اللواء فايز الدويري إن الهدف الإستراتيجي لجيش الاحتلال الإسرائيلي هو إعادة السيطرة على قطاع غزة ولكن عبر مرحلتين، مؤكدا أنه يريد فرض واقع جديد في ظل الحصار والتجويع والقتل البطيء.,1
أفاد تحقيق للجيش الإسرائيلي أن حركة حماس لم تكن على علم مسبق بحفل “نوفا” الموسيقي خلال هجوم “طوفان الأقصى” في 7 أكتوبر/تشرين الأول 2023، وكانت مصادفة بحتة أن تزامن هجومها مع المهرجان.,1
واصلت قوات الاحتلال الإسرائيلي -الليلة الماضية وفجر اليوم الجمعة- حملتها العسكرية في مناطق عدة بالضفة الغربية، في حين أفادت مصادر للجزيرة باستشهاد فلسطيني برصاص الاحتلال خلال اعتقاله في جنين.,1
أكدت حركة حماس أن المشاهد التي وجدت في هاتف أحد المسعفين الذين استشهدوا بنيران قوات الاحتلال الإسرائيلي في رفح جنوبي قطاع غزة تكشف عن “جريمة إعدام ميداني بشعة ارتكبها جيش الاحتلال”.,1
لجنة تحقيق شكّلتها بريطانيا بعد الثورة الفلسطينية الكبرى التي اندلعت عام 1936، وبدأت بإضراب عام استمر عدة شهور. سميت رسميا “اللجنة الملكية لفلسطين”، وتسمى كذلك “لجنة بيل” نسبة لرئيسها إيرل بيل.,1
"""أفادت الشرطة البريطانية أنّها اعتقلت رجلاً تسلق برج ساعة """"بيغ بن"""" التاريخي رافعًا العلم الفلسطيني، وتمسّك الرجل، الذي كان حافي القدمين، ويرتدي ملابس سوداء بالكامل، بجانب البرج لعدة ساعات بينما حاول طاقم الإطفاء التحدث معه.""",1
"""لطالما كان فن التطريز الفلسطيني جزءًا من حياة الشابة زين المصري، مع نشأتها في منزلٍ مليء بالأثاث واللوحات المزينة بأنماط التطريز المتنوعة والزاهية.",1
"في عام 2021، قررت المصري، وهي فلسطينية الأصل، الربط بين شغفها في التطريز وخلفيتها في مجال التكنولوجيا، وإطلاق منصة """"Tirazain"""" (طرازين) عبر الإنترنت لإنشاء سجل رقمي لفن التطريز الفلسطيني الموروث عبر الأجيال، والذي يتعرض لمخاطر تهدد ببقاء استمراريته، وفقًا للموقع الرسمي لمنظمة اليونسكو.""",1
"أفادت الشرطة البريطانية أنّها اعتقلت رجلاً تسلق برج ساعة """"بيغ بن"""" التاريخي رافعًا العلم الفلسطيني، وتمسّك الرجل، الذي كان حافي القدمين، ويرتدي ملابس سوداء بالكامل، بجانب البرج لعدة ساعات بينما حاول طاقم الإطفاء التحدث معه.""",1
"تحقيق أممي يتهم إسرائيل بارتكاب """"إبادة جماعية"""" في غزة، وإسرائيل تصفه بأنه """"منحاز ويفتقر إلى المصداقية""""""",1
"""هل ينجح ترامب في تنفيذ خطته الخاصة بـ """"ريفييرا غزة""""؟ - جيروزاليم بوست""",1
"""""""على دمشق أن تكسر دوامة الانتقام في البلاد"""" - ذا ناشيونال""",1
الأونروا تتهم إسرائيل باستخدام المساعدات المقدمة إلى غزة كسلاح,1
إسرائيل تقطع آخِر خط كهرباء يصل إلى غزة، كيف يعيش أهل القطاع في الظلام؟,1
"""إسرائيل تقرر قطع الكهرباء عن غزة بالكامل، وحماس تحذر من """"الابتزاز الرخيص""""""",1
"""سموتريتش: خطة ترامب لنقل سكان قطاع غزة إلى دول أخرى بدأت """"تتبلور""""""",1
"""""""تحركات إسرائيل وإيران في سوريا تُعقّد أهداف أنقرة"""" –  تركيا اليوم""",1
هل سينفذ الرئيس الأمريكي تهديداته لحركة حماس؟,1
ماذا بعد رفض ترامب الخطة العربية لإعمار غزة؟,1
عبد الملك الحوثي يمهل إسرائيل أربعة أيام قبل استئناف الهجمات البحرية، وتواصل جهود الوساطة في القاهرة حول اتفاق وقف إطلاق النار,1
إن عادت الحرب في غزة، فإن مصير الرهائن الإسرائيليين المتبقين سيكون الموت - هآرتس,1
آلاف الفلسطينيين يصلّون الجمعة الأولى من رمضان في باحات المسجد الأقصى، رغم القيود الإسرائيلية المفروضة,1
اتفاق غزة: ما دلالة تحذير ترامب لحماس وإجراء إدارته محادثات معها بشأن الرهائن؟,1
مع إغلاق المعابر في غزة، كيف يعيش سكان القطاع أيام  رمضان؟,1
"""إيال زامير: رئيس الأركان الإسرائيلي الجديد الذي أعلن """"2025 عام حرب""""""",1
اشتعال حرب غزة مجدداً يبدو خطراً حقيقياً - الإيكونومست,1
توافق عربي على الخطة المصرية، ودعوة إلى مجلس الأمن الدولي إلى نشر قوات حفظ سلام دولية في الضفة الغربية وقطاع غزة,1
""" إسرائيل تطالب بـ""""نزع كامل للسلاح"""" في غزة للانتقال إلى المرحلة الثانية، وحماس تقول: نزع سلاح الحركة """"خط أحمر""""""",1
رواد التواصل الاجتماعي يبحثون أسباب غياب تبون عن القمة العربية,1
"""قتيل وأربع إصابات في هجوم طعن بحيفا والشرطة الإسرائيلية تقول إن المنفذ """"درزي إسرائيلي""""""",1
"""إسرائيل تعلق دخول المساعدات إلى غزة، وحماس تصف القرار بأنه """"جريمة حرب وانقلاب على الاتفاق""""""",1
كيف يصوم سكان غزة والضفة رمضان وسط الأنقاض ونذر الحرب؟,1
"""فيديو, كيف غيرت إسرائيل محور فيلادلفيا الفاصل بين غزة ومصر؟ | بي بي سي تقصي الحقائق, المدة 2,09""",1
"""توافق أمريكي إسرائيلي على """"هدنة في غزة"""" خلال رمضان وعيد الفصح، وحماس تتمسك بتطبيق المرحلة الثانية من اتفاق وقف اطلاق النار""",1
"""فيديو, الجيش الإسرائيلي يكشف أسباب فشله في التصدي لهجوم حماس, المدة 2,08""",1
"""""""مصر يجب أن تقبل المسؤولية المؤقتة عن غزة"""" – هآرتس""",1
ما هو محور فيلادلفيا الذي يشكل نقطة خلاف في مفاوضات إسرائيل وحماس؟,1
"""فيديو, ماذا يكشف فيديو الذكاء الاصطناعي لغزة عن سياسات دونالد ترامب؟, المدة 3,05""",1
"""""""إخفاق تام"""": الجيش الإسرائيلي يقر بالإخفاق في منع هجوم السابع من أكتوبر""",1
ما خيارات إسرائيل وحركة حماس بعد نهاية المرحلة الأولى من اتفاق غزة؟,1
هل يؤدي سقوط الأسد لتحسين العلاقات بين إسرائيل وسوريا؟ - يديعوت أحرونوت,1
ماذا نعرف عن الفلسطيني نائل البرغوثي الذي أمضى أكثر من نصف حياته في السجون الإسرائيلية؟,1
مصادر إسرائيلية تعلن التثبت من هوية جثامين الرهائن الأربع، وإسرائيل تطلق سراح دفعة من السجناء الفلسطينيين,1
حماس وإسرائيل تعلنان التوافق على تبادل متزامن لجثامين رهائن إسرائيليين بسجناء فلسطينيين,1
ما بعد نصر الله: هل يرسم إرثه مستقبل حزب الله في المنطقة؟ - جيروزاليم بوست,1
"""فيديو, ما قصة الطفلة زينة الناجية الوحيدة من أسرتها الصغيرة في الحرب؟, المدة 2,15""",1
"""البيت الأبيض يدعم قرار إسرائيل تأجيل الإفراج عن السجناء الفلسطينيين، وحماس تتهم إسرائيل بـ """"التهرب من التزاماتها""""""",1
"""فيديو, هل حقق حزب الله طموحاته من تشييع حسن نصر الله؟ | بي بي سي تقصي الحقائق, المدة 3,49""",1
"""إسرائيل تؤجل إطلاق سراح السجناء الفلسطينيين لأجل غير مسمى اعتراضاً على المراسم الـ """"مهينة"""" لإطلاق سراح الرهائن""",1
في عهد ترامب، ينهار النظام العالمي الذي ساعدت أمريكا في بنائه - الإندبندنت,1
"""ترامب يتوعد حماس إذا لم تفرج عن جميع الرهائن، وأنباء عن محادثات مع الحركة لإبرام """"اتفاق أوسع"""" يوقف الحرب""",1
الولايات المتحدة وإسرائيل ترفضان البديل العربي لخطة ترامب بشأن غزة,1
"""فيديو, كيف ترى الولايات المتحدة وإسرائيل الخطة المصرية لغزة؟, المدة 2,43""",1
طفل مصاب من قطاع غزة يخطو خطواته الأولى بعد إجراء عملية جراحية في الأردن,1
هل تبدو الخطة المصرية-العربية بشأن مستقبل غزة قابلة للتنفيذ؟,1
القمة العربية تتبنى الخطة المصرية لإعادة إعمار قطاع غزة، فما هي؟,1
"""هل تقبل كل الفصائل الفلسطينية بــ""""خطة غزة"""" التي تبنتها القمة العربية؟""",1
"""بين البحث عن """"حياة كريمة"""" و""""التمسك بالأرض""""، كيف يرى بعض الغزيين فكرة مغادرة القطاع؟""",1
إسرائيليون يتظاهرون ضد الحكومة، ونتنياهو يهدد بالاستيلاء على أراضٍ في قطاع غزة,1
تحليل ثلاث رسائل حساسة من محادثة سيغنال عن ضربة اليمن,1
"""نشطاء في حراك غزة: """"مستمرون في التظاهر حتى تحقيق مطالبنا""""""",1
"""فيديو, مظاهرات في غزة للمطالبة بتنحي حماس وإنهاء الحرب, المدة 3,15""",1
فتح تدعو حماس للاستجابة لدعوات بوقف الحرب والتنحي عن السلطة,1
"""فيديو, لماذا تظاهر المئات ضد حماس في غزة؟, المدة 3,20""",1
ما هو القانون الإسرائيلي الذي مُدّد بموجبه اعتقال الطبيب حسام أبو صفية؟,1
هل يملك ترامب سياستين في الشرق الأوسط؟,1
هل يمكن أن يقبل الفلسطينيون بدعوات الهجرة عن غزة؟,1
مقتل عشرات الفلسطينيين في غارات إسرائيلية عنيفة على غزة، والجيش يحذر سكان القطاع من التنقل عبر محور صلاح الدين,1
"""""""سيناريوهان محتملان لإسرائيل بعد استئناف الحرب على غزة"""" - يديعوت أحرونوت""",1
"""الجيش الإسرائيلي يعلن تنفيذ عملية برية """"محدودة"""" في قطاع غزة، والأمم المتحدة تدعو للتحقيق بغارة استهدفت مبنى تابعاً  لها """,1
"""""""إسرائيل باغتت حماس، لكن لا يمكن لأحد أن يقول إن حماس لم تتلقَّ تحذيراً"""" - وول ستريت جورنال""",1
"""الجيش الإسرائيلي يُنذر سكان غزة بضرورة إخلاء """"مناطق قتال خطيرة""""، وبن غفير يعود للحكومة الإسرائيلية""",1
ماذا حدث لوقف إطلاق النار في غزة؟,1
"""مستشفيات غزة تعاني """"ضغطاً شديداً يفوق قدراتها""""، ونتنياهو يصف الغارات على غزة بأنها """"مجرد بداية""""""",1
ماذا حلّ بمرافق وكالة الأونروا في القدس الشرقية المحتلة بعد تشريع إسرائيلي يحظر عملها؟,1
استقالات وإقالات متتالية في إسرائيل: هل تشكل تهديداً لحكومة نتنياهو؟,1
هل تمثل الهجمات الإسرائيلية نهاية لمفاوضات وقف إطلاق النار مع حماس؟,1
مئات القتلى في غارات إسرائيلية على غزة، وحماس تتهم نتنياهو بالانقلاب على اتفاق وقف النار,1
"""فيديو, تهجير الفلسطينيين: ما الذي نعرفه عن تلك المحاولات تاريخياً؟, المدة 4,19""",1
"""ترامب يتوعد إيران بعواقب """"وخيمة"""" في حال استمرار هجمات جماعة أنصار الله الحوثية""",1
الحوثيون: من هم وكيف نشأت حركتهم؟,1
مفاوضون إسرائيليون يناقشون قضية الرهائن في مصر، وتوقعات باستئناف مفاوضات وقف إطلاق النار في الدوحة,1
مسؤولون فلسطينيون لبي بي سي: فشل محادثات وقف إطلاق النار,1
"""فيديو, هل تسمح القوانين الأمريكية بترحيل الناشط الفلسطيني محمود خليل؟ | بي بي سي لتقصي الحقائق, المدة 2,03""",1
"""البيت الأبيض: حماس """"تدّعي المرونة"""" وتماطل بمطالب غير عملية في المفاوضات""",1
بعد انتظار أربعة أشهر تفاقمت خلالها حالتها، طفلة من غزة تكافح السرطان في مستشفيات ميلانو,1
"""فيديو, فولكر تورك: المحكمة الجنائية الدولية هي إحدى  إنجازات العدالة الجنائية الدولية., المدة 2,18""",1
هل يمكن لبولندا وألمانيا امتلاك أسلحة نووية؟ - التايمز,1
مو عامر يشارك بي بي سي تفاصيل مسلسله الشهير على نتفليكس,1
"""الصحفي حسام شبات في رسالة نشرت بعد مقتله """"إذا كنت تقرأ ذلك فهذا يعني أنني قُتلت""""""",1
الحوثيون يعلنون استهداف مطار بن غوريون، وإسرائيل تعترف بقصف مبنى تابع للصليب الأحمر في غزة,1
الجيش الإسرائيلي يصدر أوامر إخلاء من عدة مناطق في قطاع غزة,1
"""فيديو, ترامب يكشف عن إف-47 المقاتلة الأكثر تقدماً في سلاح الجوي الأمريكي, المدة 2,04""",1
"""""""ترامب وحلفاؤه الجمهوريون يُلحقون الضرر حتى بقواعدهم الانتخابية"""" - جولة الصحف""",1
"""المجلس الوزاري الأمني الإسرائيلي يصادق على خطة لإنشاء إدارة """"للمغادرة الطوعية لسكان غزة""""، وحصيلة قتلى القطاع تفوق 50 ألفاً""",1
"""ما قصة الوشق """"المصري"""" الذي أثار جدلاً على وسائل التواصل الاجتماعي بعد هجومه على جنود إسرائيليين؟""",1
إسرائيل تطلب إخلاء منطقة تل السلطان جنوبي قطاع غزة، وحماس تعلن مقتل قيادي في الحركة بغارة غرب خان يونس,1
"""مصر تنفي تقارير عن استعدادها لتوطين نصف مليون فلسطيني في أراضيها، وكاتس يأمر بـ""""الاستيلاء"""" على أراض في غزة""",1
هل يمكن تشكيل تحالف غربي أوروبي دون الولايات المتحدة؟ - الغارديان,1
"""فيديو, ماذا نعرف عن العمليات البرية المتجددة لإسرائيل في غزة؟ | بي بي سي تقصي الحقائق, المدة 2,08""",1
"""الجيش الإسرائيلي يعلن توسيع عمليته البرية في غزة، والحكومة تصادق على إقالة رئيس جهاز """"الشاباك""""""",1
ما خيارات حماس بعد استئناف إسرائيل عملياتها العسكرية في غزة؟,1
لم ينس منذر عابد المسعف المتطوع بالهلال الأحمر الفلسطيني تفاصيل جريمة الجيش الإسرائيلي عندما استهدفه وزملاءه بمدينة رفح جنوب قطاع غزة يوم 23 مارس/آذار الماضي.,1
تواصل السلطات الأميركية، إلغاء تأشيرات طلاب وخريجين شاركوا في مظاهرات وفعاليات تضامنية مع فلسطين، شهدتها الجامعات بأنحاء الولايات المتحدة تنديدا بحرب إسرائيل المدمرة في قطاع غزة.,1
كشفت صحيفة يديعوت أحرونوت أن الجيش الإسرائيلي يستعد لاستئناف إدخال الغذاء والوقود والأدوية إلى القطاع في غضون أسابيع قليلة، حتى في غياب صفقة تبادل أسرى أو إعلان تحقيق نصر عسكري حاسم بغزة.,1
اضطر رئيس الوزراء الإسرائيلي بنيامين نتنياهو للسفر بمسار طويل من العاصمة المجرية بودابست إلى واشنطن لتجنب أي هبوط اضطراري لطائرته قد يؤدي لاعتقاله بموجب مذكرة الجنائية الدولية الصادرة بحقه.,1
أفاد مقال بصحيفة تايمز أوف إسرائيل بأن المؤسسات المدنية في المجتمع العربي داخل إسرائيل تشهد أزمة مالية حادة نتيجة قرارات حكومية بتقليص الميزانيات والدعم المالي، وأن ذلك سيضر بالاقتصاد الإسرائيلي ككل.,1
عمّ إضراب شامل، صباح اليوم الاثنين، جميع مدن الضفة الغربية استجابة لدعوة أطلقتها القوى الوطنية والإسلامية تنديدا بحرب الإبادة على الشعب الفلسطيني في غزة والعدوان المستمر على المدن الفلسطينية.,1
"نتنياهو يهدد بـ""""رد قوي"""" على إطلاق كتائب القسام صواريخ صوب إسرائيل، وحماس تدين """"جريمة"""" استهداف أطفال بحي التفاح""",1
"""نائبتان بريطانيتان """"مندهشتان"""" لأسباب منعهما من دخول إسرائيل""",1
هل يؤثر لقاء نتنياهو مع ترامب في خطط إسرائيل تجاه غزة؟,1
"""""""كان ينبغي للزي الأحمر الذي يرتديه موظفو الإسعاف بغزة أن يحميهم بدلاً من أن يصبح كفناً لهم"""" - الغارديان""",1
""" يوسف عطال يواجه حكماً فرنسياً بتهمة """"التحريض على الكراهية""""، فكيف تفاعل رواد مواقع التواصل مع قضيته؟""",1
"""الناجي الوحيد من الهجوم على فريق المسعفين، يروي لبي بي سي تفاصيل الحادث، والجيش الإسرائيلي يقر بأن روايته الأولى """"غير دقيقة""""""",1
"""الجيش الإسرائيلي يقرّ بارتكاب """"أخطاء"""" حول مقتل 15 مسعفاً في غزة""",1
حزب الله أمام مفترق طرق بعد حرب كارثية أضعفت قواه,1
"""كيف قاطعت ابتهال أبو السعد احتفال مايكروسوفت احتجاجاً على """"دعم الشركة لإسرائيل""""؟""",1
"""فيديو, لقطات فيديو تظهر تناقضاً مع الرواية الإسرائيلية لمقتل المسعفين في غزة, المدة 1,23""",1
نتنياهو يزور البيت الأبيض الأسبوع المقبل، وعملية إسرائيلية برية جديدة في غزة,1
"""فيديو, تصنيف 65% من قطاع غزة كمناطق إخلاء | بي بي سي تقصي الحقائق, المدة 1,57""",1
"""طريق """"موراغ"""" الجديد في غزة، مزيد من الضغط على حماس أم تحضير للهجرة؟""",1
قطر وإسرائيل في تدريب عسكري: ما الدلالات والأسباب؟,1
"""الجيش الإسرائيلي يصدر إنذاراً لإخلاء مناطق شمال غزة، وحماس تقرر """"عدم التعاطي"""" مع ورقة قدمتها إسرائيل بشأن الهدنة""",1
من السودان وغزة: كيف عاش العائدون إلى منازلهم فرحة  العيد لأول مرة بعد فترة من النزوح؟,1
إغلاق المخابز يفاقم الأزمة الإنسانية في غزة، ومقتل وإصابة ألف طفل منذ استئناف الحرب على القطاع,1
ما وقع استمرار العمليات العسكرية الإسرائيلية على أطفال قطاع غزة؟,1
ألف قتيل في قطاع غزة منذ انهيار الهدنة، وإسرائيل تقدم مقترحاً جديداً,1
"""فيديو, ماذا نعرف عن مقتل حسام شبات وصحفيي غزة؟ |  بي بي سي تقصي الحقائق, المدة 2,14""",1
قاض أمريكي ينظر في طلب محامي الناشط الفلسطيني بنقل قضيته خارج لويزيانا، فماذا نعرف عن محمود خليل؟,1
"""غارات إسرائيلية جديدة على لبنان، نتنياهو يهدد بالمزيد وبيروت """"تحقق"""" في هوية مطلقي الصواريخ""",1
"""حرب غزة: """"مؤشرات إيجابية"""" في مسعى الوسطاء لإحياء وقف إطلاق النار""",1
الجيش الإسرائيلي يعلن اعتراض صاروخين أُطلقا من اليمن، وحماس تؤكد مقتل الناطق باسمها بغارة إسرائيلية في غزة,1
النص يندد باستحواذ قيادة منظمة التحرير على الشرعية، ورفضها الإصلاح، ويكشف عن تهميش الإرادة الشعبية، وتعطيل المؤسسات، والدعوة لتجاوز القيادة الحالية بإطار وطني بديل وتمثيل حقيقي.,1
قالت صحيفة غارديان البريطانية إن من المقرر أن تتسلم شرطة العاصمة شكوى من محام بارز بتهمة ارتكاب جرائم حرب بحق 10 بريطانيين خدموا في الجيش الإسرائيلي في قطاع عزة.,1
استهل الرئيس الفرنسي إيمانويل ماكرون زيارة إلى مصر، يركز خلالها على دعم الخطة العربية لقطاع غزة في مواجهة خطة دونالد ترامب، وعلى إعادة فتح المعابر لإدخال المساعدات إلى القطاع المحاصر.,1
أوقفت السلطات الأميركية بتهمة التحرش الجنسي بطفل، حاخامًا مؤيدًا لإسرائيل، كان يزعم أن حركة حماس اغتصبت نساء وأطفالا إسرائيليين في قطاع غزة، وسط تقارير عن خدمته سابقا بوحدات الدبابات بجيش الاحتلال.,1
نفذت قوات الاحتلال الإسرائيلي فجر اليوم الاثنين اقتحامات واسعة في الضفة الغربية تخللتها اعتقالات، وواصلت في الوقت نفسه تهجير السكان من مخيم نور شمس في طولكرم.,1
رصدت كاميرا الجزيرة إحدى المسيرات التضامنية التي خرجت في الشارع الفرنسي تضامنا مع فلسطين، ورفضا للعدوان الإسرائيلي المستمر على غزة، الذي خلف عشرات آلاف الشهداء والجرحى.,1
يستعرض هذا التقرير الرشقات الصاروخية التي أطلقتها فصائل المقاومة الفلسطينية بعد استئناف إسرائيل الحرب على قطاع غزة وتنصلها من اتفاق وقف إطلاق النار وتبادل الأسرى.,1
استشهد 11 فلسطينيا بينهم 5 أطفال في قصف إسرائيلي مكثف استهدف شارع النخيل بحي التفاح شرقي مدينة غزة، في أحدث مجازر الاحتلال في قطاع غزة.,1
"""لطالما كان فن التطريز الفلسطيني جزءًا من حياة الشابة زين المصري، مع نشأتها في منزلٍ مليء بالأثاث واللوحات المزينة بأنماط التطريز المتنوعة والزاهية.",1
"في عام 2021، قررت المصري، وهي فلسطينية الأصل، الربط بين شغفها في التطريز وخلفيتها في مجال التكنولوجيا، وإطلاق منصة """"Tirazain"""" (طرازين) عبر الإنترنت لإنشاء سجل رقمي لفن التطريز الفلسطيني الموروث عبر الأجيال، والذي يتعرض لمخاطر تهدد ببقاء استمراريته، وفقًا للموقع الرسمي لمنظمة اليونسكو.""",1
"""كان حاكم ولاية أركنساس السابق مايك هاكابي، الذي أعلن الرئيس الأمريكي المنتخب، دونالد ترامب، الثلاثاء، أنه مرشحه لمنصب السفير الأمريكي إلى إسرائيل، قد قال في الماضي، كما يكشف مقطع فيديو من عام 2008، إنه """"لا يوجد شيء اسمه فلسطيني"""" وأن الأمر """"أداة سياسية لمحاولة إجبار إسرائيل على التخلي عن أرضها"""". لدى أندرو كاتشينسكي، كبير محرري KFILE في شبكة CNN، المزيد من التفاصيل.""",1
"""قال وزير الخارجية السعودي الأمير فيصل بن فرحان إن """"إن إنشاء دولة فلسطينية لا يتعلق بما إذا كانت إسرائيل تقبل أم لا، بل إنه مرتبط بمبادئ القانون الدولي"""".مضيفًا أن """"قرارات الأمم المتحدة التي أدت إلى إنشاء دولة إسرائيل كانت تهدف بوضوح إلى إقامة دولة فلسطينية أيضًا، لذا يتعين علينا أن نجعل ذلك يحدث.""""""",1
"""قال وزير الخارجية السعودي الأمير فيصل بن فرحان إن تطبيع بلاده مع إسرائيل """"غير وارد حتى التوصل إلى حل بشأن إقامة الدولة الفلسطينية"""" مضيفًا أن """"أمن كل المنطقة معرض للخطر إذا لم نعالج حقوق الفلسطينيين، وإذا لم نجد طريقًا إلى مسار يقودنا إلى دولة فلسطينية"""".""",1
وجدت المصورة السلوفاكية، بيترا باسناكوفا، الألم، والهدف، والسلام في كل منعطف من رحلتها التي استمرت ثلاث سنوات مع عائلات الصحراء البدوية الفلسطينية.,1
اتُهمت امرأة تبلغ من العمر 42 عامًا في مدينة يولس بولاية تكساس الأمريكية بمحاولة القتل العمد وإصابة طفل بعد محاولتها إغراق طفلين في مسبح مجمع سكني والإدلاء بتصريحات عنصرية تجاه والدتهما الفلسطينية.,1
"""افتتح الشيف فادي قطان، مطعمًا فاخرًا بمسقط رأسه في بيت لحم بالضفة الغربية. وأصدر في الآونة الأخيرة كتاب طبخ جديد بعنوان """"بيت لحم: احتفال بالطعام الفلسطيني"""". زارت كريستيان أمانبور، كبيرة المذيعين الدوليين في CNN، مطعمه الشهير """"عكوب"""" (Akub) في لندن للحديث عن الحفاظ على الهوية الفلسطينية، في ظل استيعاب تأثير الحرب القائمة على عائلته وأصدقائه.""",1
"""خلال تعليقه على تصويت الجمعية العامة بأغلبية كبيرة على منح السلطة الفلسطينية العضوية الكاملة في مجلس الأمن، قال السفير الفلسطيني لدى المملكة المتحدة، حسام زملط إن """"إن ذلك لا يمثل خطوة رمزيًة فحسب، بل فعلية، وتمثل إرادة شعوب العالم"""".""",1
صدر قرار للأمم المتحدة يؤيد العضوية الفلسطينية بتأييد ساحق، الجمعة، ومنح امتيازات جديدة للسلطة الفلسطينية بصفتها الحالية كدولة مراقب غير عضو,1
"""كان حاكم ولاية أركنساس السابق مايك هاكابي، الذي أعلن الرئيس الأمريكي المنتخب، دونالد ترامب، الثلاثاء، أنه مرشحه لمنصب السفير الأمريكي إلى إسرائيل، قد قال في الماضي، كما يكشف مقطع فيديو من عام 2008، إنه """"لا يوجد شيء اسمه فلسطيني"""" وأن الأمر """"أداة سياسية لمحاولة إجبار إسرائيل على التخلي عن أرضها"""". لدى أندرو كاتشينسكي، كبير محرري KFILE في شبكة CNN، المزيد من التفاصيل.""",1
"""قال وزير الخارجية السعودي الأمير فيصل بن فرحان إن """"إن إنشاء دولة فلسطينية لا يتعلق بما إذا كانت إسرائيل تقبل أم لا، بل إنه مرتبط بمبادئ القانون الدولي"""".مضيفًا أن """"قرارات الأمم المتحدة التي أدت إلى إنشاء دولة إسرائيل كانت تهدف بوضوح إلى إقامة دولة فلسطينية أيضًا، لذا يتعين علينا أن نجعل ذلك يحدث.""""""",1
"""قال وزير الخارجية السعودي الأمير فيصل بن فرحان إن تطبيع بلاده مع إسرائيل """"غير وارد حتى التوصل إلى حل بشأن إقامة الدولة الفلسطينية"""" مضيفًا أن """"أمن كل المنطقة معرض للخطر إذا لم نعالج حقوق الفلسطينيين، وإذا لم نجد طريقًا إلى مسار يقودنا إلى دولة فلسطينية"""".""",1
وجدت المصورة السلوفاكية، بيترا باسناكوفا، الألم، والهدف، والسلام في كل منعطف من رحلتها التي استمرت ثلاث سنوات مع عائلات الصحراء البدوية الفلسطينية.,1
اتُهمت امرأة تبلغ من العمر 42 عامًا في مدينة يولس بولاية تكساس الأمريكية بمحاولة القتل العمد وإصابة طفل بعد محاولتها إغراق طفلين في مسبح مجمع سكني والإدلاء بتصريحات عنصرية تجاه والدتهما الفلسطينية.,1
"""افتتح الشيف فادي قطان، مطعمًا فاخرًا بمسقط رأسه في بيت لحم بالضفة الغربية. وأصدر في الآونة الأخيرة كتاب طبخ جديد بعنوان """"بيت لحم: احتفال بالطعام الفلسطيني"""". زارت كريستيان أمانبور، كبيرة المذيعين الدوليين في CNN، مطعمه الشهير """"عكوب"""" (Akub) في لندن للحديث عن الحفاظ على الهوية الفلسطينية، في ظل استيعاب تأثير الحرب القائمة على عائلته وأصدقائه.""",1
"""خلال تعليقه على تصويت الجمعية العامة بأغلبية كبيرة على منح السلطة الفلسطينية العضوية الكاملة في مجلس الأمن، قال السفير الفلسطيني لدى المملكة المتحدة، حسام زملط إن """"إن ذلك لا يمثل خطوة رمزيًة فحسب، بل فعلية، وتمثل إرادة شعوب العالم"""".""",1
صدر قرار للأمم المتحدة يؤيد العضوية الفلسطينية بتأييد ساحق، الجمعة، ومنح امتيازات جديدة للسلطة الفلسطينية بصفتها الحالية كدولة مراقب غير عضو,1
"أفادت الشرطة البريطانية أنّها اعتقلت رجلاً تسلق برج ساعة """"بيغ بن"""" التاريخي رافعًا العلم الفلسطيني، وتمسّك الرجل، الذي كان حافي القدمين، ويرتدي ملابس سوداء بالكامل، بجانب البرج لعدة ساعا قالت وزارة الصحة في قطاع غزة، إن الوضع الصحي والإنساني في القطاع بلغ مستويات “خطِرة وكارثية”، في حين قال المكتب الإعلامي بغزة، إن الاحتلال أزال رفح من الخريطة.",1
رفض مستوطنون قرار إخلاء سطح منزل استولوا عليه بالقوة يعود لعائلة فلسطينية في حي بطن الهوى في سلوان بالقدس المحتلة.,1
تظهر صور حصرية للجزيرة من الجانب المصري لمعبر رفح تكدّس آلاف شاحنات المساعدات التي كان يفترض أن تواصل دخول القطاع لإنقاذ أرواح نحو مليوني شخص من شحّ الغذاء وافتقاد المواد الحيوية.,1
دعت الفصائل الفلسطينية إلى إضراب شامل في الضفة الغربية وفي مخيمات اللجوء والشتات غدا الاثنين رفضا لحرب الإبادة الإسرائيلية على غزة ومساندة للمقاومة.,1
يلتقي رئيس الوزراء الإسرائيلي بنيامين نتنياهو، غدا الاثنين، الرئيس الأميركي دونالد ترامب في البيت الأبيض، بحضور مبعوثه إلى الشرق الأوسط ستيفن ويتكوف.,1
دعا الهلال الأحمر الفلسطيني المجتمع الدولي إلى فتح تحقيق دولي “مستقل وعاجل”، عقب نشره مقطع فيديو، يوثق ما قال، إنها اللحظات الأخيرة لـ 15 فردا من طواقمه الطبية، استشهدوا في قطاع غزة.,1
نقلت صحيفة معاريف عن قائد فرقة الضفة السابق بالجيش الإسرائيلي قوله إن نتنياهو امتنع عن تنفيذ المرحلة الثانية من الصفقة لأسباب سياسية، وأنه يرغب في صرف انتباه وسائل الإعلام عن قضايا تزعجه.,1
قال عضو في البرلمان البريطاني عن حزب الديمقراطيين الليبراليين، خلال مناقشة في مجلس العموم، إن الجيش الإسرائيلي “القاتل” يحتجز “مليوني رهينة في غزة”.,1
بين 7 أكتوبر/تشرين الأول 2023 ونهاية مارس/آذار 2024، قتلت إسرائيل 17 ألفا و400 طفل بمعدل طفل واحد كل 45 دقيقة، و30 يوميا. في وقت يتعرض الباقون لصدمات الحروب المتناسلة.,1
أفادت مصادر للجزيرة بأن مئات المستوطنين المتطرفين اقتحموا صباح اليوم المسجد الأقصى، بينما واصلت القوات الإسرائيلية عدوانها على جنين وطولكرم شمالي الضفة الغربية المحتلة.,1
تظاهر آلاف الناشطين في واشنطن للمطالبة بوقف إطلاق النار في غزة.,1
جددت عائلات الأسرى الإسرائيليين اتهاماتها لرئيس الحكومة بنيامين نتنياهو بعرقلة إبرام اتفاق يعيد الأسرى من غزة، مؤكدة أن القتال الحالي “لن يؤدي إلى كسر حركة حماس”.,1
يطلق لقب “غزة الصغرى” على منطقة مزقتها المعارك ودمرت فيها مباني وقطعت الطرق وشردت العائلات، وفاضت الأزقة بالفقد والحزن والخوف، وهي ليست غزة إطلاقا، بل هي مخيم اللاجئين في طولكرم بالضفة الغربية.,1
"قالت مصادر طبية للجزيرة، إن 16 شخصا استشهدوا في غارات إسرائيلية على مناطق عدة في قطاع غزة، منذ فجر يوم الأحد، في حين واصل جيش الاحتلال الإسرائيلي نسف المباني السكنية بمدينة رفح جنوبي القطاع.ت بينما حاول طاقم الإطفاء التحدث معه.""",1
"""لطالما كان فن التطريز الفلسطيني جزءًا من حياة الشابة زين المصري، مع نشأتها في منزلٍ مليء بالأثاث واللوحات المزينة بأنماط التطريز المتنوعة والزاهية.",1
"في عام 2021، قررت المصري، وهي فلسطينية الأصل، الربط بين شغفها في التطريز وخلفيتها في مجال التكنولوجيا، وإطلاق منصة """"Tirazain"""" (طرازين) عبر الإنترنت لإنشاء سجل رقمي لفن التطريز الفلسطيني الموروث عبر الأجيال، والذي يتعرض لمخاطر تهدد ببقاء استمراريته، وفقًا للموقع الرسمي لمنظمة اليونسكو.""",1
"""كان حاكم ولاية أركنساس السابق مايك هاكابي، الذي أعلن الرئيس الأمريكي المنتخب، دونالد ترامب، الثلاثاء، أنه مرشحه لمنصب السفير الأمريكي إلى إسرائيل، قد قال في الماضي، كما يكشف مقطع فيديو من عام 2008، إنه """"لا يوجد شيء اسمه فلسطيني"""" وأن الأمر """"أداة سياسية لمحاولة إجبار إسرائيل على التخلي عن أرضها"""". لدى أندرو كاتشينسكي، كبير محرري KFILE في شبكة CNN، المزيد من التفاصيل.""",1
"""قال وزير الخارجية السعودي الأمير فيصل بن فرحان إن """"إن إنشاء دولة فلسطينية لا يتعلق بما إذا كانت إسرائيل تقبل أم لا، بل إنه مرتبط بمبادئ القانون الدولي"""".مضيفًا أن """"قرارات الأمم المتحدة التي أدت إلى إنشاء دولة إسرائيل كانت تهدف بوضوح إلى إقامة دولة فلسطينية أيضًا، لذا يتعين علينا أن نجعل ذلك يحدث.""""""",1
"""قال وزير الخارجية السعودي الأمير فيصل بن فرحان إن تطبيع بلاده مع إسرائيل """"غير وارد حتى التوصل إلى حل بشأن إقامة الدولة الفلسطينية"""" مضيفًا أن """"أمن كل المنطقة معرض للخطر إذا لم نعالج حقوق الفلسطينيين، وإذا لم نجد طريقًا إلى مسار يقودنا إلى دولة فلسطينية"""".""",1
وجدت المصورة السلوفاكية، بيترا باسناكوفا، الألم، والهدف، والسلام في كل منعطف من رحلتها التي استمرت ثلاث سنوات مع عائلات الصحراء البدوية الفلسطينية.,1
اتُهمت امرأة تبلغ من العمر 42 عامًا في مدينة يولس بولاية تكساس الأمريكية بمحاولة القتل العمد وإصابة طفل بعد محاولتها إغراق طفلين في مسبح مجمع سكني والإدلاء بتصريحات عنصرية تجاه والدتهما الفلسطينية.,1
"""افتتح الشيف فادي قطان، مطعمًا فاخرًا بمسقط رأسه في بيت لحم بالضفة الغربية. وأصدر في الآونة الأخيرة كتاب طبخ جديد بعنوان """"بيت لحم: احتفال بالطعام الفلسطيني"""". زارت كريستيان أمانبور، كبيرة المذيعين الدوليين في CNN، مطعمه الشهير """"عكوب"""" (Akub) في لندن للحديث عن الحفاظ على الهوية الفلسطينية، في ظل استيعاب تأثير الحرب القائمة على عائلته وأصدقائه.""",1
"""خلال تعليقه على تصويت الجمعية العامة بأغلبية كبيرة على منح السلطة الفلسطينية العضوية الكاملة في مجلس الأمن، قال السفير الفلسطيني لدى المملكة المتحدة، حسام زملط إن """"إن ذلك لا يمثل خطوة رمزيًة فحسب، بل فعلية، وتمثل إرادة شعوب العالم"""".""",1
صدر قرار للأمم المتحدة يؤيد العضوية الفلسطينية بتأييد ساحق، الجمعة، ومنح امتيازات جديدة للسلطة الفلسطينية بصفتها الحالية كدولة مراقب غير عضو,1
أكد المكتب الإعلامي الحكومي بغزة أن الجيش الإسرائيلي نفذ إعداما وحشيا بحق الطواقم الطبية والدفاع المدني في حي تل السلطان بمدينة رفح جنوبي القطاع، في 23 مارس/آذار الماضي.,1
مسجد في قلب مدينة القدس المحتلة، وهو شاهد على تاريخ عريق يروي قصص الصحابة والفتح الإسلامي. يحمل هذا المسجد اسم الصحابي الجليل عكاشة بن محصن، ويشكل رمزا للأصالة والتحدي في وجه محاولات التهويد والطمس.,1
تحليل فكري لمسارات التحول من الدولة القومية إلى الدولة الحضارية، وتأثير ذلك على صراعات الحاضر والمستقبل.,1
أعلنت وكالة الأمم المتحدة لغوث وتشغيل اللاجئين الفلسطينيين (أونروا) اليوم السبت أن 1.9 مليون شخص نزحوا قسريا بشكل متكرر في قطاع غزة.,1
"""أفادت الشرطة البريطانية أنّها اعتقلت رجلاً تسلق برج ساعة """"بيغ بن"""" التاريخي رافعًا العلم الفلسطيني، وتمسّك الرجل، الذي كان حافي القدمين، ويرتدي ملابس سوداء بالكامل، بجانب البرج لعدة ساعات بينما حاول طاقم الإطفاء التحدث معه.""",1
"""لطالما كان فن التطريز الفلسطيني جزءًا من حياة الشابة زين المصري، مع نشأتها في منزلٍ مليء بالأثاث واللوحات المزينة بأنماط التطريز المتنوعة والزاهية.",1
"في عام 2021، قررت المصري، وهي فلسطينية الأصل، الربط بين شغفها في التطريز وخلفيتها في مجال التكنولوجيا، وإطلاق منصة """"Tirazain"""" (طرازين) عبر الإنترنت لإنشاء سجل رقمي لفن التطريز الفلسطيني الموروث عبر الأجيال، والذي يتعرض لمخاطر تهدد ببقاء استمراريته، وفقًا للموقع الرسمي لمنظمة اليونسكو.""",1
"""كان حاكم ولاية أركنساس السابق مايك هاكابي، الذي أعلن الرئيس الأمريكي المنتخب، دونالد ترامب، الثلاثاء، أنه مرشحه لمنصب السفير الأمريكي إلى إسرائيل، قد قال في الماضي، كما يكشف مقطع فيديو من عام 2008، إنه """"لا يوجد شيء اسمه فلسطيني"""" وأن الأمر """"أداة سياسية لمحاولة إجبار إسرائيل على التخلي عن أرضها"""". لدى أندرو كاتشينسكي، كبير محرري KFILE في شبكة CNN، المزيد من التفاصيل.""",1
استشهد وأصيب عشرات الفلسطينيين فجر اليوم الأحد في غارات على خان يونس ومدينة غزة، بينما توسّع قوات الاحتلال الإسرائيلي توغلاتها في القطاع.,1
مع دخول اليوم الـ20 لاستئناف العدوان على غزة، قصف الطيران الإسرائيلي نازحين غرب خان يونس وحي الشجاعية مما أسفر عن شهداء وجرحى. وفي الضفة الغربية، وقعت اشتباكات مسلحة مع قوة إسرائيلية شرق قلقيلية.,1
بثت قناة الجزيرة تقريرا لأحمد العساف يعرض القصة الكاملة لاستشهاد الطواقم الطبية والدفاع المدني برصاص جيش الاحتلال الإسرائيلي في حي تل السلطان بمدينة رفح جنوبي قطاع غزة يوم 23 مارس/آذار الماضي.,1
اتفق خبراء على أن مستوى عنف الاحتلال الإسرائيلي بات أعلى منذ أن استأنف حربه على قطاع غزة الشهر الماضي، حيث ارتكب مجازر دموية مستخدمًا أسلحة أميركية فتاكة، بالإضافة إلى أسلحة إسرائيلية جرى تطويرها.,1
بين 7 أكتوبر/تشرين الأول 2023 ونهاية مارس/آذار 2024، قتلت إسرائيل 17 ألفا و400 طفل بمعدل طفل واحد كل 45 دقيقة، و30 يوميا. في وقت يتعرض الباقون لصدمات الحروب المتناسلة.,1
أفادت مصادر للجزيرة بأن مئات المستوطنين المتطرفين اقتحموا صباح اليوم المسجد الأقصى، بينما واصلت القوات الإسرائيلية عدوانها على جنين وطولكرم شمالي الضفة الغربية المحتلة.,1
تظاهر آلاف الناشطين في واشنطن للمطالبة بوقف إطلاق النار في غزة.,1
جددت عائلات الأسرى الإسرائيليين اتهاماتها لرئيس الحكومة بنيامين نتنياهو بعرقلة إبرام اتفاق يعيد الأسرى من غزة، مؤكدة أن القتال الحالي “لن يؤدي إلى كسر حركة حماس”.,1
يطلق لقب “غزة الصغرى” على منطقة مزقتها المعارك ودمرت فيها مباني وقطعت الطرق وشردت العائلات، وفاضت الأزقة بالفقد والحزن والخوف، وهي ليست غزة إطلاقا، بل هي مخيم اللاجئين في طولكرم بالضفة الغربية.,1
قالت مصادر طبية للجزيرة إن 16 شخصا استشهدوا في غارات إسرائيلية على مناطق عدة في قطاع غزة منذ فجر يوم الأحد، في حين واصل جيش الاحتلال الإسرائيلي نسف المباني السكنية بمدينة رفح جنوبي القطاع.,1
منعت السلطات الإسرائيلية، أمس السبت، نائبتين من حزب العمال البريطاني من دخول البلاد، وقامت بترحيلهما مباشرة بعد وصولهما إلى مطار بن غوريون، وذلك بدعوى الاشتباه في نيّتهما.,1
بدأت في بريطانيا حملة جديدة لمقاطعة منتجات إسرائيل والشركات الداعمة للاحتلال، وذلك في احتجاجات ووقفات تشمل 30 مدينة بريطانية، بالتنسيق مع الحركة العالمية لمقاطعة إسرائيل “بي دي إس”.,1
خرجت مظاهرات في عدد من العواصم والمدن العالمية رفضا لاستئناف إسرائيل عدوانها على قطاع غزة، وللمطالبة بوقف مسلسل التهجير والإبادة الجماعية بحق الفلسطينيين.,1
استهدف مقاومون قوات الاحتلال الإسرائيلي في قلقيلية ونابلس، في حين أصيب فلسطينيان برصاص قوات الاحتلال التي نفذت فجر اليوم الأحد والليلة الماضية اقتحامات جديدة بالضفة الغربية.,1
استشهد وأصيب عشرات الفلسطينيين فجر اليوم الأحد في غارات على خان يونس ومدينة غزة، في وقت توسّع فيه قوات الاحتلال الإسرائيلي توغلاتها في القطاع.,1
في اليوم الـ20 لاستئناف العدوان على غزة، أوقعت الغارات الإسرائيلية 26 شهيدا و113 مصابا خلال 24 ساعة، في حين اقتحم عشرات المستوطنين صباح اليوم المسجد الأقصى تحت حماية مشددة من شرطة الاحتلال.,1
واصلت قوات الاحتلال الإسرائيلي اقتحاماتها لبلدات ومواقع في الضفة الغربية واعتقلت عددا من الفلسطينيين، وتزامن ذلك مع استمرار اعتداءات المستوطنين واستهدافهم للفلسطينيين في الضفة.,1
أشادت حركة حماس بموقف المهندسة المغربية في شركة مايكروسوفت، ابتهال أبو سعد، ووصفته بالشجاعة النادرة، ودعت الحركة جميع العاملين في المؤسسات الداعمة للاحتلال الإسرائيلي أن يحذوا حذوها.,1
مع تصاعد وتيرة العنف في قطاع غزة خلال الأيام الأخيرة، خرجت أصوات عالمية عن صمتها، محاولة نقل الواقع إلى متابعيها من خلال منشورات ومواقف علنية على منصات التواصل الاجتماعي.,1
نقلت هيئة البث الإسرائيلية أن القيادة الجنوبية بجيش الاحتلال أعدت تحقيقا أوليا حول قتل المسعفين برفح، وقالت إنه سيقدم غدا لرئيس الأركان، وسط انتقادات لروايات الجيش بشأن الحادث.,1
حذرت بلدية غزة من كارثة حقيقية على سكان المدينة والنازحين إليها نتيجة أزمة المياه التي تعصف بالمدينة بعد تدمير قوات الاحتلال آبار المياه ومحطات التحلية وتوقف جميع خطوط المياه التي تزود أحياء المدينة.,1
سقط شهداء وجرحى في غارة إسرائيلية على مجموعة من المواطنين قرب مستشفى شهداء الأقصى في دير البلح وسط قطاع غزة. وبأعلى صوتهم، ناشد فلسطينيون العالم التدخل لإنقاذ أهالي غزة الذين يتعرضون للإبادة والتجويع.,1
يعاني سكان المخيمات في قطاع غزة أوضاعا كارثية بسبب استمرار الاحتلال الإسرائيلي في إغلاق المعابر ومنع دخول المساعدات للقطاع المحاصر.,1
هجَّرت إسرائيل في اجتياح سابق 300 ألف مواطن من رفح، ودمرت 90% منها، وبتوغل شنته مطلع الشهر الجاري تنهي ما تبقى من المدينة المحاصرة بالكامل، وذلك لدفع سكانها للتهجير، وفق خطة الاحتلال.,1
أعلن الجيش الإسرائيلي أن قواته بدأت عملياتها الأولى في محور “موراغ” في قطاع غزة للمرة الأولى، فيما ارتفع إلى 29 عدد الشهداء جراء غارات الاحتلال منذ فجر اليوم السبت.,1
مع تصاعد وتيرة الحرب في غزة خلال الساعات الأخيرة، وتزايد مشاهد القصف والدمار والحرائق، تفاعل عدد من المشاهير في الوطن العربي مع ما يجري، سواء بنشر مقاطع توثق وحشية الاحتلال أو بالدعاء لأهالي غزة.,1
"""قال وزير الخارجية السعودي الأمير فيصل بن فرحان إن """"إن إنشاء دولة فلسطينية لا يتعلق بما إذا كانت إسرائيل تقبل أم لا، بل إنه مرتبط بمبادئ القانون الدولي"""".مضيفًا أن """"قرارات الأمم المتحدة التي أدت إلى إنشاء دولة إسرائيل كانت تهدف بوضوح إلى إقامة دولة فلسطينية أيضًا، لذا يتعين علينا أن نجعل ذلك يحدث.""""""",1
"""قال وزير الخارجية السعودي الأمير فيصل بن فرحان إن تطبيع بلاده مع إسرائيل """"غير وارد حتى التوصل إلى حل بشأن إقامة الدولة الفلسطينية"""" مضيفًا أن """"أمن كل المنطقة معرض للخطر إذا لم نعالج حقوق الفلسطينيين، وإذا لم نجد طريقًا إلى مسار يقودنا إلى دولة فلسطينية"""".""",1
وجدت المصورة السلوفاكية، بيترا باسناكوفا، الألم، والهدف، والسلام في كل منعطف من رحلتها التي استمرت ثلاث سنوات مع عائلات الصحراء البدوية الفلسطينية.,1
اتُهمت امرأة تبلغ من العمر 42 عامًا في مدينة يولس بولاية تكساس الأمريكية بمحاولة القتل العمد وإصابة طفل بعد محاولتها إغراق طفلين في مسبح مجمع سكني والإدلاء بتصريحات عنصرية تجاه والدتهما الفلسطينية.,1
"""افتتح الشيف فادي قطان، مطعمًا فاخرًا بمسقط رأسه في بيت لحم بالضفة الغربية. وأصدر في الآونة الأخيرة كتاب طبخ جديد بعنوان """"بيت لحم: احتفال بالطعام الفلسطيني"""". زارت كريستيان أمانبور، كبيرة المذيعين الدوليين في CNN، مطعمه الشهير """"عكوب"""" (Akub) في لندن للحديث عن الحفاظ على الهوية الفلسطينية، في ظل استيعاب تأثير الحرب القائمة على عائلته وأصدقائه.""",1
"""خلال تعليقه على تصويت الجمعية العامة بأغلبية كبيرة على منح السلطة الفلسطينية العضوية الكاملة في مجلس الأمن، قال السفير الفلسطيني لدى المملكة المتحدة، حسام زملط إن """"إن ذلك لا يمثل خطوة رمزيًة فحسب، بل فعلية، وتمثل إرادة شعوب العالم"""".""",1
صدر قرار للأمم المتحدة يؤيد العضوية الفلسطينية بتأييد ساحق، الجمعة، ومنح امتيازات جديدة للسلطة الفلسطينية بصفتها الحالية كدولة مراقب غير عضو,1
في يوم الطفل الفلسطيني الموافق 5 أبريل/نيسان من كل عام، تواصل إسرائيل منذ 18 شهرا حرمان الأطفال بقطاع غزة من أبسط حقوقهم جراء حرب الإبادة الجماعية التي ترتكبها مما تسبب في مآس إنسانية جسيمة.,1
أكد المدير الطبي لمستشفى المعمداني بمدينة غزة، الدكتور فضل نعيم، إن المستشفى خرج عن الخدمة، ولا مكان به لاستيعاب أي حالات جديدة، نظرا للعدد الكبير من المصابين.,1
مشروع “طريق نسيج الحياة” الإسرائيلي يهدف لضم مستوطنات شرقي القدس، وفصل الضفة الغربية، وحرمان الفلسطينيين من التواصل الجغرافي، مما يعزز مخطط “القدس الكبرى” ويمهد لضم الضفة تدريجيًا.,1
قاطعت موظفة مؤيدة للقضية الفلسطينية كلمة المدير التنفيذي لقطاع الذكاء الاصطناعي في شركة مايكروسوفت مصطفى سليمان احتجاجا على علاقات الشركة مع إسرائيل.,1
تواصل قوات الاحتلال الإسرائيلي عدوانها على مدينة طولكرم ومخيميها وسط تعزيزات عسكرية واسعة، في وقت صعد مستوطنون اعتداءاتهم على عدة مناطق بالضفة الغربية.,1
استشهد  15 فلسطينيا وأصيب آخرون، منذ فجر اليوم السبت، إثر قصف الاحتلال المتواصل على قطاع غزة، الذي يشهد إبادة جماعية منذ نحو 18 شهرا.,1
أفادت صحيفة نيويورك تايمز بأنها حصلت على مقطع فيديو من هاتف أحد المسعفين الذين عُثر عليهم في مقبرة جماعية في رفح، ما يُفنّد الرواية الإسرائيلية حول المجزرة.,1
يشهد أدب الأسرى الفلسطينيين تطورا ملحوظا، حيث أصبح نافذة تعبيرية للمقاومة، ويعكس المعاناة اليومية ويبرز صمود الأسرى في وجه الاحتلال وجبروته.,1
أفادت مصادر طبية بارتفاع عدد الشهداء في غزة إلى 35 منذ فجر اليوم الجمعة، في حين أعلن جيش الاحتلال توسيع عمليته البرية شمالي القطاع.,1
أفاد مراسل الجزيرة باستشهاد 13 فلسطينيا فجر اليوم في قصف إسرائيلي لمنزل وخيمة نازحين في خان يونس جنوبي قطاع غزة.,1
أفادت مصادر إنسانية بتفاقم الأزمة الإنسانية في قطاع غزة نتيجة استمرار إغلاق المعابر الحدودية منذ الثاني من مارس/آذار الماضي.,1
أجمع خبراء على أن الوضع الإنساني في قطاع غزة قد بلغ مستويات غير مسبوقة من الخطورة جراء الحصار المطبق الذي يفرضه الاحتلال الإسرائيلي، مؤكدين أن إسرائيل تسعى من وراء التضييق لفرض واقع جديد.,1
قال الرئيس الأميركي دونالد ترامب إن إدارته ستعمل على “حل أزمة غزة المستمرة منذ عقود”، مشيرا إلى أن رئيس الوزراء الإسرائيلي بنيامين نتنياهو قد يزور البيت الأبيض الأسبوع المقبل.,1
في اليوم الـ18 لاستئناف الاحتلال الإسرائيلي حرب الإبادة على غزة، استشهد أكثر من 30 مدنيا فلسطينيا بينهم أطفال في قصف للاحتلال على عدة مناطق بالقطاع منذ فجر اليوم.رضهم.,1
قال المستشار الألماني المنتهية ولايته، أولاف شولتس، إنه لا يتصور أن يتم تنفيذ مذكرة التوقيف الصادرة من المحكمة الجنائية الدولية بحق رئيس الوزراء الإسرائيلي، بنيامين نتنياهو، في حال زيارته لألمانيا.,1
وصف مدير المستشفى المعمداني بغزة الدكتور فضل نعيم الوضع الصحي في القطاع بالكارثي، مؤكدا أنه خرج عن السيطرة مع المجازر الإسرائيلية المتتالية.,1
رغم حلول عيد الفطر، صعّدت سلطات الاحتلال الإسرائيلي من عمليات الهدم في بلدات القدس منذ مطلع الشهر الجاري، والتي بلغت هدم 13 منشأة في يومين فقط.,1
أعلنت المفوضية الأممية لحقوق الإنسان أن أكثر من نصف قطاع غزة يعيش تحت أوامر الإخلاء الإسرائيلية، في حين حذرت هيئات إغاثة إنسانية دولية من أن السكان مهددون بجوع حاد في ظل توقف دخول المساعدات.,1
تصاعدت ردود الفعل المنددة بقرار المجر الانسحاب من المحكمة الجنائية الدولية، إذ طالبتها المحكمة بالتعاون بشأن مذكرة اعتقال رئيس الوزراء الإسرائيلي بنيامين نتنياهو  الذي وصل اليوم الخميس إلى بودابست.,1
قال ملك الأردن عبد الله الثاني، اليوم الخميس، إن تهجير الفلسطينيين من الضفة وغزة يشكل تهديدا للاستقرار الإقليمي برمته، داعيا إلى ضرورة وقف الحرب الإسرائيلية على القطاع فورا.,1
في غزة، لا فرق بين الموت جوعًا والموت قصفًا، فكلاهما مصير محتوم في ظل حصار إسرائيلي خانق وقصف لا يتوقف.,1
صعدت القوات الإسرائيلية عمليات الاعتقال وهدم المنازل في الضفة الغربية المحتلة، كما اقتحم عشرات المستوطنين المتطرفين باحات المسجد الأقصى المبارك في حماية شرطة الاحتلال.,1
أفاد مراسل الجزيرة باستشهاد 62 فلسطينيا جراء القصف الجوي الإسرائيلي المتواصل على مدينتي خان يونس وغزة منذ فجر اليوم الخميس، بينما أنذر جيش الاحتلال الإسرائيلي بإخلاء مناطق جديدة في جباليا وبيت حانون.,1
أفاد مراسل الجزيرة باستشهاد 11 فلسطينيا في قصف إسرائيلي لمنزل وخيمة نازحين في خان يونس جنوبي قطاع غزة.,1
أفادت مصادر إنسانية بتفاقم الأزمة الإنسانية في قطاع غزة نتيجة استمرار إغلاق المعابر الحدودية منذ الثاني من مارس/آذار الماضي.,1
أجمع خبراء على أن الوضع الإنساني في قطاع غزة قد بلغ مستويات غير مسبوقة من الخطورة جراء الحصار المطبق الذي يفرضه الاحتلال الإسرائيلي، مؤكدين أن إسرائيل تسعى من وراء التضييق لفرض واقع جديد.,1
قال الرئيس الأميركي دونالد ترامب إن إدارته ستعمل على “حل أزمة غزة المستمرة منذ عقود”، مشيرا إلى أن رئيس الوزراء الإسرائيلي بنيامين نتنياهو قد يزور البيت الأبيض الأسبوع المقبل.,1
في اليوم الـ18 لاستئناف الاحتلال الإسرائيلي حرب الإبادة على غزة، أفاد مراسل الجزيرة باستشهاد 10 فلسطينيين في قصف استهدف منزلا في منطقة حي المنارة جنوب شرق مدينة خان يونس جنوبي القطاع.,1
دعت حركة المقاومة الإسلامية (حماس) الشعوب العربية والإسلامية لأن يكون يوم غد الجمعة يوم غضب واستنفار عالمي “نصرة لأهلنا في قطاع غزة ورفضا للمجازر الصهيونية المدعومة أميركيا”.,1
قال المدير العام لوزارة الصحة في قطاع غزة الدكتور منير البرش إن غزة تلفظ أنفاسها الأخيرة، متحدثا عن إصابات غريبة ومشوهة وحروق عالية بسبب استخدام الاحتلال الإسرائيلي أسلحة جديدة.,1
بثت الجزيرة صورا توثق وصول عشرات الشهداء والمصابين إلى المستشفى المعمداني، بعد المجزرة التي ارتكبها الاحتلال الإسرائيلي في مدرسة “دار الأرقم” بحي التفاح شرقي مدينة غزة.,1
تواصل إسرائيل انتهاك كافة القوانين الدولية من خلال استخدام حصار وتجويع المدنيين في قطاع غزة كسلاح حرب لإجبارهم على الهجرة قسرا من أرضهم.,1
قال المستشار الألماني المنتهية ولايته، أولاف شولتس، إنه لا يتصور أن يتم تنفيذ مذكرة التوقيف الصادرة من المحكمة الجنائية الدولية بحق رئيس الوزراء الإسرائيلي، بنيامين نتنياهو، في حال زيارته لألمانيا.,1
وصف مدير المستشفى المعمداني بغزة الدكتور فضل نعيم الوضع الصحي في القطاع بالكارثي، مؤكدا أنه خرج عن السيطرة مع المجازر الإسرائيلية المتتالية.,1
رغم حلول عيد الفطر، صعّدت سلطات الاحتلال الإسرائيلي من عمليات الهدم في بلدات القدس منذ مطلع الشهر الجاري، والتي بلغت هدم 13 منشأة في يومين فقط.,1
أعلنت المفوضية الأممية لحقوق الإنسان أن أكثر من نصف قطاع غزة يعيش تحت أوامر الإخلاء الإسرائيلية، في حين حذرت هيئات إغاثة إنسانية دولية من أن السكان مهددون بجوع حاد في ظل توقف دخول المساعدات.,1
تصاعدت ردود الفعل المنددة بقرار المجر الانسحاب من المحكمة الجنائية الدولية، إذ طالبتها المحكمة بالتعاون بشأن مذكرة اعتقال رئيس الوزراء الإسرائيلي بنيامين نتنياهو  الذي وصل اليوم الخميس إلى بودابست.,1
أفاد مراسل الجزيرة باستشهاد 24 فلسطينيا جراء القصف الجوي الإسرائيلي المتواصل على مدينتي خان يونس وغزة منذ فجر اليوم.,1
واصل جيش الاحتلال الإسرائيلي عدوانه، في اليوم الـ17 لاستئنافه حرب الإبادة، على غزة، بتنفيذ غارات على خان يونس ورفح ومدينة غزة، استشهد فيها عشرات منذ فجر اليوم الخميس.,1
كشفت مصادر خاصة للجزيرة عن آخر تفاصيل مفاوضات وقف إطلاق النار وتبادل الأسرى بين المقاومة الفلسطينية والاحتلال الإسرائيلي.,1
تُحلل المقالة تقاعس الصين وروسيا عن تقديم دعم فعّال لغزة خلال الحرب، رغم تحركات رمزية، وتناقش تداعيات ذلك على نفوذهما الإقليمي والدولي.,1
قال الأمين العام للأمم المتحدة أنطونيو غوتيريش، إن عدد المدنيين الذين قُتلوا في قطاع غزة يظهر أن هناك خطأ واضحا في العمليات العسكرية الإسرائيلية.,1
في ظل حملة الإبادة الجماعية التي يواصلها الجيش الإسرائيلي بعدوانه المتواصل على غزة منذ 33 يوما، اضطر أكثر من مليون و 600 ألف من أهالي القطاع المحاصر إلى النزوح قسرا إلى وسط وجنوب القطاع.,1
أعلنت جماعة الحوثي، اليوم الأربعاء، إسقاط طائرة تجسس أميركية مسيّرة من طراز “إم كيو 9” (MQ9) في المياه الإقليمية لليمن.,1
قدمت السلطات في غزة وحركة حماس ومنظمات دولية، اليوم الأربعاء، أرقاما توضح حجم الكارثة الإنسانية والدمار جراء القصف الإسرائيلي المتواصل على القطاع من أكثر من شهر.,1
ندد ناشطون فلسطينيون بسلسلة من انتهاكات الاحتلال بحق النساء في الضفة الغربية، حيث تتصاعد وتيرة الاعتقالات واقتحام المدن والمخيمات تزامنا مع الحرب الإسرائيلية على قطاع غزة.,1
بثت كتائب عز الدين القسام التابعة لحركة المقاومة الإسلامية (حماس) فيديو يظهر استهداف وتدمير عدد من الآليات والتجمعات للجنود الإسرائيليين بقذائف متفجرة في محور شمال وجنوب مدينة غزة.,1
في ظل انقطاع الكهرباء والوقود والمياه بسبب الحصار الإسرائيلي، يعيش أهالي غزة حالة مماثلة لما عاشه الأجداد فابتكروا وسائل للتغلب على مصاعب الحياة اليومية مثل الموقد البدائي الذي يعمل بالحطب.,1
تتجمع الشاحنات المحملة بالمساعدات الإغاثية أمام معبر رفح البري من الجانب المصري، بانتظار الحصول على إذن الدخول، على أمل تخفيف معاناة أهالي قطاع غزة الذين يرزحون تحت العدوان الإسرائيلي منذ أكثر من شهر.,1
ذكرت مصادر للجزيرة أن قوات الاحتلال الإسرائيلي قتلت 46 فلسطينيا في غارات على مناطق في قطاع غزة اليوم الأحد، ليرتفع عدد الشهداء إلى أكثر من 50 ألفا منذ بدء الإبادة في أكتوبر/تشرين الأول 2023.,1
عادت مشاهد النزوح مجددا إلى مدينة غزة، إثر تصاعد الهجمات العسكرية الإسرائيلية في منطقتي بيت لاهيا وبيت حانون والمناطق المجاورة لها في شمالي قطاع غزة، وسط انعدام أدنى مقومات الحياة.,1
استقر نازحون بساحات المستشفى الإندونيسي شمالي قطاع غزة هربا من تصاعد العمليات البرية العسكرية الإسرائيلية في بيت حانون وبيت لاهيا، عقب استئناف إسرائيل الحرب وتنصلها من اتفاق وقف إطلاق النار.,1
اقتحم جيش الاحتلال مدنا وبلدات في الضفة واعتقل العشرات، في حين صادق “الكابينت” الإسرائيلي على فصل 13 مستوطنة تمهيدا للاعتراف بها.,1
فريدة الغول صحفية ومعلمة من غزة تصف في مقالها بواشنطن بوست أهوال عاشها أهالي جباليا في شمالي القطاع المحاصر يوم الثلاثاء الماضي جراء استئناف إسرائيل حربها بعد 57 يوما من هدوء هش.,1
تزامنا مع الحديث عن عودة إيتمار بن غفير إلى منصبه، فتحت جماعات الهيكل شهيتها لتحقيق مزيد من المكاسب في الأقصى عبر المطالبة بفتحه أمام الاقتحامات في العشر الأواخر من رمضان وخلال عيد الفطر.,1
قال الخبير العسكري والإستراتيجي العميد إلياس حنا إن المقاومة الفلسطينية في قطاع غزة استردت قدراتها البشرية والعسكرية والهيكلية، بدليل أنها أطلقت منذ يومين صواريخ باتجاه تل أبيب وأخرى باتجاه عسقلان.,1
يواجه العمل الخيري في غزة عوائق جمة من بينها الحصار الشديد وإغلاق الاحتلال المعابر ونقص السيولة النقدية والسلع الأساسية، وأفادت الأمم المتحدة بأن إسرائيل قتلت أكثر من 300 من عمال الإغاثة في القطاع.,1
حمّلت حركة حماس حكومة نتنياهو مسؤولية انهيار اتفاق غزة، وطالبت الوسطاء وواشنطن بالضغط عليها لوقف العدوان والتفاوض.,1
"أفادت الشرطة البريطانية أنّها اعتقلت رجلاً تسلق برج ساعة """"بيغ بن"""" التاريخي رافعًا العلم الفلسطيني، وتمسّك الرجل، الذي كان حافي القدمين، ويرتدي ملابس سوداء بالكامل، بجانب البرج لعدة ساعات بينما حاول طاقم الإطفاء التحدث معه.""",1
"""لطالما كان فن التطريز الفلسطيني جزءًا من حياة الشابة زين المصري، مع نشأتها في منزلٍ مليء بالأثاث واللوحات المزينة بأنماط التطريز المتنوعة والزاهية.",1
"في عام 2021، قررت المصري، وهي فلسطينية الأصل، الربط بين شغفها في التطريز وخلفيتها في مجال التكنولوجيا، وإطلاق منصة """"Tirazain"""" (طرازين) عبر الإنترنت لإنشاء سجل رقمي لفن التطريز الفلسطيني الموروث عبر الأجيال، والذي يتعرض لمخاطر تهدد ببقاء استمراريته، وفقًا للموقع الرسمي لمنظمة اليونسكو.""",1
"""كان حاكم ولاية أركنساس السابق مايك هاكابي، الذي أعلن الرئيس الأمريكي المنتخب، دونالد ترامب، الثلاثاء، أنه مرشحه لمنصب السفير الأمريكي إلى إسرائيل، قد قال في الماضي، كما يكشف مقطع فيديو من عام 2008، إنه """"لا يوجد شيء اسمه فلسطيني"""" وأن الأمر """"أداة سياسية لمحاولة إجبار إسرائيل على التخلي عن أرضها"""". لدى أندرو كاتشينسكي، كبير محرري KFILE في شبكة CNN، المزيد من التفاصيل.""",1
"""قال وزير الخارجية السعودي الأمير فيصل بن فرحان إن """"إن إنشاء دولة فلسطينية لا يتعلق بما إذا كانت إسرائيل تقبل أم لا، بل إنه مرتبط بمبادئ القانون الدولي"""".مضيفًا أن """"قرارات الأمم المتحدة التي أدت إلى إنشاء دولة إسرائيل كانت تهدف بوضوح إلى إقامة دولة فلسطينية أيضًا، لذا يتعين علينا أن نجعل ذلك يحدث.""""""",1
"""قال وزير الخارجية السعودي الأمير فيصل بن فرحان إن تطبيع بلاده مع إسرائيل """"غير وارد حتى التوصل إلى حل بشأن إقامة الدولة الفلسطينية"""" مضيفًا أن """"أمن كل المنطقة معرض للخطر إذا لم نعالج حقوق الفلسطينيين، وإذا لم نجد طريقًا إلى مسار يقودنا إلى دولة فلسطينية"""".""",1
وجدت المصورة السلوفاكية، بيترا باسناكوفا، الألم، والهدف، والسلام في كل منعطف من رحلتها التي استمرت ثلاث سنوات مع عائلات الصحراء البدوية الفلسطينية.,1
اتُهمت امرأة تبلغ من العمر 42 عامًا في مدينة يولس بولاية تكساس الأمريكية بمحاولة القتل العمد وإصابة طفل بعد محاولتها إغراق طفلين في مسبح مجمع سكني والإدلاء بتصريحات عنصرية تجاه والدتهما الفلسطينية.,1
"""افتتح الشيف فادي قطان، مطعمًا فاخرًا بمسقط رأسه في بيت لحم بالضفة الغربية. وأصدر في الآونة الأخيرة كتاب طبخ جديد بعنوان """"بيت لحم: احتفال بالطعام الفلسطيني"""". زارت كريستيان أمانبور، كبيرة المذيعين الدوليين في CNN، مطعمه الشهير """"عكوب"""" (Akub) في لندن للحديث عن الحفاظ على الهوية الفلسطينية، في ظل استيعاب تأثير الحرب القائمة على عائلته وأصدقائه.""",1
"""خلال تعليقه على تصويت الجمعية العامة بأغلبية كبيرة على منح السلطة الفلسطينية العضوية الكاملة في مجلس الأمن، قال السفير الفلسطيني لدى المملكة المتحدة، حسام زملط إن """"إن ذلك لا يمثل خطوة رمزيًة فحسب، بل فعلية، وتمثل إرادة شعوب العالم"""".""",1
صدر قرار للأمم المتحدة يؤيد العضوية الفلسطينية بتأييد ساحق، الجمعة، ومنح امتيازات جديدة للسلطة الفلسطينية بصفتها الحالية كدولة مراقب غير عضو,1
الطفلة أمينة الخطيب، البالغة من العمر 10 سنوات، هي الناجية الوحيدة من مجزرتين ارتكبهما الاحتلال في النصيرات.,1
أثار سفير إسرائيل بالنمسا، ديفيد رويت، جدلا واسعا بعد تسريب مقطع فيديو له خلال زيارة قام بها لدائرة “كلتوس” اليهودية بمدينة إنسبروك النمساوية يدعو لقتل الأطفال الفلسطينيين وتدمير غزة.,1
حذر المكتب الإعلامي الحكومي في غزة، اليوم الأحد، من ارتفاع معدلات الجوع وسوء التغذية ومخاطر استمرار سياسة التعطيش التي تنتهجها إسرائيل في إطار إبادتها الجماعية للقطاع.,1
تظاهر الآلاف في المغرب وفرنسا وبريطانيا وإسبانبا، دعما لغزة وللمطالبة بوقف الإبادة الإسرائيلية التي استؤنفت الأسبوع الماضي على القطاع.,1
أعلنت وزارة الصحة في غزة اليوم الأحد أن العدد الإجمالي لشهداء العدوان الإسرائيلي على القطاع منذ السابع من أكتوبر/تشرين الأول 2023 تجاوز 50 ألفا.,1
عدّ الخبير العسكري والإستراتيجي اللواء فايز الدويري استمرار إطلاق مقاتلي كتائب القسام -الجناح العسكري لحركة المقاومة الإسلامية (حماس)- الصواريخ من غزة “سرا لا يمكن اكتشافه”.,1
دعا وزير الخارجية الفرنسية الأسبق دو فيلبان لوقف ما أسماه بـ “الحلقة المفرغة” من استخدام القوم والانتقام، قائلا إن الخطوة الأولى يجب أن تكون منع نتنياهو من مواصلة منطقه الانتحاري.,1
أعلنت حركة المقاومة الإسلامية (حماس) اليوم الأربعاء أن المقاومة بقطاع غزة قتلت ضابطا برتبة عقيد من وحدة إسرائيلية متخصصة في حرب الشوارع.,1
قفز العجز في ميزانية إسرائيل خلال أكتوبر/تشرين الأول الماضي، بنسبة 397% على أساس شهري، على خلفية زيادة نفقات حرب الاحتلال على غزة، بينما أصدرت تل أبيب سندات بقيمة 3.7 مليار دولار.,1
دعا وزراء خارجية دول مجموعة السبع إلى إعلان “هدنة إنسانية” في الحرب على قطاع غزة للسماح بإدخال المساعدات والعمل على إطلاق سراح المحتجزين لدى المقاومة، لكنهم لم يطالبوا إسرائيل بوقف إطلاق النار.,1
أفادت بيانات الأمم المتحدة بتسارع وتيرة فرار المدنيين الفلسطينيين من منطقة القتال في شمال غزة عقب تكثيف القوات الإسرائيلية حملتها الجوية والبرية هناك.,1
وقال مكتب الأمم المتحدة لتنسيق الشؤون الإنسانية، اليوم الأربعاء إن نحو 15 ألف شخص فروا الثلاثاء مقارنة بـ5 آلاف الاثنين وألفين يوم الأحد.,1
"""وتشكل المنطقة الشمالية من القطاع، ذات الكثافة السكانية العالية وتحديدا مدينة غزة ومخيمات اللآجئين المجاورة المكتظة، محور الحملة الإسرائيلية ضد حركة """"حماس"""".""",1
"""وكشفت وكالة الأمم المتحدة لإغاثة وتشغيل اللاجئين الفلسطينيين """"الأونروا"""" الاثنين، أن نحو 1.5 مليون شخص في قطاع غزة، أصبحوا نازحين، ويعيش معظمهم في ظروف مروعة في ملاجئ الأمم المتحدة.""",1
وحسب أحدث حصيلة أعلنتها وزارة الصحة في غزة اليوم الأربعاء ارتفع إجمالي الشهداء نتيجة القصف الإسرائيلي منذ بداية الحرب إلى 10569 شخصا بينهم 4324 طفلا.,1
قالت مصادر للجزيرة إن مدير وكالة الاستخبارات المركزية الأميركية سيجري مباحثات في قطر الخميس، في حين نقلت تقارير عدة تفاصيل حول المفاوضات الجارية بوساطة قطرية بشأن المحتجزين في قطاع غزة.,1
في اليوم الـ33 من الحرب على غزة، تواصلت الغارات المكثفة على القطاع المحاصر، وارتكبت القوات الإسرائيلية مجازر جديدة، ومع ذلك فقد كان “عصيبا” على الجيش الإسرائيلي في غزة.,1
قال وزير الخارجية الأردني أيمن الصفدي، مساء الأربعاء، إن حماس فكرة لا تنتهي ومن يريد وضعا مغايرا عليه تلبية حقوق الشعب الفلسطيني، مؤكدا أن الأردن يرفض أي حديث عن إدارة غزة ما بعد الحرب عبر قوات عربية.,1
دعت بيترا دي سوتر نائبة رئيس الوزراء البلجيكي حكومة بلادها إلى فرض عقوبات على إسرائيل بسبب قصفها المستمر على قطاع غزة.,1
قدمت السلطات في غزة وحركة حماس ومنظمات دولية، اليوم الأربعاء، أرقاما توضح حجم الكارثة الإنسانية والدمار جراء القصف الإسرائيلي المتواصل على القطاع من أكثر من شهر.,1
ندد ناشطون فلسطينيون بسلسلة من انتهاكات الاحتلال بحق النساء في الضفة الغربية، حيث تتصاعد وتيرة الاعتقالات واقتحام المدن والمخيمات تزامنا مع الحرب الإسرائيلية على قطاع غزة.,1
بثت كتائب عز الدين القسام التابعة لحركة المقاومة الإسلامية (حماس) فيديو يظهر استهداف وتدمير عدد من الآليات والتجمعات للجنود الإسرائيليين بقذائف متفجرة في محور شمال وجنوب مدينة غزة.,1
عدّ الخبير العسكري والإستراتيجي اللواء فايز الدويري استمرار إطلاق مقاتلي كتائب القسام -الجناح العسكري لحركة المقاومة الإسلامية (حماس)- الصواريخ من غزة “سرا لا يمكن اكتشافه”.,1
أعلنت حركة المقاومة الإسلامية (حماس) اليوم الأربعاء أن المقاومة بقطاع غزة قتلت ضابطا برتبة عقيد من وحدة إسرائيلية متخصصة في حرب الشوارع.,1
أعرب إسرائيليون بمواقع التواصل الاجتماعي عن اعتراضهم على المنحة المالية التي خصصتها حكومتهم لجنود الاحتياط الذين استدعوا لإعلان الحرب على قطاع غزة، ودعوا إلى الاحتجاج والمطالبة بإسقاط حكومة نتنياهو.,1
قالت هيئة البث الإسرائيلية، اليوم الأربعاء، إن إسرائيل طلبت من الولايات المتحدة شراء 200 مسيرة انتحارية من طراز “الشفرات” ، في ظل استمرار حربها على غزة منذ 33 يوما.,1
قال “أبو عبيدة” الناطق العسكري باسم كتائب عز الدين القسام إنهم وثقوا تدمير “136 آلية عسكرية إسرائيلية تدميرا كليا أو جزئيا، وإخراجها عن الخدمة” من القوات التي دفعت بها إسرائيل للتوغل البري بقطاع غزة.,1
دعا وزراء خارجية دول مجموعة السبع إلى إعلان “هدنة إنسانية” في الحرب على قطاع غزة للسماح بإدخال المساعدات والعمل على إطلاق سراح المحتجزين لدى المقاومة، لكنهم لم يطالبوا إسرائيل بوقف إطلاق النار.,1
نقلت وكالة الصحافة الفرنسية، اليوم الأربعاء عن مصدر مطلع على محادثات تجري حاليا، أن قطر تتوسط من أجل إطلاق سراح ما بين 10 و15 محتجزا في غزة مقابل وقف مؤقت لإطلاق النار,1
"""في مقابلة مع مذيع  جايك تابر، قالت حنين عوكل، امرأة من نيوجيرسي لديها ثلاثة أطفال كانت عالقة في غزة لأسابيع وتمكنت مؤخرًا من العودة إلى الولايات المتحدة، إن الأوضاع في القطاع """"صعبة حقًا"""" و""""بائسة""""، مشيرة إلى أنها لا تعرف """"إن كان بإمكان أي إنسان العيش هناك. أشعر بالحزن الشديد على جميع سكان غزة. ليس فقط أفراد عائلتي، بل لجميع سكان غزة. لا أعرف كيف سينجون بعد كل هذا"""".""",1
"""أكد رئيس الوزراء الإسرائيلي بنيامين نتنياهو الخميس أنه لن يكون هناك """"وقف لإطلاق النار"""" دون إطلاق سراح الرهائن الذين تحتجزهم حماس""",1
أجرت شبكة  مقابلة مع حنين عوكل، امرأة من نيوجيرسي لديها ثلاثة أطفال، كان عمر أحدهم شهرين فقط، في الأسبوع الأول من النزاع، حيث كانت من بين مئات الأمريكيين الذين أمضوا ما يقرب من شهر محاصرين في غزة. كانت تزور عائلتها في الشمال عندما هاجمت حماس، وبعد ذلك، بناءً على طلب وزارة الخارجية، انتقلت هي وأطفالها جنوبًا نحو معبر رفح، ولأيام، انتظرت العائلة بينما كان الطعام والماء ينفدان. عادت عوكل إلى الأراضي الأمريكية مؤخرًا، وأجرى معها مذيع شبكتنا جايك تابر مقابلة مرة أخرى.,1
وصل أمير قطر، الشيخ تميم بن حمد آل ثاني، إلى العاصمة الإماراتية أبوظبي، حيث كان في مقدمة مستقبليه، رئيس الإمارات، الشيخ محمد بن زايد آل نهيان، وفق ما ذكرته وكالة أنباء الإمارات الرسمية (وام) الخميس.,1
قال البيت الأبيض إن إسرائيل ستبدأ في تنفيذ هدنة لمدة أربع ساعات في مناطق شمال غزة كل يوم، للسماح بوصول المساعدات الإنسانية وللمدنيين بالفرار.,1
قال مصدر مسؤول بالجامعة العربية، إن الجامعة ستعقد قمة عربية طارئة، السبت المقبل، بمدينة الرياض عاصمة المملكة العربية السعودية لمناقشة وقف العنف في غزة، بمشاركة رؤساء ووفود الدول العربية، وسبق هذه القمة اجتماع تحضيري لوزراء الخارجية العرب الخميس، على أن تستكمل المشاورات الوزارية غدًا الجمعة قبل انطلاق أعمال القمة السبت.,1
يفصّل مراسل ، جيريمي دايموند، مقاطع الفيديو التي نشرتها حماس والتي توضح نهجها بحرب المدن في غزة.,1
قال مصدر دبلوماسي مطلع على المحادثات لشبكة ، إن اجتماعاً ثلاثياً بين مسؤولين قطريين ورئيسي الاستخبارات الإسرائيلية والأمريكية عُقد في الدوحة الخميس لمناقشة إطلاق سراح الرهائن مقابل هدنة إنسانية ودخول المساعدات إلى غزة.,1
حذر منسق الإغاثة الطارئة في الأمم المتحدة، الخميس، من أن الصراع بين إسرائيل وحماس قد ينتشر في المنطقة ككل.,1
يبدو أن الولايات المتحدة وإسرائيل على خلاف بشأن مستقبل غزة بعد انتهاء الحرب فيها، ومع دخول الحرب بين حماس وإسرائيل شهرها الثاني، فإن ما سيحدث عندما تنتهي الحرب بات غير واضح,1
تابعنقلت صحيفة وول ستريت جورنال الأميركية عن مصدر وصفته بالمطلع، قوله إن مجتمع الاستخبارات الأميركي يشكك في قدرة إسرائيل على تحقيق هدفها العسكري المعلن والمتمثل بالقضاء على حركة حماس.,1
جدد بنيامين نتنياهو تأكيد عزمه فرض سيطرة أمنية كاملة على قطاع غزة، بينما قال الرئيس الفلسطيني محمود عباس إنه لن يقبل بإعادة احتلال قطاع غزة، وإنه مستعد لتحمل مسؤوليات القطاع في إطار حل سياسي شامل.,1
قال بومبيو، إن إسرائيل يجب أن تقاتل حتى تنتصر على حركة حماس، بينما اتهم إدارة جو بايدن باتباع سياسة “استرضاء إيران”، وهو ما أظهر ضعف واشنطن، الذي مهد الطريق لهجمات حماس على إسرائيل.,1
قال وزير الخارجية الأميركي أنتوني بلينكن إن رؤية واشنطن تشمل رفض التهجير القسري للمدنيين في غزة، ورفض استخدام القطاع منصة لشن هجمات على إسرائيل.,1
تجاوزت أعداد الشهداء في غزة 11 ألفا بينما تواصل قوات الاحتلال الإسرائيلي ارتكاب المجازر بحق المدنيين. وأكد المكتب الإعلامي الحكومي بغزة أن الاحتلال ألقى 32 ألف طن من المتفجرات على القطاع حتى الآن.,1
قالت حركة حماس إن الاحتلال الإسرائيلي، وبغطاء أميركي، يرفض بشكل معلن وقف إطلاق النار، ودعت الدول العربية والإسلامية للضغط على واشنطن لوقف العدوان الإسرائيلي على قطاع غزة وفتح المعابر.,1
حذّرت الخارجية القطرية -اليوم الجمعة- من النية الواضحة لدى الاحتلال الإسرائيلي لارتكاب مجزرة جديدة في مجمع الشفاء الطبي بمدينة غزة.,1
مضت 5 أسابيع والمسجد الأقصى يخضع لإجرءات أمنية تحول دون الدخول إلا لكبار السن.,1
أدان ولي العهد السعودي الأمير محمد بن سلمان ما يشهده قطاع غزة من اعتداء عسكري إسرائيلي واستهداف للمدنيين فيه وانتهاكات للقانون الدولي الإنساني من الجيش الإسرائيلي.,1
في مشهد اعتبر الأكبر والأول من نوعه منذ بدء العدوان على غزة، احتشد آلاف من اللبنانيين والفلسطينيين معا في مدينة صيدا اللبنانية، وأدوا صلاة جمعة وأطلقوا حملة لجمع التبرعات، نصرة وإسنادا لغزة ومقاومتها.,1
مع تقنين الإجراءات الإسرائيلية الهادفة لسلخ فلسطينيي 48 عن قضيتهم، صعّدت شرطة الاحتلال من عملياتها القمعية واعتقلت العديد من القيادات السياسية والجماهيرية العربية بعد مطالبتهم بوقف الحرب على غزة.,1
أعلنت كتائب القسام استهداف دبابات إسرائيلية في مدينة غزة، إضافة لاستهداف تجمع للجنود الإسرائيليين، بينما خسر الجيش الإسرائيلي 356 جنديا وضابطا، 39 منهم قتلوا منذ بدء العملية البرية.,1
بثت الجزيرة مقطع فيديو يظهر فشل الطواقم الطبية في مستشفى القدس بغزة في إنقاذ أحد المصابين بقصف إسرائيلي، بسبب انقطاع التيار الكهربائي جراء نفاد الوقود.,1
رغم نفوذها المالي والسياسي الواسع في الولايات المتحدة القائم على دعمها التام لإسرائيل ومحاربة أي معارض لها، قرر نواب أميركيون مواجهة منظمة أيباك واتهموها بنشر الأكاذيب بشأن العدوان الإسرائيلي على غزة.قامت قوات الاحتلال الإسرائيلي بسلسلة من الاقتحامات والمداهمات في مناطق متفرقة من الضفة الغربية بهدف تنفيذ حملة اعتقالات.,1
تعرض قطاع البناء والعقارات في إسرائيل لشلل تام جراء الحرب على غزة وتعليق تصاريح العمل للفلسطينيين، مما تسبب في خسائر فادحة لشركات البناء. يضاف إلى ذلك خسائر شركات التأمين جراء تضرر المركبات.,1
عبر القصف الكثيف والقنص المركز والمحاصرة بالدبابات تمادى الاحتلال الإسرائيلي في تحدي القانون الدولي الإنساني باستهدافه المتواصل لمستشفيات غزة التي تتعرض لليوم الـ36 لعدوان خلف آلاف الشهداء.,1
5 أسابيع من القصف الإسرائيلي المتواصل على غزة لم تنج منه حتى المستشفيات، ونقص حاد في الوقود والغذاء، وحتى المياه باتت عزيزة المنال.,1
عاد اسم قوات الفجر -الجناح المسلح للجماعة الإسلامية التي تعد فرع جماعة الإخوان المسلمين في لبنان- ليبرز من خلال عمليات استهدفت مواقع جيش الاحتلال الإسرائيلي على طول الحدود اللبنانية.,1
تحول دور المبعوث الأميركي لشؤون أمن الطاقة من حمل رسائل متعلقة بالطاقة إلى رسائل سياسية وعسكرية، يراها محللون أنها ذات طابع تفاوضي مع لبنان وأنها مكملة لدور أنتوني بلينكن في الوقوف مع إسرائيل.,1
أعلنت وزارة الخارجية السعودية أمس الجمعة دمج القمتين العربية والإسلامية في قمة واحدة مشتركة تعقد اليوم السبت في الرياض لبحث الحرب الإسرائيلية على قطاع غزة.,1
قال المدير العام لمنظمة الصحة العالمية تيدروس أدهانوم غيبريسوس إن طفلا واحدا يقتل في المتوسط كل 10 دقائق في غزة جراء العدوان الإسرائيلي المتواصل على القطاع.,1
قال الرئيس الإيراني إنه حان الوقت حان لفعل شيء حيال الصراع في غزة بدلا من الكلام، معتبرا أن واشنطن تعرقل وقف إطلاق النار بالقطاع وتوسع نطاق الحرب، وذلك أثناء توجهه إلى السعودية لحضور قمة بشأن الأزمة.,1
من المتوقع أن ينضم مئات الآلاف من المتظاهرين إلى مسيرة مؤيدة للفلسطينيين في لندن السبت، وهي مسيرة انتقدها رئيس الوزراء ريشي سوناك ووصفها بأنها لا تنم عن الاحترام، وسط مخاوف من أنها قد تثير أعمال عنف.,1
تكررت اقتحامات قوات الاحتلال لمخيم جنين منذ بداية العدوان الإسرائيلي على قطاع غزة، لكن ما جرى أول أمس الخميس كان الأعنف والأكبر، إذ فجرت قوات الاحتلال منازل كثيرة ودمرت بنىً تحتية وقتلت 14 فلسطينيا.,1
المؤرخ الإسرائيلي آفي شلايم ينتقد الحرب الإسرائيلية على غزة ويعتبرها بلا جدوى، حيث يرى أن الصراع يعود إلى احتلال إسرائيل الأراضي الفلسطينية عام 1967 وأن الانتقام ليس سياسة.,1
بثت شاشة الجزيرة رسالة للطبيب عز الدين من داخل مستشفى الشفاء في قطاع غزة، قال فيها إن قوات الاحتلال الإسرائيلي استهدفت بشكل مكثف محيط وساحات المستشفى بقنابل فسفورية,1
دعت جنوب أفريقيا، الجمعة، المحكمة الجنائية الدولية، إلى التحقيق مع قادة إسرائيل بشأن ارتكاب جرائم حرب وإبادة جماعية في قطاع غزة الفلسطيني المحاصر.,1
في اليوم الـ43 للعدوان الإسرائيلي على غزة، قام جيش الاحتلال بإخلاء مجمع الشفاء الطبي من معظم الجرحى والمرضى والنازحين والأطباء بعد إمهالهم ساعة واحدة.,1
ارتكبت قوات الاحتلال الإسرائيلي مجزرتين، إحداهما في مدرسة الفاخورة بمخيم جباليا، والأخرى في مدرسة بتل الزعتر، الصحفي أنس الشريف رصد وصول الشهداء والجرحى إلى مستشفى كمال عدوان بعد ارتكاب المجزرتين,1
نشرت صحيفة “نيويورك تايمز” تحقيقا عن الوضع المأساوي في قطاع غزة، وسلطت الضوء على العدوان الإسرائيلي الذي يستهدف المدنيين، لا سيما الأطفال والنساء.,1
أجبر انعدام الغاز والكهرباء في قطاع غزة السكان للجوء لمواقد الحطب وحرق الملابس والكتب مع مواصلة الجيش الإسرائيلي فرض حصار مطبق على القطاع حرمه من كل الاحتياجات الأساسية من غاز ومياه وكهرباء وأدوية.,1
بثت قناة الجزيرة مقاطع مصورة للنيران، وقد أتت على كامل مبنى الدفاع المدني في جباليا في قطاع غزة بعد استهدافه بقصف إسرائيلي. وأدى القصف -أيضا- إلى سقوط عشرات الشهداء والجرحى، وتسبب بدمار كبير بالمكان.,1
قال توماس بورتيس النائب الفرنسي عن حزب فرنسا الأبية، الذي يقوده جون لوك ميلانشون، إن إسرائيل تشن حربا استعمارية للقضاء على الفلسطينيين.,1
خرجت مظاهرات حاشدة، السبت، في عدة مدن أوروبية للأسبوع السادس على التوالي للمطالبة بوقف إطلاق النار في قطاع غزة.,1
استهدف الاحتلال الإسرائيلي مربعا سكنيا عند مفترق الهَوَجَا في مخيم جباليا، الصحفي أنس الشريف رصد الدمار الذي خلّفه القصف الذي أسفر عن عشرات الشهداء والجرحى.,1
بث الإعلام العسكري التابع لكتائب القسام الجناح العسكري لحركة المقاومة الإسلامية (حماس) مقطع فيديو لاستهداف قوات الاحتلال بدفعة كبيرة من قذائف الهاون.,1
أفاد مراسل الجزيرة بوصول عدد كبير من الشهداء والجرحى إلى مستشفى ناصر في خان يونس جنوبي قطاع غزة، بعد قصف طائرات قوات الاحتلال الإسرائيلي عددا من منازل الفلسطينيين في مدينة خان يونس.,1
فرضت القضية الفلسطينية نفسها على المحافل الدولية، حيث أربك العدوان الإسرائيلي على غزة ختام قمة “آبيك” بالولايات المتحدة، ودفع الدول الآسيوية المسلمة إلى إصدار بيان منفصل تنديدا بالعدوان.,1
أعلن أبو عبيدة الناطق باسم كتائب عز الدين القسام -الذراع العسكرية لحركة المقاومة الإسلامية (حماس)- فقدان الاتصال بعدد من المجموعات المكلفة بحماية الأسرى الإسرائيليين في قطاع غزة.,1
قال الرئيس التركي رجب طيب أردوغان إن بلاده ستتقدم مع أكثر من ألفي محام بشكوى إلى الجهات المعنية ضد المجازر الإسرائيلية في غزة، مشيرا إلى أن بلاده ستسعى لإعادة إعمار غزة إذا تم وقف إطلاق النار.,1
حمل القيادي في حركة حماس أسامة حمدان بشدة على موقف الإدارة الأميركية مما يجري في غزة، مؤكد أن ما يحدث من مجاز ما كان ليتم لولا الرئيس الأميركي جو بايدن وإدارته والصمت الدولي.,1
يبدأ وزراء خارجية دول عربية وإسلامية، الأحد، جولة إلى عواصم عدد من الدول دائمة العضوية في مجلس الأمن، تكون بدايتها من الصين، من أجل الحشد لتحرك دولي لوقف الحرب في غزة.,1
"""أظهرت صور الأقمار الصناعية من شركة """"ماكسار تكنولوجيز""""، حشدًا كبيرًا من الأشخاص الذين تجمعوا على طول طريق صلاح الدين في غزة صباح الجمعة، وهم يحاولون الفرار جنوبًا على طول ممر الإخلاء.""",1
"""قال مستشار البيت الأبيض الأسبق لمكافحة الإرهاب، ريتشارد كلارك، في مقابلة مع CNN، إنه عندما نسمع """"مركز القيادة"""" فإننا نتوقع أن """"نرى شيئًا به الكثير من معدات الاتصالات وكبار القادة، و(الإسرائيليون) لم يظهروا أي دليل على ذلك بعد""""، مُشيرًا إلى أن الإسرائيليين ربما """"يئسوا من معركة الرأي العام"""".""",1
"""قال المفوض العام لوكالة الأمم المتحدة لإغاثة وتشغيل اللاجئين (الأونروا)، السبت، إن كمية الوقود التي وافقت إسرائيل على السماح بدخولها إلى غزة كل يوم """"بعيدة عن أن تكون كافية"""".""",1
تستمر عملية إجلاء الرعايا الأجانب والجرحى الفلسطينيين من غزة إلى مصر عبر حدود رفح. وقال مسؤولون مصريون، الجمعة، إن 45 مصابًا دخلوا عبر تلك الحدود، بمن فيهم مرافقيهم أيضًا. وللمرة الأولى، شاركت دولة الإمارات العربية المتحدة أيضًا في عمليات الإجلاء وتمكنوا من مساعدة 15 جريحًا ونقلهم إلى الإمارات العربية المتحدة.,1
"""قال المفوض العام لوكالة الأمم المتحدة لغوث وتشغيل اللاجئين (أونروا)، فيليب لازاريني، إنه """"لا يمكن لوقف إطلاق النار لأسباب إنسانية أكثر من ذلك"""" في غزة، بعد مطالعته """"صور ولقطات مروعة"""" من إحدى مدارس الأونروا في القطاع.""",1
أظهر مقطع فيديو للجيش الإسرائيلي في 15 نوفمبر/ تشرين الثاني لحظة تفقد أسلحة حماس التي تم العثور عليها في مستشفى الشفاء، حيث ظهرت أسلحة أقل في مكان الحادث مقارنة بالفيديوهات اللاحقة التي صورتها أطقم وسائل الإعلام الدولية، مما يشير إلى أنه ربما نقل الأسلحة أو وضعها هناك قبل وصول طواقم الأخبار.,1
أكد رئيس الاستخبارات السعودية الأسبق الأمير تركي الفيصل، السبت، على الحاجة إلى ضغوط دولية على إسرائيل لتتحرك نحو السلام، ورأى أن مبادرة السلام العربية التي طرحتها السعودية عام 2002 تمنح إسرائيل ما تريده وتحقق العدالة للفلسطينيين في الحصول على دولتهم.,1
في إطار مبادرة رئيس دولة الإمارات، الشيخ محمد بن زايد، بعلاج ألف طفل فلسطيني برفقة عائلاتهم من قطاع غزة في مستشفيات الدولة، أعلنت السلطات الإماراتية، السبت، وصول الطائرة الأولى التي تحمل على متنها 15 من الأطفال وعائلاتهم، وتحدثت الدكتورة مها بركات مساعدة وزير الخارجية الإماراتي لشؤون الصحة عن حالة هؤلاء المصابين.,1
تساءل رئيس وزراء قطر الأسبق، الشيخ حمد بن جاسم، عن اللجنة التي قررت القمة العربية والإسلامية الأخيرة تشكيلها لمتابعة الحرب الإسرائيلية في غزة.,1
الحرب على غزة.. القسام تكبّد الاحتلال مزيدا من الخسائر والحوثيون يسيطرون على سفينة بالبحر الأحمر,1
الحوثيون يحتجزون سفينة إسرائيلية وتل أبيب: الحادث خطير للغاية,1
نتنياهو: لم ندخل غزة لتسليمها للسلطة الفلسطينية,1
الحرب على غزة مباشر.. القسام تكبّد الاحتلال مزيدا من الخسائر والحوثيون يسيطرون على سفينة بالبحر الأحمر,1
صور لملابس الجنود القتلى وعتادهم.. القسام تبث مشاهد استهدافها لقوات الاحتلال بمدينة غزة,1
الحوثيون يحتجزون سفينة إسرائيلية وتل أبيب: الحادث خطير للغاية,1
شاهد.. القسام تعرض مشاهد نوعية لاستهداف جنود الاحتلال وآلياته وعتاده بمدينة غزة,1
خبير عسكري: مقاتلو القسام يملكون جرأة وإقداما فريدين ولا مناطق سيطرة للاحتلال,1
كتائب القسام تعلن قتل 6 جنود إسرائيليين من مسافة صفر,1
بعد اعتراف إسرائيل بقتل رواد الحفل.. النشطاء يعتبرونه براءة لحماس من استهداف المدنيين,1
تعزيزات للجيش الأردني على الحدود مع فلسطين.. ماذا يحدث؟,1
"""حرب غزة.. لماذا تتغلغل """"القومية المسيحانية"""" في الجيش الإسرائيلي؟""",1
"""""""بعد السيطرة على سفينة تابعة لإسرائيل"""".. إلى أي مدى تصل قدرات الحوثيين في البحر الأحمر؟""",1
التغطية متواصلة| الجيش الإسرائيلي يعلن مقتل جنديين  خلال المعارك في قطاع غزة,1
إتمام عملية إخلاء 31 من الأطفال الخدج من مستشفى الشفاء في غزة في عملية غير عادية,1
القضاء على عناصر لحماس في غارة إسرائيلية على حي فاخر في غزة واكتشاف 35 نفقا,1
السعودية تعلن بدء أعمال اللجنة الوزارية لبلورة تحرك دولي لوقف الحرب على غزة انطلاقا من الصين,1
إسرائيل: اللجنة الوزارية لشؤون الأمن توافق رسميًا على دخول الوقود إلى غزة,1
البيت الأبيض ينفي تقريرا عن صفقة للإفراج عن الرهائن بين إسرائيل وحماس,1
الجيش الإسرائيلي يعلن عن سقوط ثلاثة جنود في غزة: ياكير بيطون وراني طحان وحين يهلوم,1
فريق السباحة الفنية الإسرائيلي في استعراض مميّز للمطالبة بإعادة المخطوفين من قطاع غزة,1
تقديرات إسرائيلية: السنوار وضيف هربا إلى خان يونس جنوب قطاع غزة,1
"الأردن يقيم مستشفى عسكريا ميدانياً في مدينة نابلس ومغردون يتسائلون عن سبب إنشاءه بالقرب من ثلاث م""فيديو, والدة رهينة تناشد رئاسة الوزراء الإسرائيلية, المدة 3,00""",1
"""""""هذه أعظم هدية تقدمها الولايات المتحدة لإيران في الشرق الأوسط"""" – نيويورك تايمز""",1
بول أدامز: لماذا يواجه وقف إطلاق النار في غزة ضغوطاً متزايدة؟,1
"""ترامب يهدد بوقف المساعدات عن مصر والأردن ويتوعد حماس بـ """"جحيم حقيقي"""" إن لم تفرج عن جميع الرهائن """,1
"""""""الغرب يُمكّن حماس من الدعاية لنفسها والرهائن يدفعون الثمن"""" - جيروزاليم بوست""",1
"""ترقب للقاء ترامب مع ملك الأردن، مع رفض المملكة مقترح """"التهجير"""" """,1
"""فيديو, أطفال الحروب في السودان وغزة: بي بي سي تطلق برنامجاً تعليمياً باللغة العربية لدعم الطلاب, المدة 1,48""",1
انسحاب الجيش الإسرائيلي من محور نتساريم في غزة، ومصر تدعو لقمة عربية طارئة,1
حملة عسكرية إسرائيلية واسعة في الضفة الغربية، ومقتل نحو 70 فلسطينياً منذ بداية 2025,1
"""نتنياهو يقول إن ترامب """"عازم على تنفيذ خطته""""، وتنديد عربي بالدعوة لإقامة دولة فلسطينية في السعودية""",1
كيف جرى استقبال التايلانديين الخمسة الذين أطلقت حماس سراحهم؟,1
"""""""هذا ليس دونالد ترامب الذي انتخبه الأمريكيون"""" - نيويورك تايمز""",1
"""انسحاب إسرائيلي مرتقب من نتساريم، ونتنياهو يتعهد بـ """"تدمير"""" حماس""",1
ترامب وقانون الغاب - الغارديان,1
أرض البنط والريفييرا مناطق تدور في فلك جغرافيا ترامب حول مخططه لغزة,1
ترامب: إسرائيل ستسلم غزة لأمريكا بعد الحرب، ووزير الخارجية الإسرائيلي يقول إن لا تفاصيل لدينا حول الخطة,1
"""فيديو, من يقصد ترامب بـ """"الجميع"""" الذين أحبوا خططه في غزة؟, المدة 2,40""",1
"""""""ترامب سينقذ العالم من الإسلام المتطرف"""" – جيروزاليم بوست""",1
مقتل جنديين إسرائيليين وإصابة 8 إثر انهيار رافعة شمالي قطاع غزة,1
"""فيديو, خطة ترامب لتهجير الفلسطينيين: الكنيست يبحث دعم هجرة الفلسطينيين مادياً, المدة 4,15""",1
"""""""خطة ترامب بشأن غزة لن تتحقق، لكن لها عواقب""""""",1
"""فيديو, ما هي خطط ترامب في غزة؟, """,1
"""فيديو, ترامب: سنمتلك غزة ونحولها إلى """"ريفيرا"""" الشرق الأوسط.. ما تفاصيل خطة ترامب لقطاع غزة؟,ا""",1
"""فيديو, السعودية والأردن.. كيف ردت الدول العربية والغربية على إعلان ترامب خطة بشأن غزة؟, """,1
"""فيديو, ماذا نعرف عن وحدة الظل في كتائب القسام المسؤولة عن تأمين الرهائن؟,""",1
"""""""مرحباً في عالم ترامب، حيث يرى رجل العقارات أنقاض غزة دولارات"""" - الغارديان""",1
هل يجد مقترح ترامب لتهجير سكان غزة آذاناً صاغية؟,1
"""فيديو, الطفلة حبيبة ورحلة علاجها من غزة إلى الأردن,""",1
"""خطة ترامب بشأن غزة """"تتعارض مع القانون الدولي""""""",1
"""ماذا نعرف عن غزة على مر العصور؟ ولماذا وصفت بـ""""بنت الأجيال""""؟""",1
غوتيرش يقول إن هناك نفياً ممنهجاً لصفة الإنسانية عن شعب بأكمله، والبنتاغون يبدي استعداده لدراسة جميع الخيارات بشأن غزة,1
نتنياهو يلتقي ترامب: ما هي ادعاءات جرائم الحرب ضد إسرائيل وحماس؟,1
"""قبيل لقائه نتنياهو، ترامب يقول إن """"لا ضمانات"""" لصمود وقف النار في غزة، وحماس تؤكد جاهزيتها لمفاوضات الجولة الثانية""",1
هل يمكن أن تطبع الجزائر مع إسرائيل؟ - مقابلة مع لوبينيون,1
"""فيديو, إجلاء أطفال مرضى من غزة بعد إعادة فتح معبر رفح, ا""",1
"""عباس يطلب عقد جلسة طارئة لمجلس الأمن لـ""""وقف العدوان الإسرائيلي""""، والجيش الإسرائيلي يفجر بنايات في مخيم جنين""",1
هل سيُسقط الأمريكيون العرب الرئيس الأمريكي دونالد ترامب؟,1
إسرائيل تطلق سراح سجناء فلسطينيين بعد أن أفرجت حماس عن ثلاث رهائن,1
تعرف على أبرز قرارات واقتراحات الرئيس ترامب وفريقه في أسبوع,1
منهك لكنه صامد: ماذا سيحدث لسلاح حزب الله؟,1
تسليح أمريكي جديد لإسرائيل بأكثر من 7 مليارات دولار,1
"""""""البيجر الذهبي""""، وخاتم """"نجمة داوود""""، حديث وسائل التواصل الاجتماعي""",1
أرض البنط والريفييرا مناطق تدور في فلك جغرافيا ترامب حول مخططه لغزة,1
ترامب: إسرائيل ستسلم غزة لأمريكا بعد الحرب، ووزير الخارجية الإسرائيلي يقول إن لا تفاصيل لدينا حول الخطة,1
"""فيديو, من يقصد ترامب بـ """"الجميع"""" الذين أحبوا خططه في غزة؟, المدة 2,40""",1
"""""""ترامب سينقذ العالم من الإسلام المتطرف"""" – جيروزاليم بوست""ستشفيات",1
يوغل الاحتلال في اقتحاماته شبه اليومية لمخيم جنين وتتعمد جرافاته وآلياته تدمير بنيته التحتية، يحاول الأهالي الخروج منه مع نهاية كل يوم، والانتقال إلى أماكن يعتقدون أنها أكثر أمنا لهم.,1
أعلن مسؤولون صحيون في قطاع غزة الاثنين وصول أول مستشفى ميداني أردني مع فريق طبي منذ بدأت إسرائيل عدوانها على القطاع في 7 أكتوبر/تشرين الأول الماضي عبر معبر رفح عند الحدود مع مصر.,1
قال مكتب الإحصاءات المركزي الإسرائيلي إن معدل البطالة ارتفع لنحو 10% في أكتوبر/تشرين الأول الماضي بعدما أدت الحرب التي تشنها إسرائيل على قطاع غزة إلى نزوح عشرات الآلاف ممن كانوا يعيشون بالقرب من غزة.,1
أكد محلل عسكري إسرائيلي بارز اليوم الاثنين أنه من المبكر حاليا الحديث عن انهيار حركة المقاومة الإسلامية (حماس) في قطاع غزة.,1
مضايقات عدة يتعرض لها من يعلن دعم القضية الفلسطينية والتنديد بعدوان الاحتلال الإسرائيلي على قطاع غزة، لكن المثير أن كثيرا منهم هم من اليهود الذين يتعرضون للتضييق في البلد الذي يرفع شعار حرية التعبير.,1
تسبب العدوان الإسرائيلي المستمر على الأراضي الفلسطينية بإغلاق تام لعجلة الإنتاج في قطاع غزة، في حين أغلق أكثر من 25% من المنشآت الصناعية والتجارية في الضفة الغربية المحتلة بشكل كامل أو جزئي.,1
ولو أن للغرب المتغطرس ضميرًا لاستحضر فظائعه بحق اليهود عبر القرون، وتذكر أن معازلهم كانت في العواصم والمدن الأوروبية، وليس في فلسطين وبلاد المسلمين,1
عبرت مجموعة أولى من الأطفال الخدج -الذين تم إجلاؤهم من مستشفى الشفاء شمالي قطاع غزة- معبر رفح إلى مصر اليوم الاثنين لتلقي العلاج، وفق وسائل إعلام مصرية.,1
قالت وزارة التربية والتعليم الفلسطينية إن أكثر من 5 آلاف طفل -بينهم ما يزيد على 3 آلاف طالب- استشهدوا منذ بدء عدوان الاحتلال الإسرائيلي على قطاع غزة.,1
اعتبرت طهران أن عرقلة واشنطن وقف إطلاق النار في غزة تؤدي إلى ردود فعل من قوات المقاومة بالمنطقة، معتبرة أن قوات المقاومة في المنطقة تمثل دولها وشعوبها، وقراراتها مبنية على مصالحها.,1
قالت وكالة الأمم المتحدة لغوث وتشغيل اللاجئين الفلسطينيين “أونروا”، إن عدد النازحين في مختلف أنحاء قطاع غزة وصل إلى نحو 1.7 مليون شخص منذ 7 أكتوبر/تشرين الأول الماضي.,1
يعاني سكان شمال غزة بسبب الحصار والعدوان الإسرائيلي شحا كبيرا في المواد الغذائية الأساسية، فلا طحين ولا أرز ولا بامية ولا ملوخية ولا طماطم ولا بطاطس. وفي حال توفرت بعض المواد، فإن أسعارها مرتفعة..,1
قالت لوموند، إن مصادر أوكرانية أكدت وجود عناصر من القوات الخاصة والمخابرات العسكرية الأوكرانيتين حاليا وبشكل دائم في السودان، مشيرة إلى نشر مقطع فيديو يظهر مشاهد لهجوم يقال إنه في مدينة سودانية.,1
يتزامن انتقاد الرئيس جو بايدن بسبب الخوف من تقصيره بمهامه نتيجة كبر سنه، مع انتقاد سياسته بالاستمرار بمد يد العون لكل من أوكرانيا وإسرائيل، وهو ما دفعه لكتابة مقال مطول يبرر فيه موقفه ويشرح سياسته.,1
الجزيرة نت عل وصل 28 من الأطفال الخدج الذين تم نقلهم من مستشفى الشفاء المحاصر في غزة إلى مصر لتلقي العلاج، الاثنين.,1
"""بعدما طلب عدد متزايد من الديمقراطيين في مجلسي النواب والشيوخ من إدارة الرئيس جو بايدن وضع شروط على المساعدات المقدمة إلى إسرائيل، قال نائب مستشار الأمن القومي الأمريكي، جون فاينر، في مقابلة مع CNN، إن """"المساعدة التي تقدمها الولايات المتحدة لأي بلد ليست غير مشروطة، فهي تأتي مصحوبة بشرط أن يتم استخدام تلك المساعدات بما يتوافق مع القانون الدولي، وبما يتوافق مع قانون النزاعات المسلحة"""".""",1
أفادت العديد من وسائل الإعلام الإسرائيلية أن رجل الأعمال الإسرائيلي، رامي أونغار، هو مالك جزئي للشركة البريطانية التي تمتلك سفينة استولى عليها الحوثيون في البحر الأحمر.,1
"""وصل ولي العهد الأردني، الأمير الحسين بن عبدالله الثاني، إلى مطار العريش في مصر، الاثنين، """"للإشراف على عملية تجهيز وإرسال المستشفى الميداني الأردني الخاص/2 لجنوبي قطاع غزة بسعة 41 سريرًا""""، بحسب الديوان الملكي الأردني.""",1
قتل 12 شخصا بعد أن قصفت دبابة إسرائيلية المستشفى الإندونيسي شمال قطاع غزة، بحسب ما أعلنت السلطات الصحية في القطاع الذي تديره حركة حماس,1
لا يوجد حاليا سوى طريق واحد للخروج من غزة، معبر رفح الحدودي الذي تسيطر عليه مصر. إنه مفتوح على شبه جزيرة سيناء، وطوال الأسابيع الثلاثة الأولى من الحصار الإسرائيلي، أبقت الحكومة المصرية المعبر مغلقًا. أما الآن فقد أصبح مفتوحا بشكل متقطع، ليقود تدفق المساعدات إلى غزة، وخروج عدد قليل من الأجانب والفلسطينيين المصابين إلى مصر. تحدث طارق مسعود، أستاذ الديمقراطية والحكم في جامعة هارفارد، عن سبب عدم سماح الحكومة المصرية بدخول مزيد من الفلسطينيين إلى مصر وما قد يترتب على ذلك.,1
أعلن الهلال الأحمر الفلسطيني أن 28 طفلا تم نقلهم عبر سيارة إسعاف إلى معبر رفح ليتم نقلهم بعد ذلك إلى المستشفيات المصرية.,1
"""خلال مقابلة أجرتها مع شبكة CNN، قالت مديرة قسم البرامج في منظمة """"هيومن رايتس ووتش""""، ساري بشي، إن """"على إسرائيل، باعتبارها طرفًا محاربًا وكذلك القوة المحتلة في غزة، التزامًا بحماية المستشفيات وتسهيل عملها بشكل"""" كما ناقشت بشي مع مذيع شبكتنا، مايكل هولمز انهيار نظام الرعاية الصحية في غزة، والحاجة إلى إدخال المزيد من المساعدات الإنسانية الى قطاع غزة.""",1
لا يوجد حاليا سوى طريق واحد للخروج من غزة، معبر رفح الحدودي الذي تسيطر عليه مصر. إنه مفتوح على شبه جزيرة سيناء، وطوال الأسابيع الثلاثة الأولى من الحصار الإسرائيلي، أبقت الحكومة المصرية المعبر مغلقًا. أما الآن فقد أصبح مفتوحا بشكل متقطع، ليقود تدفق المساعدات إلى غزة، وخروج عدد قليل من الأجانب والفلسطينيين المصابين إلى مصر. ما هو الدافع وراء قرارات الحكومة المصرية؟ تحدث مذيع CNN، فريد زكريا، مع طارق مسعود، أستاذ الديمقراطية والحكم في جامعة هارفارد، عن هذه القضايا.,1
"""ردت وزارة الخارجية الإيرانية على اتهام رئيس الوزراء الإسرائيلي، بنيامين نتنياهو لها بالضلوع في عملية اختطاف جماعة الحوثي في اليمن لسفينة في البحر الأحمر الأحد، وقد نفى المتحدث باسم خارجية طهران هذه الاتهامات واصفا إياها بـ""""الباطلة""""، وفق ما نقلته وكالة """"تسنيم"""" شبه الرسمية الإثنينى:",1
دعت دول مجموعة “بريكس” اليوم الثلاثاء إلى “هدنة إنسانية فورية” تفضي إلى وقف إطلاق النار، و “حماية المدنيين وتوفير المساعدة الإنسانية” في قطاع غزة.,1
قال الأردن اليوم الثلاثاء، إن إسرائيل أمرت بإخلاء مستشفى ميداني أردني في قطاع غزة، لكنه أضاف أنه لن يستجيب للطلب.,1
بثت سرايا القدس -الذراع العسكرية لحركة الجهاد الإسلامي في فلسطين- مشاهد لتصدي عناصرها للآليات العسكرية الإسرائيلية المتوغلة في محاور مختلفة في مدينة غزة ضمن عملية “طوفان الأقصى”.,1
يواصل الجيش الإسرائيلي القصف المكثف والعنيف على قطاع غزة، وتوضح الخريطة التفاعلية المستشفيات التي استهدفتها قوات الاحتلال، وأبرز التطورات الميدانية.,1
قال موقع “ريسبونسبل ستيت كرافت” الأميركي هناك 3 عوامل تفسر تأييد زعماء دول أميركا اللاتينية قضية فلسطين إلى حد لافت للانتباه.,1
أكدت المفوضية الأوروبية الثلاثاء عدم وجود دليل على أن أموال مساعداتها التنموية للفلسطينيين تذهب لحركة حماس، وفي حين منح الاتحاد الأوروبي الإذن لمواصلة تقديم المساعدة التنموية، ألغت مشاريع بغزة.,1
أعلنت حكومة غزة، مساء اليوم الثلاثاء، ارتفاع عدد الشهداء في الحرب الإسرائيلية على القطاع إلى أكثر من 14 ألفا و128، منذ 7 أكتوبر/تشرين الأول الماضي.,1
قال الخبير العسكري اللواء فايز الدويري إن جيش الاحتلال الإسرائيلي قد يحاول فصل مناطق في مدينة غزة وشمالها إلى كانتونات، مشددا على أن مقاتلي حماس أعدوا الخطة الدفاعية بناء على السيناريو الأسوأ.,1
عاشت أم فلسطينية لحظات قاسية وعصيبة بعد أن فقدت 5 من أبنائها، وذلك عقب تعرض منزلهم للقصف الإسرائيلي قرب مستشفى كمال عدوان شمالي قطاع غزة.,1
يخاطر موظفو شركات الاتصالات بقطاع غزة بحياتهم للحفاظ على تشغيل الشبكة وإبقاء القطاع متصلا بالإنترنت في ظل القصف الإسرائيلي المتواصل.,1
قال عضو المكتب السياسي لحركة حماس خليل الحية إن الحركة سلمت ردها على المقترح الأخير بشأن الهدنة في قطاع غزة أمس لقطر ومصر، مشيرا إلى أنهم ينتظرون رد الجانب الإسرائيلي.,1
مدفوع بالشكوك وكثير من التكهنات، كثر حديث الفلسطينيين وتخوفاتهم بعد وصول المشتفى الميداني الأردني إلى مدينة نابلس، بينما ينفي القائمون عليه الإشاعات المذكورة، ويؤكدون أنه جاء نصرة للشعب الفلسطيني.,1
نقلت صحيفة يديعوت أحرونت الإسرائيلية عن مسؤولين أمنيين تأكيدهم أن الجيش الإسرائيلي سيبقي قواته في قطاع غزة، في حال التوصل إلى صفقة تبادل أسرى مع حركة حماس، تتضمن وقفا لإطلاق النار.,1
وجه وزير الأمن القومي الإسرائيلي إيتمار بن غفير انتقادا حادا لصفقة تبادل الأسرى المزمع عقدها مع حركة حماس، قائلا “إنها ستجلب لنا تحدث مراسل ، بن ويدمان، إلى اللاجئين الفلسطينيين في العاصمة اللبنانية، بيروت، لمعرفة ما يرونه تجاه الحرب الدائرة في قطاع غزة.,1
قال المتحدث باسم وزارة الخارجية القطرية ماجد الأنصاري، لشبكة CNN مساء الثلاثاء، إن قطر قدمت اقتراحًا لهدنة إنسانية في غزة وإطلاق سراح الرهائن إلى الجانب الإسرائيلي في الساعات الأولى من صباح الثلاثاء، بعد أسابيع من المفاوضات المستمرة.,1
قال مصدر دبلوماسي مطلع على المحادثات لشبكة CNN يوم الثلاثاء إن الرهائن الذين سيتم إطلاق سراحهم من غزة في المرحلة الأولى من صفقة محتملة بين إسرائيل وحماس سيكونون مواطنين إسرائيليين ومزدوجي الجنسية.,1
أدى قصف على شمال غزة إلى تصاعد أعمدة كبيرة من الدخان، مساء الثلاثاء، فيما أعلنت كتائب القسام إطلاق صواريخ على تل أبيب، وسط تقارير عن وصول المفاوضات بين إسرائيل وحركة حماس إلى مرحلة متقدمة.,1
في آخر تحديث لها عن الوضع الإنساني في غزة، قالت وكالة الأمم المتحدة لإغاثة وتشغيل اللاجئين الفلسطينيين (أونروا)، إن ما يقرب من 1.7 مليون شخص نزحوا في غزة منذ 7 أكتوبر/تشرين الأول.,1
جدد الرئيس الصيني شي جين بينغ، دعوته إلى وقف فوري لإطلاق النار من جانب جميع الأطراف في الصراع بين إسرائيل وحماس وإطلاق سراح المدنيين المحتجزين.,1
"""قال رئيس الوزراء ولي العهد السعودي، الأمير محمد بن سلمان، إن المملكة تطالب """"بوقف العمليات العسكرية (في غزة) فورًا""""، وأنها تدعو """"جميع الدول إلى وقف تصدير الأسلحة إلى إسرائيل"""".""",1
أعلن مكتب رئيس الوزراء الإسرائيلي، بنيامين نتنياهو، الثلاثاء، أن الحكومة ستبحث مسألة إطلاق سراح الرهائن، مساء الثلاثاء.,1
"""– قُتل صحفيان لبنانيان في قصف على مثلث طيرحرفا الجبين جنوبي البلاد، وفق ما ذكرته وكالة الأنباء اللبنانية الرسمية ونعت قناة """"الميادين"""" الصحفيين اللذين قالت إنهما يعملان لديها.""",1
"""كشف مصدر دبلوماسي ومصدر آخر مطلع على المحادثات، لشبكة CNN، الثلاثاء، أن قطر """"تأمل في الإعلان عن اتفاق في أقرب وقت اليوم"""" لإطلاق سراح الرهائن المدنيين الذين تحتجزهم حماس منذ هجومها على إسرائيل في 7 أكتوبر/تشرين الأول الماضي، مقابل وقف القتال.""كارثة”.",1
أفرجت إسرائيل -أمس الجمعة- عن الدفعة الأولى من الأسرى الفلسطينيين ضمت 39 طفلا وامرأة، في حين أفرجت الفصائل الفلسطينية عن 13 أسيرا إسرائيليا جميعهم أطفال ونساء، ضمن الهدنة المؤقتة بين حماس وتل أبيب.,1
خرج أهل قطاع غزة في أول أيام الهدنة يلملمون جراحهم ويتفقدون الدمار، بعد قصف إسرائيلي وحشي وحصار ممتد منذ نحو شهر ونصف الشهر، تخللته مجازر مروعة في حق المدنيين دون تحقيق أي هدف عسكري.,1
قال المتحدث باسم وزارة الخارجية القطرية ماجد بن محمد الأنصاري إن الدفعة الأولى من الأسرى الفلسطينيين والمحتجزين الإسرائيليين المفرج عنهم التأم شملهم مع عائلاتهم.,1
شهد اليوم الـ49 من العدوان الإسرائيلي على قطاع غزة بدء سريان الهدنة في الساعة السابعة بالتوقيت المحلي، وتخللت اليوم عملية تنفيذ بنود الاتفاق الذي تم التوصل إليه بين المقاومة الفلسطينية وإسرائيل.,1
قال أحد الأسرى الفسلطينيين القاصرين -المفرج عنهم الجمعة- للجزيرة إن وضع الأسرى الفلسطينيين في السجون الإسرائيلية مأساوي وصعب للغاية ولا يمكن وصفه.,1
نصيب القدس في اليوم الأول من صفقة التبادل بلغ 11، من بينهم طفلان و9 أسيرات.,1
قال أحمد مهنا مدير مستشفى العودة في جباليا شمالي قطاع غزة للجزيرة إن المستشفى مهدد بالتوقف عن العمل غدا السبت إذا لم تدخل الأدوية والمستلزمات الطبية والوقود إلى مستشفيات شمال قطاع غزة.,1
عمت مظاهر الفرح الأسيرات المفرج عنهن وأسرهن وعموم الفلسطينيين بعد إفراج الاحتلال الإسرائيلي عن 39 امرأة وطفلا بموجب اتفاق الهدنة مع حركة المقاومة الإسلامية (حماس).,1
أصيب طفلان فلسطينيان برصاص قوات الاحتلال الإسرائيلي أمام سجن عوفر، في الوقت الذي منعت فيه قوات الاحتلال أي مظاهر احتفالية أو وطنية باستقبال الأسرى والأسيرات المحررات.,1
تواجه إسرائيل الكثير من التحديات التي تعصف باقتصادها منذ بدء “طوفان الأقصى” ومن ثم الحرب على غزة، حيث تواجه صعوبات لم تشهدها من قبل. في خضم ذلك تطالب إسرائيل أميركا بدفع مليارات الدولارات لإنقاذها.,1
يصطدم النازحون قسرا من شمال قطاع غزة إلى جنوبه عبر الممر الذي حدده الاحتلال وادعى أنه آمن بحقيقة أخرى مؤلمة تنتظرهم بين الاعتقال والتعذيب والاختطاف والإعدام أمام عجز المنظمات الدولية عن حمايتهم.,1
لوحت إسبانيا الجمعة باتخاذ قرار فردي للاعتراف بفلسطين دولة مستقلة إذا لم يقم الاتحاد الأوروبي بهذه الخطوة، وقالت إن الهدنة المؤقتة في قطاع غزة غير كافية، داعية إلى وقف دائم لإطلاق النار.,1
خرجت اليوم مظاهرات في عدد من المدن والعواصم العربية تضامنا مع غزة وتنديدا بالعدوان الإسرائيلي على القطاع، في أول أيام الهدنة.,1
بثت الجزيرة مشاهد خاصة من معبر رفح الحدودي بين قطاع غزة ومصر للتايلنديين الذين أطلق سراحهم نتيجة وساطة قطرية في صفقة منفصلة عن اتفاق الهدنة المبرم بين حركة المقاومة الإسلامية حماس والاحتلال الإسرائيلي,1
في اليوم الـ51 من الحرب الإسرائيلية على غزة، أتمت إسرئيل وكتائب عز الدين القسام تنفيذ المرحلة الثالثة من تبادل الأسرى والمحتجزين، في حين تواصلت المساعي الدولية لتمديد الهدنة المؤقتة التي تنتهي غدا.,1
عبّر الشاب المحرر عمر العطشان -في تصريح للجزيرة- عن فرحته بالإفراج عنه وعن بقية الأسرى في سجون الاحتلال، وتحدث عن سوء المعاملة التي يتعرض لها الأسرى، وكشف أن أحد الأسرى استشهد بسبب التعذيب..,1
أورد تقرير نشرته صحيفة “هآرتس” الإسرائيلية أن الإسرائيليين لا يتوقفون عن مشاهدة مقاطع فيديو لهجوم حماس التي يتم نشرها عبر وسائل التواصل الاجتماعي والرسائل النصية، قائلا إن عواقب ذلك مدمرة نفسيا لهم.,1
أكد محللون سياسيون -تحدثوا لبرنامج “غزة.. ماذا بعد؟”- أن صفقة تبادل الأسرى تظهر أن المقاومة الفلسطينية هي المتحكمة في الإيقاع، رغم الحرب المدمرة التي تشنها إسرائيل على قطاع غزة منذ حوالي شهرين.,1
أثار إطلاق حماس سراح الأسرى التايلنديين اهتماما واسعا عبر منصات التواصل، حيث تفاجأ البعض بوجودهم بسبب تجاهل إسرائيل لهم في بياناتها، كما أثار تساؤلات حول وجودهم في مستوطنات غير قانونية.,1
بحث الرئيس التركي رجب طيب أردوغان ونظيره الإيراني إبراهيم رئيسي أهمية اتخاذ موقف مشترك ضد الهجمات الإسرائيلية على قطاع غزة.,1
شكر الرئيس المصري عبد الفتاح السيسي -اليوم الأحد عبر منصة إكس- أمير دولة قطر الشيخ تميم بن حمد آل ثاني وفريق عمله على جهوده التي تكاملت مع الجهود المصرية لإتمام الهدنة الإنسانية المؤقتة في قطاع غزة.,1
رصدت كاميرا الجزيرة -عبر مشاهد حصرية- حجم الدمار الكبير الذي طال مخيم الشاطئ غربي مدينة غزة جراء قصف طائرات الاحتلال، وسط غياب لأي مظهر من مظاهر الحياة في ظل انقطاع الكهرباء والمياه والاتصالات.,1
وما زال أكثر من 70 فتى مقدسيا يقبعون خلف القضبان بانتظار تحررهم.,1
رغم كل محاولات التشويه التي دأب عليها الإعلام الإسرائيلي وتلفيق روايات الأذى الجسدي والنفسي الذي يتعرض له المحتجزون الإسرائيليون لدى المقاومة، فقد تبددت بمشاهد اللحظات الأخيرة التي نشرتها القسام.,1
أعلنت حركة المقاومة الإسلامية (حماس) اليوم أنها أفرجت عن محتجز من الجنسية الروسية وسلمته للصليب الأحمر ضمن الدفعة الثالثة التي بدأ تنفيذ تسليمها اليوم ضمن اتفاق تبادل الأسرى والمحتجزين مع إسرائيل.,1
في جريمة جديدة، تزداد مخاوف الجالية المسلمة والفلسطينية تحديدا من تصاعد موجات العنف واستهداف الفلسطينيين بشكل خاص، حيث كان آخرها إطلاق نار استهدف 3 طلبة فلسطينيين يرتدون الكوفية، وقد أصيبوا بجراح.,1
أعرب الرئيس الأميركي جو بايدن -اليوم الأحد- عن أمله في أن تستمر الهدنة في غزة بين إسرائيل وحركة حماس إلى “ما بعد غد” الاثنين، موعد انتهائها.,1
فتحت الهدنة المؤقتة باب الأمل من جديد لسكان قطاع غزة، حيث استطاع بعضهم الحصول على غاز الطهي لأول مرة منذ بداية عدوان الاحتلال الإسرائيلي، رغم أن المساعدات لا تكفي الحاجات المتزايدة بسبب الحصار.,1
في إحدى المدارس التي تستضيف النازحين الفلسطينيين القادمين من شمال قطاع غزة، يجتمع المعلم طارق العنابي بالأطفال ليقدم لهم دروسا في اللغة الإنجليزية.,1
نشرت مجلة نيوزويك مقالا لكاتبة من أصول أفغانية تقول فيه إن وقف إطلاق النار المؤقت لا معنى له ويجب إنهاء الحرب تماما، وحكت عن المعاناة التي يعيشها الأطفال طوال حياتهم بسبب صدمات الحرب.,1
استأنفت إسرائيل عمليتها العسكرية على القطاع بعد انتهاء الهدنة، وشنت طائراتها المقاتلة غارة على منزل وسط سوق مدينة رفح، مما أدى إلى سقوط عدد من الشهداء والمصابين.,1
من الواضح أن المعضلة التي تواجه الولايات المتحدة “أقوى حلفاء إسرائيل”، تكمن في الإجابة عن سؤالين هما: إلى متى يتوجب عليها الاستمرار بتأييد إسرائيل؟ وكيف لها أن تضبط شكل المرحلة المقبلة؟,1
نظمت منظمات مخصصة للصحة العقلية أنشطة جماعية للأطفال في مراكز الإيواء في قطاع غزة خلال أيام الهدنة الإنسانية التي أوقفت مؤقتا العدوان الإسرائيلي غير المسبوق الذي أسفر عن 5 آلاف طفل شهيد.,1
اكتظ مستشفى كمال عدوان شمالي قطاع غزة بعشرات الإصابات جلهم من النساء والأطفال بعد انتهاء الهدنة المؤقتة واستئناف طائرات الاحتلال غاراتها الجنونية وبدء نزوح المواطنين إلى المكان.,1
بثت الجزيرة صورا لآثار القصف الإسرائيلي الذي استهدف أحياء سكنية في مخيم المغازي، وتظهر المقاطع المصورة حجم الدمار الهائل ومحاولات البحث عن مصابين وانتشال جثامين الشهداء من تحت الأنقاض.,1
أسير ومقاوم ومناضل “أردني-فلسطيني”، اعتقل سنة 2002. أصبح منسقا للجنة الطوارئ الوطنية العليا للحركة الأسيرة، وأسهم في تأطير التحركات الاحتجاجية للأسرى الفلسطينيين.,1
استأنفت طائرات الاحتلال غاراتها العنيفة على منازل الفلسطينيين في قطاع غزة بعد انتهاء الهدنة الإنسانية المؤقتة التي دامت أسبوعا. واستهدف القصف الإسرائيلي منزلا في خان يونس مما أسفر عن شهداء ومصابين.,1
يستغل النازحون وسكان جنوبي قطاع غزة أيام الهدنة الإنسانية، بالذهاب إلى شاطئ البحر للترويح عن أطفالهم، والتخفيف من الآثار النفسية التي تركتها الحرب فيهم.,1
تعرض مستشفى القدس بمدينة غزة لدمار كبير نتيجة قصف قوات الاحتلال الإسرائيلي. وقد رصد الصحفي جهاد أبو شنب للجزيرة آثار الدمار خارج وداخل المستشفى بعد انسحاب قوات الاحتلال منه.,1
ذكرت صحيفة نيويورك تايمز، أمس الخميس، أن وثائق سرية كشفت عن حصول مسؤولين إسرائيليين قبل أكثر من عام على خطة منسوبة إلى حركة المقاومة الإسلامية (حماس) تستهدف تنفيذ هجوم غير مسبوق ضد إسرائيل.,1
تعكف مؤسسات حقوقية على توثيق حالات الاعتداء على مئات الأطفال الأسرى في سجون الاحتلال قبل السابع من أكتوبر/تشرين الأول 2023 وبعده.,1
قصفت إسرائيل العديد من معالم غزة التاريخية والثقافية مثل النصب التذكاري للجندي المجهول ومركز رشاد الشوا والمجلس التشريعي ومكتبة البلدية ومئذنة المسجد العمري ومنازل أثرية بهدف محو الهوية الفلسطينية.,1
قالت منظمة أطباء بلا حدود إن حرب إسرائيل ليست ضد حركة حماس فقط، بل ضد المدنيين الفلسطينيين في قطاع غزة كاملا، مؤكدة أنه لا مبرر للعنف وحرمان الناس من احتياجاتهم.,1
تصاعدت التوترات داخل الإدارة الأميركية بشأن إذا ما كان ينبغي للرئيس بايدن ممارسة مزيد من الضغوط على إسرائيل لوضع حد للقتال في قطاع غزة، وتجلت في نشر مسؤولة كبيرة في “سي آي إيه” صورة تدعم فلسطين.,1
بثت قناة الجزيرة مشاهد تظهر وصول المحتجزتين الإسرائيليتين إلى مستوطنة أوفاكيم، بعد أن سلمتهما كتائب عز الدين القسام في وقت سابق إلى الصليب الأحمر في ميدان فلسطين وسط مدينة غزة.,1
وجّه رئيس الوزراء الإسرائيلي وأعضاء في حكومته -بعيد عملية القدس المحتلة التي تنبتها كتائب القسام- تهديدات للفلسطينيين بالضفة الغربية وقطاع غزة ودعوا لتوسيع نطاق حمل الأسلحة بين الإسرائيليين.,1
اشتكى مواطنون من وسط قطاع غزة أن المساعدات التي تصلهم لا تكفي 10% من احتياجات الناس في مراكز الإيواء، ومعظم البضائع والسلع والملابس غير متوفرة في الأسواق بسبب استمرار الحصار على غزة…,1
كشفت مصادر فلسطينية على صلة بمحادثات الدوحة للجزيرة نت، أن المحادثات الجارية تركز حصرا على الهدن الإنسانية في غزة، ولم تتطرق لوقف إطلاق النار الدائم، أو إنجاز صفقة تبادل أسرى شاملة.,1
قالت إذاعة الجيش الإسرائيلي اليوم الخميس إن الجيش أحبط ما وصفتها بعملية تهريب ضخمة للأسلحة عبر الحدود الأردنية. وكانت الأسلحة المهربة موجهة لـ”عناصر إجرامية ” في الداخل، بحسب السلطات الإسرائيلية.,1
يعرض مهرجان برشلونة لأفلام حقوق الإنسان في إسبانيا الفيلم اليمني “عروس في حقل ألغام” في افتتاح دورته العشرين التي تنطلق غدا الجمعة وتستمر حتى العاشر من ديسمبر/كانون الأول.,1
قالت منظمة الصحة العالمية إنها وثّقت 427 هجوما شنتها إسرائيل على المنشآت الصحية في قطاع غزة والضفة الغربية، منذ بداية الحرب في السابع من أكتوبر/تشرين الأول الماضي.,1
يواصل مفاوضون قطريون ومصريون جهودهم لتمديد جديد للهدنة بغزة، وفي حين تحدث مسؤولون إسرائيليون عن استعدادهم لمعركة في جنوب القطاع، طالبت كتائب القسام من مقاتليها الجهوزية العالية تحسبا لتجدد المعارك.,1
قال مراسل الجزيرة إن كتائب القسام سلّمت الصليب الأحمر محتجزتين إسرائيليتين في ميدان فلسطين وسط غزة، فيما أعلنت مصلحة السجون الإسرائيلية بدء نقل الأسرى الفلسطينيين إلى سجن عوفر تمهيدا للإفراج عنهم.,1
قتل 3 إسرائيليين وأصيب آخرون في إطلاق نار بالقدس المحتلة تبنته كتائب القسام، في حين استهدفت عملية دهس جنودا إسرائيليين في منطقة الأغوار شرقي الضفة الغربية وأسفرت عن إصابة اثنين.,1
تواصل النقص في إنتاج المحاصيل الزراعية في المحال والأسواق الإسرائيلية إلى جانب ارتفاع الأسعار، منذ عملية طوفان الأقصى التي شنتها المقاومة الفلسطينية حيث تسود حالة الترقب والقلق.,1
قال وزير الخارجية الأميركي أنتوني بلينكن اليوم الخميس، إن الهدنة الإنسانية المؤقتة في غزة بين حركة المقاومة الإسلامية (حماس) وإسرائيل تؤتي ثمارها، في ظل إطلاق سراح المحتجزين ودخول المساعدات للقطاع.,1
"""لبنان يحمل قضية """"الإبادة البيئية"""" إلى مؤتمر الأطراف في دبي""",1
خمس حروب خاضها نتنياهو في غزة منذ انسحاب إسرائيل من القطاع، فماذا نعرف عنها؟,1
"""فيديو, حرب غزة: في اليوم العالمي لذوي الإعاقة، كيف يعيش الصم تحت القصف الإسرائيلي؟المدة, 2,10""",1
لماذا تشعر مصر بالقلق من انهيار الهدنة المؤقتة في قطاع غزة- صحيفة الأيام الفلسطينية,1
لماذا انتهى وقف إطلاق النار المؤقت في غزة؟,1
بريطانيا درست خططاً تعيد رسم خرائط غزة وسيناء  وتيران وصنافير لإقامة مناطق عازلة بين مصر وإسرائيل- وثائق بريطانية,1
كيف أصبحت قطر وسيطا في أزمات الشرق الأوسط وحروبه؟,1
الصحة العالمية تحذر من موت عدد أكبر من سكان قطاع غزة بسبب الأمراض أكثر من القصف,1
"""فيديو, """"ماذا فعل الأطفال ليستحقوا هذا؟"""" - سكان غزة يعودون إلى منازلهم المدمرةالمدة, 2,06""",1
"""فيديو, مؤتمر المناخ 2023: تحقيق لبي بي سي يؤكد أن الغاز السام يعرض الملايين للخطر في الشرق الأوسطالمدة, 3,11""",1
تيك توك ضد إكس... مواجهة محتدمة حول حرب غزة,1
"""فيديو, حرب غزة: لم شمل فتاة مع والدها الذي كان يعتقد أنها قتلت على يد حماسالمدة, 1,53""",1
القوات الآيرلندية تراقب صراع إسرائيل الخفي عبر الحدود اللبنانية,1
كيف أعدّت حماس قوة لضرب إسرائيل في السابع من أكتوبر؟,1
تحقيق لبي بي سي يكشف مخاطر إنتاج النفط على صحة الملايين في الشرق الأوسط,1
"""فيديو, حرب غزة: رحلة العودة من مصر إلى القطاعالمدة, 3,55""",1
"""فيديو, حرب غزة: سكان شمال القطاع يرفضون مغادرة منازلهمالمدة, 1,35""",1
"""""""كيف ستغير أزمة الرهائن الإسرائيليين العالم إلى الأبد"""" - التلغراف""",1
""" """"بينما تخلى العالم عن غزة لم يفعل أطباؤها، إنهم أبطالنا"""" - الغارديان""",1
"""فيديو, حرب غزة: مشاهد جوية ترصد حركة المواطنين جنوب غزة خلال ثاني أيام الهدنةالمدة, 0,59""",1
لماذا يعود الفلسطينيون النازحون جنوباً إلى الشمال؟,1
"""فيديو, حرب غزة : الطبيب الفلسطيني أبو العيش يتحدث عن خسارة 21 فرداً من عائلتهالمدة, 3,49""",1
"""فيديو, حرب غزة: مراسل بي بي سي من معبر رفح يرصد دخول شاحنات المساعدات إلى قطاع غزةالمدة, 2,42""",1
"""استطلاع رأي:  """"غانتس أكثر ملاءمة لمنصب رئيس الوزراء من نتنياهو""""  - صحف إسرائيلية""",1
"""مباشر , تواصل الاشتباكات العنيفة في غزة، ومسؤول أممي يقول إن الفلسطينيين في القطاع يعيشون في """"رعب مطلق""""""",1
عنف المستوطنين الإسرائيليين يجلب الدمار والخوف إلى الضفة الغربية مع احتدام الحرب,1
إسرائيل تنفي مزاعم تربح مستثمرين في البورصة من علمهم مسبقا بهجوم حماس,1
ما هي أبرز حوادث استهداف السفن في باب المندب والخليج؟,1
"""صحفيون من غزة يكتبون """"رسائلهم الأخيرة""""""",1
"""""""من أجل مصلحة بلدنا، يجب أن نغير قيادتنا""""- صحف إسرائيلية""",1
هل العالم على وشك التعهد بالتخلص من الوقود الأحفوري؟,1
حكاية جرّاحة غزّية لم تتوقف عن العمل 34 يوماً,1
الخدمة العالمية في بي بي سي تعلن انطلاق بث خدمة إذاعية طارئة لتغطية الأوضاع في قطاع غزة,1
"""ناجون من القصف على خان يونس """"لا نعرف كيف خرجنا أحياء من تحت الأنقاض""""""",1
"""أسرة اسكتلندية تنعي شابة فلسطينية قتلت في غزة """"كنا عائلتها الثانية""""""",1
"""ما هي منطقة """"المواصي"""" في غزة، وهل هي آمنة حقا؟""",1
"""أصوات من غزة... """"نعيش في ذل، وبالكاد نستطيع إطعام الأطفال""""""",1
ما قصة الأطفال الخدج الذين تركتهم أمهم في شمال غزة وهي في الجنوب؟,1
ارتفاع قياسي في مشاركة وفود منتجي الوقود الأحفوري في محادثات المناخ في دبي، فما السبب؟,1
"""لبنان يحمل قضية """"الإبادة البيئية"""" إلى مؤتمر الأطراف في دبي""",1
كيف يسعى العلماء لمكافحة الأمراض الناتجة عن التغير المناخي؟,1
"""مؤتمر المناخ كوب 28: انتصار تاريخي لصالح الدول الفقيرة في صندوق """"الخسائر والأضرار""""""",1
كل عملية دفع بالبيتكوين تستهلك كمية من المياه تعادل حوض سباحة صغيراً,1
ما هو مؤتمر كوب 28 في دبي وما سبب أهميته؟,1
حكايات أطفال فقدوا الأب والأم في حرب غزة,1
"""""""ألبسني والدي ثياب صبي لعشر سنوات كي أعيش بحرية""""""",1
في مراكز النزوح، زواج بدون حفل زفاف,1
"""فلسطينيون مفرج عنهم يروون لبي بي سي ما تعرضوا له من """"انتهاكات"""" في السجون الإسرائيلية""",1
ماذا نعرف عن الناشطة الفلسطينية عهد التميمي التي أطلق سراحها؟,1
ما الذي يجري في الضفة الغربية المحتلة وكيف يتفاعل الغرب معه؟,1
"""مدير مستشفى الشفاء لبي بي سي: """"المستشفى يغرق في ظلام دامس وجروح بعض المرضى بدأت تتعفن""""""",1
أدوية تخفيف وزن مزّوَرة تغزو الإنترنت وصالونات التجميل,1
شركات سياحية في مصر والأردن ولبنان: إلغاء الحجوزات يتراوح من 50 إلى 100 في المئة منذ بدء الحرب في غزة,1
البنك الدولي يحذر من احتمال ارتفاع أسعار النفط إلى 150 دولارا للبرميل,1
هل يمكن حقا تزويد الطائرات بالسكر ومخلفات زيت الطعام بدلا من الوقود؟,1
"""هل يمكن أن تُفلس منصة """"إكس"""" في عهد إيلون ماسك؟""",1
تعرف على أشرار أفلام جيمس بوند بالصور,1
"""من """"التغريبة"""" إلى """"أنا القدس"""" كيف تناولت الدراما العربية الصراع الفلسطيني الإسرائيلي؟""",1
لماذا غضب هالاند من حكم مباراة مانشستر سيتي وتوتنهام؟,1
هل من الصواب أن تستضيف السعودية بطولات التنس النسائية؟,1
حرب غزة : من هم أفراد عائلة أبو العيش الذين قتلوا في قصف مخيم جباليا؟,1
أبعاد الصورة: الحرب في السودان.. كيف تحول التحالف بين البرهان وحميدتي إلى صراع مسلح؟,1
تغيير بسيط: هل يمكن إنقاذ الأرض بتغيير بسيط في عاداتنا اليومية؟,1
"""إكسترا بودكاست: """"بلا وظيفة .. ما العمل؟""""""",1
"""مراهقتي : مارينا والبلوغ.. كيف نجحت في تجاوز الخوف من كلمة """"عيب""""؟""",1
"""فيديو, كيف ستغرق إسرائيل أنفاق حماس بمياه البحر المتوسط لتدميرها؟, المدة 5,00""",1
"""فيديو, كرة قدم ذكية تحدد لمسة اليد وتساعد الفار، فما هي خصائصها؟, المدة 2,16""",1
"""فيديو, هل حاكى مسلسل فلسطيني هجوم حماس على إسرائيل قبل حدوثه؟, المدة 4,34""",1
"""فيديو, خطة جديدة للحكومة البريطانية لتقليص عدد المهاجرين القانونيين, المدة 4,09""",1
"""فيديو, سمير غطاس.. برلماني مصري سابق يثير جدلا بشأن تحكّم إسرائيل في عودة المصريين من غزة, المدة 6,11""",1
"""فيديو, قيادات حماس في الداخل والخارج على قائمة اغتيالات الشاباك.. فما هي أبرز الأسماء؟, المدة 5,35""",1
"""ما هي الأسئلة التي دارت في ذهنِ السنوار قبل إطلاق عملية """"طوفان الأقصى"""" على إسرائيل؟ - صحف""",1
حماس قادرة على الصمود وتحدي إسرائيل - في صحيفة جيروزاليم بوست,1
"""لماذا تحول مشروع """"فورست سيتي"""" الصيني في ماليزيا إلى """"مدينة أشباح""""؟""",1
"""رئيس مؤتمر المناخ سلطان الجابر يرد على منتقديه: """"نؤمن بالعلم ونحترمه جدا""""""",1
كيف يمكن تجنيب المدنيين في القطاع مزيدا من المعاناة الإنسانية؟,1
ما الذي يعنيه توسيع إسرائيل لعملياتها لتشمل كل غزة؟,1
من هن أبرز السجينات الفلسطينيات اللائي أفرج عنهن في صفقة التبادل؟,1
لماذا أوقفت الشرطة الفرنسية اللاعب الجزائري يوسف عطال؟,1
لماذا يثير مهرجان الكلاب جدلاً في السعودية؟,1
إطلاق موسم الرياض يشعل الجدل عبر مواقع التواصل الاجتماعي بسبب الحرب في غزة، ما القصة؟,1
اشتعال مواقع التواصل الاجتماعي في مصر بسبب مد انقطاع الكهرباء ..ما القصة؟,1
ما قصة تماثيل عين غزال ولماذا احتفل بها غوغل اليوم؟,1
بالصور: تعرف على أبرز ملامح حرب غزة,1
بالصور: كيف كانت غزة قبل الحرب وكيف تبدو الآن؟,1
"""شاهد, تلفزيون""",1
كيف أعدّت حماس قوة لضرب إسرائيل في السابع من أكتوبر؟,1
لماذا لم تشمل صفقة تبادل السجناء والرهائن، المعتقل الفلسطيني أحمد مناصرة؟,1
خمس حروب خاضها نتنياهو في غزة منذ انسحاب إسرائيل من القطاع، فماذا نعرف عنها؟,1
وثائق: بريطانيا درست خططاً لإعادة رسم خرائط سيناء وغزة وتيران وصنافير لتهجير الفلسطينيين,1
صور الأقمار الصناعية تظهر تضرر ما يقرب من 100 ألف مبنى في غزة,1
كيف أصبحت قطر وسيطا في أزمات الشرق الأوسط وحروبه؟,1
من هم أبرز قادة حماس الحاليين؟,1
من هو يحيى السنوار الذي توعّدت إسرائيل بملاحقته؟,1
يُطلب حاليًا من المتقدمين للحصول على الجنسية في ولاية ساكسونيا أنهالت شرقي ألمانيا الإعلان عن دعمهم لحق إسرائيل في الوجود.,1
"""في مقابلة مع CNN، اعترف متحدث باسم الجيش الإسرائيلي، جوناثان كونريكوس، بأن غالبية القتلى قد يكونون من المدنيين، قائلًا إنه إذا قُتل مدنيان فلسطينيان مقابل كل مقاتل من حماس، فإن هذه النسبة ستكون """"إيجابية للغاية"""". وفي وقت لاحق، اعترف كونريكوس أنه كان ينبغي عليه اختيار كلماته """"بعناية أكبر"""".""",1
وصل الرئيس الروسي، فلاديمير بوتين، إلى الإمارات، حيث استقبله رئيس الدولة، الشيخ محمد بن زايد آل نهيان، ضمن زيارة يجريها إلى المنطقة ستشمل أبوظبي والرياض وهي الأولى منذ عام 2019، وفق ما ذكرته وكالة الأنباء الروسية الرسمية (تاس) الأربعاء.,1
أعلنت وزارة الخارجية الأردنية، الأربعاء، إن العمل جار لإخلاء 110 مواطنين أردنيين في قطاع غزة مع استمرار الحرب التي تخوضها إسرائيل ضد حماس في القطاع منذ السابع من أكتوبر/ تشرين الأول الماضي.,1
"""أعلن الحرس الثوري الإيراني احتجاز سفينتين ادعى أنهما """"تهربان الوقود"""" في مياه الخليج جنوبي جزيرة """"أبو موسى"""" التي تطالب الإمارات باستردادها من طهران.""",1
ردت وزارة الخارجية الإيرانية، الأربعاء، على البيان الختامي لاجتماع قمة دول مجلس التعاون الخليجي وما تطرق له حول إيران مجموعة نقاط.,1
"""بعد ظهر الثلاثاء، دمرت غارة جوية إسرائيلية على ما يبدو مبنى في دير البلح وسط قطاع غزة، وتم نقل الجرحى إلى المستشفى الوحيد العامل في دير البلح. وقال المتحدث باسم المستشفى إنهم استقبلوا """"أكثر من 130 جريحًا وأكثر من 90 جثة""""، ولم تتمكن CNN من تأكيد عدد القتلى.""",1
أكد الجيش الإسرائيلي أن النيابة العسكرية طلبت تمديد اعتقال جندي يشتبه في أنه أطلق النار على يوفال دورون كاسلمان، المدني الذي رد على هجوم إطلاق النار الذي وقع الخميس في القدس وقُتل هو نفسه بالرصاص.,1
أعلنت السلطات الإماراتية، الأربعاء، تسليم المتهم البريطاني الجنسية، سانجاي شاه المطلوب بقضايا احتيال ضريبي وغسل أموال، إلى السلطات الدنماركية.,1
"""قال النائب الأمريكي، سيث مولتون، إنه لا يتفق مع تقييم المتحدث باسم الجيش الإسرائيلي، جوناثان كونريكوس، بأن مدنيين اثنين يقتلان مقابل كل مسلح من حماس وأنها يعتبرها نسبة """"إيجابية للغاية"""".""",1
سجلت حرب الإبادة الإسرائيلية على قطاع غزة دعما غربيا غير مسبوق، ترافق مع إنكار للجرائم التي توثقها الكاميرات وتبثها وسائل الإعلام يوميا.,1
قالت صحيفة “فايننشال تايمز” إن نتنياهو كان صريحا في التعبير عما تحتاجه إسرائيل لتدمير حماس عندما قال لمجموعة من المسؤولين الحكوميين “نحتاج 3 أشياء من أميركا وهي الذخائر ثم الذخائر ثم الذخائر”.,1
الفتى المقدسي أحمد السلايمة كان يخطط لإتمام دراسته الأساسية والتخصص في الحقوق والإعلام، لكنه اصطدم بقرار إسرائيلي يمنعه من العودة إلى مدرسته.,1
نددت الخارجية الفلسطينية بقرار بريطانيا تسيير طائرات استطلاع في سماء غزة بحجة تحديد أماكن المحتجزين لدى المقاومة، وقالت إنها بذلك تتورط في الحرب الإسرائيلية المستمرة على القطاع.,1
استشهد والدا الزميل بقناة الجزيرة مؤمن الشرافي اليوم الأربعاء وعدد من أشقائه وأطفالهم بقصف الاحتلال الإسرائيلي لمخيم جباليا شمال قطاع غزة.,1
روى مواطنون من سكان مخيم جباليا بقطاع غزة لحظات تعرض العائلات الفلسطينية للقصف الإسرائيلي الوحشي الذي خلف شهداء وجرحى ومفقودين. ورصد الصحفي أنس الشريف -لصالح قناة الجزيرة- آثار الدمار الهائل..,1
تستمر القوات الإسرائيلية بشن غارات جوية على مناطق قطاع غزة، في حين يخوض الجيش الإسرائيلي معارك برية مع فصائل المقاومة الفلسطينية في محاور عدة في القطاع المحاصر.,1
سخر رواد العالم الافتراضي في العالم العربي من خبر نشره حساب “إسرائيل بالعربية” حول إعطاء حماس للمحتجزين لديها أقراص فيتامينات وحبوبا للتهدئة قبل الإفراج عنهم.,1
أفاد شهود عيان، للجزيرة، باستشهاد وإصابة العشرات نتيجة تعرضهم لقصف من طائرات مسيرة إسرائيلية في خان يونس. وأظهرت مشاهد مصورة خاصة عملية إسعاف المصابين من أماكن الاستهداف.,1
وثقت منظمة العفو الدولية استخدام الجيش الإسرائيلي ذخائر أميركية الصنع في غارتين جويتين “مميتتين وغير قانونيتين” على منازل مليئة بالمدنيين في قطاع غزة المحاصر.,1
سمحت الشرطة الإسرائيلية لناشطين يهود من اليمين المتطرف بتنظيم مسيرة إلى المسجد الأقصى الخميس القادم، للمطالبة بإنهاء سيطرة الأوقاف الإسلامية في مدينة القدس.,1
تتجه إدارة الرئيس الأميركي جو بايدن إلى اعتماد مبادئ تحكم رؤيتها بمستقبل غزة سميت “مبادئ طوكيو”، بينما يرى مراقبون أنها غير واقعية ولا تتناسب مع الحقائق الميدانية الحالية.,1
قالت صحيفة “جيروزاليم بوست” إن الجيش الإسرائيلي يعاني من سوء حالة الدبابات والخلل في الذخيرة ونقص المعدات والأعطال التي لا يمكن إصلاحها.,1
تتذكر فرح رحلتها المؤلمة من شمال غزة إلى الجنوب، حيث لجأت عائلتها اليائسة فرارا من الهجمات الإسرائيلية. ومنذ اللحظة الأولى التي أبصرت فيه الدنيا، كانت تعيش في أكبر سجن مفتوح في العالم.,1
أعلنت كتائب عز الدين القسام استهداف مقاتليها ناقلة جند ودبابة ميركافا وجرافة إسرائيلية في خان يونس جنوبي قطاع غزة، بينما أطلقت رشقات صاروخية تجاه تل أبيب.,1
منذ 2017 تحاول عائلة جعابيص منع هدم متجر صغير تملكه في حي جبل المكبر من خلال محاكم الاحتلال، لكن القرار النهائي كان إجبارها على أن تهدم المتجر بنفسها.,1
حذر مسؤولو الصحة في إسرائيل من أن الجنود الإسرائيليين المصابين في العدوان على غزة يعانون من جراثيم مقاومة للأدوية.,1
جمعت حملة “واجب فلسطين” 200 مليون و48 ألف ريال قطري لصالح الفلسطينيين بقطاع غزة المحاصر الذين يتعرضون لأبشع أنواع العدوان منذ السابع من أكتوبر/تشرين الأول الماضي.,1
قال الخبير العسكري اللواء فايز الدويري إن كتائب القسام -الجناح العسكري لحركة المقاومة الإسلامية (حماس)- بعثت رسائل عسكرية وسياسية بعد قصفها تل أبيب الكبرى بالصواريخ بعد 74 يوما من الحرب على غزة.,1
قالت الخزانة التركية في بيان إنها راجعت الأنشطة المالية لشركة، فرضت أميركا عقوبات على مساهميها واتهمتها بتقديم “مساعدات لحماس”. وخلصت الوزارة إلى أن هذه الشركة لم تنتهك نظامها المالي.,1
بثت كتائب القسام -الجناح العسكري لحركة المقاومة الإسلامية (حماس)- مشاهد من استهداف جرافة إسرائيلية من نوع “دي 9” (D9) بمنطقة تل الزعتر شمالي قطاع غزة,1
دعا رئيس الوزراء البريطاني ريشي سوناك إلى إقرار هدنة إنسانية مستدامة في قطاع غزة تسمح بإطلاق سراح مزيد من المحتجزين الإسرائيليين لدى فصائل المقاومة، ودخول المساعدات إلى غزة.,1
أظهر فيديو مجندة إسرائيلية تقف بشكل متعمد أمام مدفع أثناء إطلاقه قذيفة باتجاه غزة، مما أثار استياء في أوساط الجيش والإعلام الإسرائيلي تجاه حالة الاستهتار ومخالفة قواعد إطلاق النار التي ارتكبها الجنود.,1
حثت مجموعة من أعضاء الكونغرس الأميركي من المحاربين القدامى الرئيس جو بايدن للضغط على رئيس الوزراء الإسرائيلي بنيامين نتنياهو لتغيير الإستراتيجية العسكرية التي تقتل آلاف المدنيين في غزة.,1
أكد الرئيس التركي رجب طيب أردوغان وجوب أن تتحرك الولايات المتحدة لوقف إطلاق النار في غزة، مشددا على أن إسرائيل لا تهاجم الفلسطينيين والقطاع فحسب، بل الإنسانية جمعاء.,1
أعاد الكاتب الإسرائيلي المختص بشؤون الأمن والاستخبارات يوسي ميلمان حادثة قتل الجيش الإسرائيلي 3 من محتجزيه لدى حماس “فروا من الأسر” بقطاع غزة إلى ما اعتاده هذا الجيش من ممارسات قتل وعنف على مدى عقود.,1
يعلو صوت الوزراء اليمينيون المتطرفون في إسرائيل مع كل خطوة لتحويل مستحقات مالية إلى قطاع غزة، ويهددون بالاستقالة في حال حوّلت الحكومة مستحقات السلطة الفلسطينية، ومن ثم الإرسال بنصيب غزة منها.,1
في إطار خطة التقشف والتقليصات في جهاز المستخدمين، التي كشف عنها الإعلام الإسرائيلي، أجرت سلطة المطارات الإسرائيلية، محادثات مع الموظفين وأبلغتهم بقرار إخراج حوالي 600 منهم في إجازة دون راتب.,1
"علقت الحكومة العراقية، الثلاثاء، على الرد الأمريكي باستهداف مواقع عسكرية عراقية، بعد هجوم شنته كتائب حزب الله العراقية بطائرة مسيرة على شمال العراق، بحسب بيان نشرته وكالة الأنباء العراقية """"واع"""".""",1
"""نعى فيلق القدس التابع للحرس الثوري الإيراني، العميد سيد رضي موسوي، أحد كبار مستشاريه لدى وحدة إسناد ما يعرف بـ""""محور المقاومة"""" في سوريا، والذي قُتل في قصف زعمت إيران إن إسرائيل تقف وراءه، الاثنين، في دمشق.""",1
بصرف النظر عن التغيرات الدراماتيكية على الأرض في الضفة الغربية وقطاع غزة والعنف المتقطع بين إسرائيل والفلسطينيين منذ عام 1967، فإن حل الدولتين يظل الخيار الوحيد القابل للتطبيق الذي يخدم المصالح الوطنية لإسرائيل على أفضل وجه ويلبي التطلعات الوطنية للفلسطينيين في إقامة دولة فلسطينية.,1
أجرى وزير الخارجية الكويتي، الشيخ سالم عبدالله الجابر الصباح، مساء الاثنين، اتصالا هاتفيا مع نظيره العراقي، فؤاد حسين، حول مصير مواطن كويتي اختفى في محافظة الأنبار.,1
قاطعت صيحات أفراد عائلات الرهائن رئيس الوزراء الإسرائيلي، بنيامين نتنياهو أثناء حديثه خلال جلسة خاصة للكنيست، الاثنين، حيث حمل أفراد عائلات الرهائن المختطفين في غزة ملصقات ولافتات عليها صور وأسماء أحبائهم.,1
كشف وزارة الداخلية المصرية، الثلاثاء، ملابسات تداول مقطع فيديو يظهر خلاله أحد الأشخاص، بحوزته سلاح آلي وإطلاق عيار منه لترهيب سيدات، يحاولن إخراجه من المنزل في محافظة قنا بصعيد مصر.,1
"""وجه الرئيس الأمريكي، جو بايدن، بشن ضربات في العراق على ثلاثة مواقع تستخدمها كتائب حزب الله و""""الجماعات التابعة لها""""، مساء الاثنين، حسبما أعلن البيت الأبيض.""",1
قال المصدر، لشبكة CNN، إنه من المتوقع أن يجتمع أحد المقربين من رئيس الوزراء الإسرائيلي بنيامين نتنياهو مع مسؤولي إدارة الأمريكية، الثلاثاء.,1
"""أعلن وزير الدفاع الأمريكي، لويد أوستن، الثلاثاء، شن القوات الأمريكية ضربات على 3 منشآت تستخدمها """"كتائب حزب الله"""" والجماعات التابعة لها في العراق.""",1
"""تعهدت طهران وفصائل مسلحة موالية لها بـ""""الانتقام"""" لمقتل القيادي البارز في """"الحرس الثوري"""" الإيراني، سيد رضي موسوي، الذي يُزعم أنه قُتل في غارة جوية """"إسرائيلية"""" في سوريا.""",1
الحزن يخيم على الكنائس العربية في عيد الميلاد تضامنا مع الفلسطينيين في غزة,1
"""فيديو, حرب غزة: كيف استقبلت بيت لحم عيد الميلاد؟المدة, 2,22""",1
"""فيديو, حرب غزة: كيف يمنع الجدار الفاصل في بيت لحم سانتا كلوز من الوصول للأطفال للاحتفال بعيد الميلاد؟المدة, 1,47""",1
"""فيديو, الحرب في السودان: كيف مر هذا العام على السودانيين في ظل الحرب؟المدة, 2,08""",1
حرب غزة تفاقم معاناة الطلبة الفلسطينيين في مصر,1
ما هو محور فيلادلفيا على الحدود المصرية مع غزة؟,1
إسرائيل وبريطانيا وفرنسا خططوا لأبعد من السيطرة على قناة السويس في حربهم على مصر عام 56 ـ وثائق بريطانية,1
ما الذي تقوله أعداد القتلى في غزة عن الحرب؟,1
ناصر وكمال عدوان والعودة: ماذا يجري في مستشفيات غزة؟,1
"""فيديو, حرب غزة: رحلة مصور بي بي سي المروعة على """"طريق الجحيم"""" في غزةالمدة, 6,42""",1
ما هي أسلحة حماس الجديدة التي تمكنها من المواجهة حتى الآن؟,1
غزة مفتاح التطورات الإقليمية في المنطقة - الأيام الفلسطينية,1
لا مكان في المشفى يتسع لناجٍ وحيد من قصف منزل في خان يونس,1
هل يمكن أن نشهد وقفا جديدا لإطلاق النار في غزة؟,1
المفاوضات تؤجل تصويت الأمم المتحدة على وقف الحرب في غزة,1
ماذا نعرف عن الشيخ مشعل الصباح أمير الكويت الجديد؟,1
"""فيديو, مشعل الأحمد: ماذا نعرف عن أمير الكويت الجديد؟المدة, 1,43""",1
"""فيديو, حرب غزة: ما هو تحالف """"حارس الازدهار"""" الذي أطلق لصد هجمات الحوثيين في البحر الأحمر؟المدة, 1,27""",1
كتائب القسام تبث فيديو لثلاث رهائن إسرائيليين مُسنّين,1
"""خبراء يحذرون من """"صدمة"""" جديدة للتجارة العالمية بعد تهديدات الحوثيين للملاحة في البحر الأحمر""",1
"""""""إسرائيل تحاول محو ذاكرتنا"""" - في الغارديان""",1
دون اتصالات وإنترنت، كيف يكافح الصحفيون في غزة لإيصال الصورة للعالم؟,1
"""فيديو, كيف أصبحت الكوفية رمزا وطنيا للفلسطينيين؟المدة, 2,16""",1
"""""""الدعوة إلى الهدنة أمر سهل، لكن التفاصيل ستكون الجزء الصعب""""",1
تفاعل جمهور منصات التواصل مع دعوة أحد مقاتلي القسام اللواء فايز الدويري التحليل على عمليته، التي استهدف فيها جنود الاحتلال في منطقة جحر الديك بغزة.,1
لا يزال استخدام مصطلح “الإبادة الجماعية” محدودًا للغاية في فرنسا، كونه يحمل قدرا من المبالغة، ومع ذلك فإن دقة هذا المصطلح لوصف مذابح غزة واضحة بالعودة إلى القانون الدولي.,1
“بناء على المعلومات التي تلقيتها من الجنود والضباط المقاتلين في غزة منذ بدء الحرب، توصلت إلى الاستنتاج التالي: المتحدث باسم الجيش الإسرائيلي والمحللون العسكريون في القنوات التلفزيونية يزيفون الحقائق”.,1
قال الخبير العسكري والإستراتيجي اللواء فايز الدويري، إن مشاهد تصدي كتائب القسام -الجناح العسكري لحركة المقاومة الإسلامية (حماس)- لجيش الاحتلال في قطاع غزة تمثل كوابيس ليلية لقادة الاحتلال.,1
نزل نحو 10 آلاف متظاهر ألماني من النقابات والحركات اليسارية والفنانين وقادة سياسيين وعلماء إلى ميدان بوابة براندنبورغ التاريخي وسط برلين رفضا للحرب في غزة وتنديدا بموقف الحكومة الألمانية منها.,1
جردت قوات الاحتلال الإسرائيلي مواطنين فلسطينيين من ملابسهم، بينهم أطفال وشيوخ، وجمعتهم في ملعب بقطاع غزة، وفق ما أوردت وسائل إعلام وحسابات على مواقع التواصل الاجتماعي.,1
اعتقل الجيش الإسرائيلي، فجر الثلاثاء، الأسيرة المحررة خالدة جرار، من منزلها في مدينة رام الله بالضفة الغربية، حسب ما أفاد مراسل الجزيرة.,1
تناولت صحيفة هآرتس في تقرير جديد طريقة تغطية الصحافة الإسرائيلية للحرب التي يشنها الاحتلال على قطاع غزة، حيث ألقت الضوء على تماهي الإعلام مع نهج الحكومة وتطلعه للاتساق مع مزاج الشارع.,1
تواجه قوات الاحتلال المتوغلة في غزة تحديات عدة أهمها مواجهة حركة حماس واستخدامها تكتيكات “حرب العصابات”، وتحويل المعارك البرية إلى حرب استنزاف تكبّد الجيش الإسرائيلي خسائر كبيرة.,1
تعاني نساء كثيرات في غزة من هم إعالة الأطفال بمفردهن، وهي مهمة صعبة مع انعدام أبسط مقومات الحياة. نستمع إلى شهادات نساء بقين وحيدات مع أطفالهن، يتحدثن عن الجهود التي يبذلنها لإعالة أسرهن.,1
لواء غولاني أحد ألوية المشاة في الجيش الإسرائيلي، شارك في كل الحروب العربية الإسرائيلية بدءا بحرب عام 1948 ثم حرب أكتوبر 1973. نستعرض في هذا التقرير أبرز خصائص هذا اللواء وتشكيلات كتائبه.,1
زارت منظمة الصحة العالمية وشركاؤها مستشفى الشفاء وسلمت الإمدادات إليه، كما زارت 3 مستشفيات أخرى في غزة في قوافل متعددة وسط مشاهد من اليأس والدمار.,1
قالت وزارة الصحة في قطاع غزة، الاثنين، إن 180 نازحة فلسطينية في مراكز الإيواء تضع مولودها يوميا في ظروف غير آمنة، في حين يعاني نحو 900 ألف طفل نازح من خطر الجفاف والمجاعة والأمراض.,1
نقلت منظمة الصحّة العالمية شهادات مروعة عن قصف مخيّم المغازي للاجئين الفلسطينيين في وسط غزة، مشيرة إلى أنّ هذه الروايات جمعتها طواقمها من “مستشفى الأقصى” الذي نُقل إليه ضحايا هذا القصف الإسرائيلي.,1
"ذكرت مسؤولة بوزارة الخارجية الأمريكية، الخميس، أنها ليست على علم بأي رد نهائي من حركة """"حماس"""" على المقترح بشأن صفقة جديدة لإطلاق سراح الرهائن المحتجزين في قطاع غزة، ووقف دائم للقتال.""",1
"""قال مسؤول أمريكي إن الرئيس جو بايدن يعتزم إصدار أمر تنفيذي يستهدف المستوطنين الإسرائيليين المسؤولين عن أعمال العنف في الضفة الغربية الذين قال إنهم """"يقوضون الاستقرار في المنطقة"""".""",1
أعرب وزير الخارجية المصري، سامح شكري، الخميس، عن قلق بلاده من العمليات العسكرية التي يشهدها المدخل الجنوبي للبحر الأحمر، وتأثيرها على حركة الملاحة الدولية.,1
قالت وكالة الأمم المتحدة لغوث وتشغيل اللاجئين الفلسطينيين (الأونروا)، إن الاحتياجات الإنسانية الهائلة للناس في قطاع غزة من المرجح أن تزداد سوءًا بعد قرار ما يقرب من 20 حكومة بتعليق التمويل للمنظمة.,1
"""قال المتحدث باسم وزارة الخارجية الأمريكية، مات ميلر، الأربعاء، إن الولايات المتحدة تواصل دعم إقامة دولة فلسطينية مستقلة و""""لم يكن هناك أي تغيير في السياسة"""" من قبل إدارة الرئيس جو بايدن فيما يتعلق بهذا الهدف.""",1
قُتل مرشح مستقل ينتمي إلى حزب تحريك الإنصاف الباكستاني بزعامة رئيس الوزراء السابق، عمران خان بالرصاص في مقاطعة خيبر بختونخوا أثناء حملته الانتخابية، الأربعاء، مع تصاعد العنف قبل الانتخابات العامة المقررة في البلاد في 8 فبراير/ شباط 2024.,1
أعلن الأمن العام السعودي، القبض على 3 أشخاص، اعتدوا على آخرين بالضرب في منطقة تبوك، وأنه جرى إحالتهم إلى النيابة العامة.,1
"""رد المتحدث باسم وزارة الخارجية الإيرانية، ناصر كنعاني على البيان السعودي- الكويتي المشترك، حول حقل """"الدرة/ آرش"""" للغاز والنفط بين المملكة العربية السعودية والكويت، حسبما أوردت وكالة الأنباء الإيرانية """"إرنا"""" في بيان، الخميس.""",1
تداول نشطاء على مواقع التواصل الاجتماعي مقاطع فيديو من مقابلة وزير الخارجية القطري، الشيخ محمد بن عبدالرحمن، وما قاله عن تطبيع العلاقات مع إسرائيل الأمر الذي أثار تفاعلا واسعا.,1
تقول هنادي جمال سعد الجمارة، 38 عاماً، إن النوم هو كل ما يمكن أن يصرف أطفالها عن الجوع المؤلم الذي ينخر بطونهم,1
ذكرت وسائل إعلام تركية أن رجلا مسلحا اقتحم مصنعا لشركة “بروكتر أند غامبل” الأميركية قرب إسطنبول، واحتجز عددا من الرهائن هناك احتجاجا على العدوان الإسرائيلي على غزة.,1
قال موقع “سيحا ميكوميت” العبري إن الجيش الإسرائيلي كان على علم بأن تفجير القنابل العادية داخل الأنفاق قد يؤدي إلى إطلاق غازات سامة تقضي على مقاتلي حماس، وعلى أسرى إسرائيليين أيضا.,1
أحدثت الصور الصادمة لجثث شهداء غزة المتحللة والتي عُثر عليها مكبلة الأيدي ومعصوبة الأعين بمدرسة شمالي قطاع غزة، موجة غضب واستياء عارمين في منصات التواصل الاجتماعي.,1
قالت وكالة غوث وتشغيل اللاجئين الفلسطينيين (الأونروا) إن خطر المجاعة في شمال قطاع غزة يتفاقم، في ظل قلة المساعدات، وحذرت من توقف عملياتها بحلول نهاية الشهر الجاري.,1
قال الجنرال باتريك كاميرت نائب قائد قوة بعثة الأمم المتحدة في الكونغو الديمقراطية، في وصف واقع النساء المرير في الحرب هناك “أن تكون امرأة، فإن هذا قد يصبح أكثر خطورة من أن تكون جنديا بنزاع مسلح”.,1
رصدت كاميرا الجزيرة عودة نازحين من رفح إلى خان يونس جنوبي قطاع غزة، بعد انسحاب جزئي للآليات العسكرية الإسرائيلية، فضلا عن مشاهد الجثث المتناثرة بالشوارع، وحرق المنازل والدمار الذي حل بها.,1
قالت سلطات الاحتلال إن فلسطينيا حاول دهس جنديا قرب الخليل، وفي السياق اقتحمت قوات الاحتلال عددا من المدن والقرى الفلسطينية، واعتقلت عددا من الفلسطينيين، كما اعتدى المستوطنون على ممتلكات الفلسطينيين.,1
دعا رئيس الاتحاد العالمي لعلماء المسلمين الشيخ علي محيي الدين القره داغي قادة الدول العربية والإسلامية لقطع البترول عن الدول الداعمة لإسرائيل، واستخدام هذا الأمر ورقة ضغط على هذه الدول.,1
عرضت قناة الجزيرة مشاهد حصرية جديدة للمعارك البرية الضارية بين كتائب القسام -الجناح العسكري لحركة المقاومة الإسلامية (حماس)- وجيش الاحتلال الإسرائيلي بمدينة خان يونس، جنوبي قطاع غزة.,1
يرى المفكر الإسلامي الكبير محمد سليم العوا أن نوافذ العالم العربي، لا سيما شبابه، قد انفتحت على حقل المقاومة الذي تتجه ثماره كلها نحو استعادة الحق الفلسطيني السليب، بعد 7 أكتوبر/تشرين الأول.,1
أفاد مراسل الجزيرة في شمال قطاع غزة بأن قوات الاحتلال الإسرائيلي انسحبت بشكل كامل من المناطق الغربية لشمال القطاع، في حين أعلن الاحتلال إصابة 5 من ضباطه وجنوده في غزة.,1
في الوقت الذي ينشغل فيه العالم بالعدوان الإسرائيلي على قطاع غزة وإحصاء عدد الشهداء، لا بد من طرح تساؤل عن الآلة الضخمة وسوق صناعة الأسلحة الفتاكة التي شهدت تطورا كبيرا في السنوات الأخيرة.,1
قال أسامة حمدان إن حركة حماس لم تقدم أي رد رسمي حتى الآن على مقترح الصفقة الذي قدمه الأشقاء بدولة قطر في أعقاب لقاء باريس، وإن ما يتم تسريبه محاولة من حكومة الاحتلال الإسرائيلي لتخفيف الضغوط عليها.,1
أكد عدد من الفلسطينيين، الذين تعرضوا للاعتقال من قبل جيش الاحتلال في خان يونس (جنوب قطاع غزة) وأُفرج عنهم صباح اليوم الخميس برفح، أن مصلحة السجون الإسرائيلية تمارس أقسى أنواع التعذيب.,1
الخارجية الأمريكية تدرس خيارات اعتراف محتمل بالدولة الفلسطينية - موقع أكسيوس,1
"""هل يؤدي أي تدخل إيراني في الحرب في السودان إلى تحولها إلى """"صراع إقليمي""""؟""",1
"""نصف المباني على الأقل """"دمرت بالكامل أو تضررت"""" في غزة""",1
""" """"يستحق الانتباه"""":  كيف تبدو الحياة في الخليل بعد هجوم 7 أكتوبر/تشرين الأول؟""",1
"""""""حماس تخشى خسارة أهم أوراقها وإسرائيل لن تقبل تبييض سجونها"""".. ماذا يقال في الهدنة الجديدة؟ """,1
جروح وجوع ووحدة، هذا ما يعانيه أطفال غزة الذين تيتموا بسبب الحرب,1
من اللاعبون الأساسيون في صناعة واستخدام المسيرات بالشرق الأوسط؟,1
"""""""يستحق الانتباه"""": ما قصة 15 رهينة احتجزهم مقاتلو القسام في كيبوتس بئيري بإسرائيل؟""",1
"""فيديو, حرب غزة: ما أهمية باب المندب والبحر الأحمر في التجارة العالمية؟""",1
"""""""على بايدن أن يستهدف العملاء الإيرانيين بعد مقتل العسكريين الأمريكيين"""" – واشنطن بوست""",1
مقتل الجنود الأمريكيين يزيد الضغط على الرئيس الأمريكي جو بايدن,1
"""فيديو, حرب غزة: كيف تأثر يهود تونس بعد هجمات 7 أكتوبر؟""",1
"""فيديو, حرب غزة: ما هي قصة مدينة خان يونس في قطاع غزة؟""",1
هل يجرُ الحوثيون الولايات المتحدة وحلفاءها إلى حرب لا يمكنهم الانتصار فيها؟,1
ماذا بعد قرار محكمة العدل الدولية بشأن حرب غزة؟,1
القارب المفقود بين لبنان وقبرص: هل وقع الركاب ضحية تجارة الأعضاء؟,1
"""""""هل يمكن للمحكمة الفيدرالية أن تجد بايدن متواطئاً في الإبادة الجماعية للفلسطينيين""""؟ - الإندبندنت""",1
ما أبرز الأحكام والقرارات التي اتخذتها محكمة العدل الدولية على مدار تاريخها؟,1
"""فيديو, حرب غزة: ما الذي نعرفه عن مقاضاة جنوب أفريقيا لإسرائيل أمام محكمة العدل الدولية؟""",1
ما القرار المتوقع اليوم لمحكمة العدل الدولية بشأن قضية جنوب أفريقيا ضد إسرائيل؟,1
ما الذي نعرفه عن قصف مركز الأونروا في خان يونس؟,1
ما هما الموقفان الأممي والإسرائيلي من الهجوم على مركز تدريب للأونروا في غزة؟,1
تشييع الأمين العام السابق لحزب الله اللبناني حسن نصر الله وخليفته هاشم صفي الدين,1
كيف نشأ حزب الله اللبناني وما كان دور حسن نصر الله فيه؟,1
حماس تعلن اغتيال أحد قادتها في غارة إسرائيلية في لبنان,1
"""فيديو, """"أطفالي كانوا عيني في الحرب، رأوا ما عجزت عن رؤيته"""", المدة 2,03""",1
إسرائيل تبحث المرحلة الثانية من اتفاق وقف إطلاق النار، ووزير خارجية الولايات المتحدة يصل السعودية,1
ما حجم وتاريخ المساعدات الأمريكية للأردن التي لوح ترامب بقطعها؟,1
"""""""إن كان هناك من يجب ألا ينسى أو يغفر، فهم الفلسطينيون"""" هآرتس """,1
وزير الخارجية الأمريكي يبدأ جولة في الشرق الأوسط، ووصول شحنة قنابل جوية أمريكية لإسرائيل,1
أنصار حزب الله يحتجون إثر منع لبنان لطائرة إيرانية من الهبوط في مطار بيروت,1
حُذف المقال: 'تابعنا حياة ثلاثة أطفال نجوا من الحرب في غزة، وهذا ما وجدناه',1
إسرائيل وحماس تتبادلان الدفعة السادسة من الرهائن والسجناء ضمن صفقة وقف إطلاق النار في غزة,1
إسرائيل تطلق سراح سجناء فلسطينيين بعد أن أفرجت حماس عن ثلاث رهائن إسرائيليين في غزة,1
عائلات رهينات محررات من غزة تروي تفاصيل ما حدث لبناتهن من تجويع وتخويف,1
ترامب يقول إنه سيتخذ موقفاً صارماً بشأن غزة السبت,1
"""فيديو, موقف الإمارات من خطة ترامب في غزة يثير جدلا, المدة 6,14""",1
خطة ترامب: هل من دوافع اقتصادية وراء رغبة الرئيس الأمريكي بالسيطرة على غزة؟,1
خطة ترامب للفلسطينيين أشعلت جبهة عربية موحدة وغاضبة- هآرتس,1
"""فيديو, خطة مصرية لإعمار غزة، لكن ما هو حجم الدمار في القطاع؟ | بي بي سي تقصي الحقائق, المدة 2,26""",1
مصادر لبي بي سي: الوسطاء يتوصلون لاتفاق بشأن إطلاق النار في غزة,1
"""""""فوضى الوكالة الأمريكية للتنمية تهدد أفقر شعوب العالم"""" - نيويورك تايمز""",1
كيف تعاملت مصر مع إسرائيل بعد تلويح ترامب بوقف المساعدات؟,1
"""وعيد إسرائيلي  بـ""""الجحيم"""" في غزة إذا لم تفرج حماس عن الرهائن، وجهود الوساطة تنشط في القاهرة""",1
"""فيديو, كيف سار لقاء دونالد ترامب بالعاهل الأردني الملك عبدالله الثاني؟, المدة 3,46""",1
"""مصر والأردن تؤكدان على """"وحدة الموقف"""" حول قطاع  غزة، وحماس تثمّن موقفهما بعد لقاء ترامب بالعاهل الأردني""",1
مصادر لبي بي سي: قمة عربية خماسية في الرياض قد تعقد الأسبوع المقبل لمناقشة خطة ترامب بشأن غزة,1
"""فيديو, والدة رهينة تناشد رئاسة الوزراء الإسرائيلية, المدة 3,00""",1
ترقب في رام الله، ومكتب رئيس الوزراء الإسرائيلي يعلن تأجيل الإفراج عن السجناء والمعتقلين الفلسطينيين، حتى ضمان الإفراج الرهائن الإسرائيليين القادمين دون طقوس,1
هيئة البث الإسرائيلية: الجثة التي استلمتها إسرائيل مساء الجمعة، تعود لشيري بيباس,1
"""""""لقاء أخوي"""" في الرياض حول مستقبل الفلسطينيين بدون حضورهم""",1
"""""""مقتل الرهائن جاء نتيجة قرارات رئيس الوزراء الإسرائيلي""""- هآرتس""",1
ملامح الخطة العربية المصرية لإعمار غزة دون تهجير، وإدارتها دون حماس,1
"""الجيش الإسرائيلي: الجثة التي عادت من غزة ليست لوالدة الطفلين، وويتكوف يقول """"خطة ترامب ليست لتهجير الفلسطينيين""""""",1
"""فيديو, """"كرفانات"""" من مصر والأردن تصل إلى غزة, المدة 2,10""",1
"""فيديو, ماذا نعرف عن الطبيب حسام أبو صفية الذي اعتقلته القوات الإسرائيلية؟, المدة 2,21""",1
إسرائيل تتسلم رفات أربع رهائن في غزة، وتنقل الجثامين إلى معهد طبي شرعي في تل أبيب للتحقق من هوياتهم,1
"""مسلحون من كتائب القسام يستعدون لتسليم رفات أربعة رهائن، وتحذيرات إسرائيلية من """"تكتيكات حماس"""" في الحرب النفسية""",1
تسليم رفات 4 رهائن إسرائيليين الخميس، وحماس تبدي استعدادها للإفراج عن جميع الرهائن,1
نتنياهو يضع شروطا جديدة لمفاوضات المرحلة الثانية,1
حماس تعلن الإفراج عن 6 رهائن إسرائيليين السبت، وتوقعات بإدخال المساكن المتنقلة إلى غزة الخميس,1
عمليات إسرائيل في الضفة الغربية لن تحل مشاكلها الأمنية -هآرتس,1
"""فيديو, """"لن نتخلى عن أي شبر في غزة، هذه بلادنا رغماً عن العالم كله"""", المدة 1,45""",1
"""فلسطيني مفرج عنه يروي لبي بي سي ظروف احتجازه """"الصعبة"""" في إسرائيل، والجيش يرد: """"الانتهاكات تُعامل بمنتهى الجدية""""""",1
حماس تعلن اغتيال أحد قادتها في غارة إسرائيلية في لبنان,1
"""فيديو, """"أطفالي كانوا عيني في الحرب، رأوا ما عجزت عن رؤيته"""", المدة 2,03""",1
إسرائيل تبحث المرحلة الثانية من اتفاق وقف إطلاق النار، ووزير خارجية الولايات المتحدة يصل السعودية,1
ما حجم وتاريخ المساعدات الأمريكية للأردن التي لوح ترامب بقطعها؟,1
"""""""إن كان هناك من يجب ألا ينسى أو يغفر، فهم الفلسطينيون"""" هآرتس """,1
ما هو محور فيلادلفيا الذي تسعى إسرائيل السيطرة عليه؟,1
", """"ننتظر حضور أهلها لاستلامها"""".. ما مصير رضيعة ولدت من رحم أمها الميتة في غزة؟ا""",1
هناك مؤشرات متزايدة إلى أن وقوف الأحزاب الرئيسة في بريطانيا إلى جانب إسرائيل وإحجامها عن التصدي لظاهرة الإسلاموفوبيا قد تفقدها أصوات المسلمين، مما قد يؤثر على فرصها في الانتخابات المقبلة.,1
قالت صحيفة “غلوبز” الإسرائيلية إن أبراج المكاتب التي اعتادت أن تكون مزدهرة في تل أبيب ورمات غان تتحمل الآن عبء أزمة متصاعدة.,1
رصد صهيب العصا عبر خريطة تفاعلية انسحاب قوات الاحتلال من المناطق الشمالية الغربية لمدينة غزة، كما رصد مناطق الاشتباكات جنوب غربي المدينة، إلى جانب آخر المستجدات الميدانية بخان يونس جنوبي قطاع غزة.,1
طالما حافظت الصين على سياسة خارجية “متوازنة” في الشرق الأوسط، إذ تنأى بكين بنفسها عن الصراعات الحادة في المنطقة، وتستبدل ذلك بمواقف تدعو لخفض التوترات وتجسير الهوة بين الفرقاء.,1
شهدت عدة عواصم عربية مظاهرات تضامنا مع قطاع غزة ورفضا للعدوان الإسرائيلي على القطاع.,1
تواصل قوات الاحتلال الإسرائيلي قصف العديد من مناطق قطاع غزة واستهداف المستشفيات على وجه الخصوص، وارتكبت 13 مجزرة راح ضحيتها 112 شهيدا و148 مصابا خلال 24 ساعة.,1
يروي المقدسي محمد ركن للجزيرة نت جانبا من معاناة عائلته نتيجة الاقتحامات الإسرائيلية والاعتداءات المتكررة على أشقائه ووالده والاستيلاء على ممتلكاتهم.,1
رصد مراسل الجزيرة مؤمن الشرافي الأوضاع المأساوية التي يعيشها نازحون على شاطئ رفح، حيث نصب بعضهم خياما هناك، في محاولة لالتقاط الأنفاس والبحث عن مكان آمن هربا من القصف الإسرائيلي المتواصل على قطاع غزة.,1
ارتفعت حركة الملاحة عبر رأس الرجاء الصالح جنوب القارة الأفريقية بنسبة 67% خلال الشهر الماضي مقارنة مع الشهر السابق له. وذلك بسبب تفاقم التوتر في البحر الأحمر، كما انتعشت الحركة في ممرات أخرى.,1
منعت قوات الاحتلال أعدادا كبيرة من المصلين من الوصول إلى المسجد الأقصى، حيث أقامت حواجز عسكرية في مدينة القدس، كما اعتقلت عشرات الفلسطينيين في الضفة الغربية.,1
قصفت قوات الاحتلال الإسرائيلي مناطق عدة بقطاع غزة، تركزت في مدينة خان يونس، مستخدمة سلاح المدفعية والطائرات المسيرة، في حين تستمر المعارك والاشتباكات بين المقاومة الفلسطينية وجنود الاحتلال.,1
رغم الظروف الصعبة التي فرضتها الحرب على قطاع غزة وافتقار الأهالي إلى أبسط مقومات الحياة، فإن هذا لم يمنع الطفل حسام العطار من إضاءة خيمتهم بطرق بدائية.,1
معدل الوفيات المذهل الذي رأيناه بالفعل لا يعكس بشكل كامل الألم والبؤس البشري الذي يعانيه سكان قطاع غزة، إذ إن وفيات الحرب لا تنتج فقط عن العنف المباشر، ولا تتوقف عندما يتوقف القتال.,1
تنبأ السياسي الأميركي دينيس روس بأن تشهد إسرائيل تغييرا سياسيا كبيرا نتيجة تداعيات عملية طوفان الأقصى، مبرزا أن القضاء على حماس بعيد المنال لكونها فكرة، لكنه لفت في المقابل إلى أن نزع سلاح غزة ممكن.,1
تحدثت مراسلة CNN إيرين بورنيت حصريًا مع رئيس الوزراء الإسرائيلي الأسبق، نفتالي بينيت، عن إعلان وكالة الأمم المتحدة للإغاثة في غزة أنها ستضطر إلى تعليق أعمالها في جميع أنحاء الشرق الأوسط، وما إن كان يتفق مع رئيس الوزراء الإسرائيلي بضرورة القضاء على الأونروا، وعن البديل لهذه الوكالة.,1
أصدر الرئيس جو بايدن أمرا تنفيذيا يستهدف المستوطنين الإسرائيليين العنيفين في الضفة الغربية، الذين قال إنهم قوضوا الاستقرار في المنطقة، حسبما قال مسؤول أمريكي ومصدر مطلع لشبكة CNN.,1
يتحدث مذيع CNN جون فاوز مع الجنرال الأمريكي المتقاعد، مارك هيرتلنغ حول تصرفات الجماعات الوكيلة لإيران وحلفائها – والمشكلة التي يخلقها كل ذلك لطهران.,1
"""كشفت وزارة الداخلية المصرية، ملابسات مقطعي فيديو على موقع """"إنستغرام""""، يظهران تعدي رجل وسيدة بالضرب على طفلين مكبلي الأيدي في محافظة السويس.""",1
تحدث وزير الدفاع الأمريكي، لويد أوستن هاتفيا إلى وزير الدفاع الإسرائيلي، يوآف غالانت، الخميس، حيث قدم الوزير الإسرائيلي تعازيه في فقدان 3 جنود أمريكيين قُتلوا في هجوم بطائرة مسيرة شنه مسلحون بالوكالة لإيران في الأردن.,1
عقّبت القيادة العامة للقوات المسلحة الأردنية، على التقارير التي يتم تداولها حول إلقاء القبض على 4 إسرائيليين بعد اجتيازهم الشريط الحدودي بين البلدين.,1
تحدثت مراسلة CNN إيرين بورنيت حصريًا مع رئيس الوزراء الإسرائيلي الأسبق، نفتالي بينيت، بشأن مقطع المراقبة الذي يظهر قوات إسرائيلية متنكرة في زي طاقم طبي ومدنيين أثناء التسلل إلى مستشفى ابن سينا بالضفة الغربية في جنين بأسلحة هجومية.,1
"""يمثل تدمير سفينة حربية أمريكية لصاروخ حوثي في البحر الأحمر هذا الأسبوع أول استخدام في هذا الصراع لنظام أسلحة متقدم يطلق عليه اسم """"خط الدفاع الأخير"""" للبحرية.""",1
تقرير مراسلة CNN، جمانة كرادشة، قصة هند، الفتاة الفلسطينية التي تبلغ من العمر 6 سنوات والتي حوصرت في سيارة لعدة أيام بعد تعرض عائلتها لإطلاق نار إسرائيلي أثناء محاولتها الفرار من شمال غزة. التسجيل الصوتي من مكالمة هاتفية شاركتها جمعية الهلال الأحمر الفلسطيني يجسد خوف الطفلة ويأسها في تلك اللحظات.,1
وافق مجلس مدينة شيكاغو على قرار غير ملزم يدعو إلى وقف إطلاق النار في غزة، في خروج عن استراتيجية الرئيس الأمريكي جو بايدن بالشرق الأوسط.,1
نفى مصدر قيادي في حركة المقاومة الإسلامية (حماس) صحة الأخبار المتداولة بشأن رفض الحركة مقترحات وقف إطلاق النار.,1
في اليوم الـ121 من الحرب على غزة، واصل المقاومون الفلسطينيون التصدي للقوات الإسرائيلية، بينما جددت قوات الاحتلال غاراتها العنيفة على القطاع، وأعلن أبو عبيدة تدمير 43 آلية، وقتل 15 جنديا إسرائيليا.,1
اعترض مستوطنان طريق راهب ألماني في القدس القديمة وبصقا عليه ثم نعتاه والسيد عيسى عليه السلام بألفاظ نابية وحاولا الاعتداء عليه جسديا. الحادث ينضاف إلى 9 اعتداءات مشابهة نفذها المتطرفون في القدس.,1
قال طبيب فلسطيني إن قوات الاحتلال في قطاع غزة اقتحمت مستشفى يعمل به، واحتجزته وأساءت معاملته على مدى 45 يوما بما تضمن حرمانه من النوم وتكبيله بشكل مستمر وعصب عينيه قبل إطلاق سراحه الأسبوع الماضي.,1
أعلن أبو عبيدة الناطق باسم كتائب القسام -الجناح العسكري لحركة المقاومة الإسلامية (حماس)- تدمير 43 آلية عسكرية إسرائيلية كليا أو جزئيا، وقتل 15 جنديا إسرائيليا، وقصف تل أبيب ومحيطها برشقة صاروخية.,1
كتب عصام النبيه وهو من أهالي غزة تدوينه عبر حسابه على منصة إكس، تحكي معاناة أم وأطفالها في النزوح خلال تساقط الأمطار.,1
بثت سرايا القدس -الجناح العسكري لحركة الجهاد الإسلامي- مشاهد من رشقات صاروخية أطلقها مقاتلوها تجاه مواقع وحشود عسكرية إسرائيلية في محاور القتال بقطاع غزة.,1
أفادت”وول ستريت جورنال” بأن القصف الجوي الذي تشنه أميركا على مواقع للجماعات للمسلحة في الشرق الأوسط قد يكون أقل فعالية في تهدئة التوترات في المنطقة من اتفاق يوقف لوقف إطلاق النار بين إسرائيل وحماس.,1
قال المتحدث باسم جماعة أنصار الله (الحوثي) محمد عبد السلام  إن استمرار العدوان الأميركي البريطاني على اليمن لن يحقق للمعتدين أي هدف ولن يؤثر على قرار اليمن إظهار دعمه لقطاع غزة.,1
تكررت حوادث كشف خلايا التجسس المتهمة بعلاقتها بالموساد في تركيا، وازدادت وتيرتها في السنوات الأخيرة، في تحول واضح للعلاقة بين الاستخبارات التركية والإسرائيلية وتخوف من تأثير هذه الخلايا على أمن تركيا.,1
رصدت كاميرا الجزيرة أحوال المحاصرين في مستشفى الشفاء غربي مدينة غزة، والأوضاع المعيشية الصعبة التي يعيشونها، بعدما منعتهم قوات الاحتلال الإسرائيلي من الخروج للبحث عن الماء والغذاء.,1
تتواصل الاشتباكات الضارية بين فصائل المقاومة وقوات الاحتلال الإسرائيلي في مختلف محاور قطاع غزة، حيث تنشط 10 ألوية قتالية إسرائيلية بالقطاع نصفها في مدينة خان يونس جنوبا و3 بالمنطقة الوسطى.,1
أعلن أبو عبيدة الناطق الرسمي باسم كتائب القسام تدمير 43 آلية عسكرية، وقتل 15 جنديا إسرائيليا من نقطة الصفر، وإيقاع عشرات آخرين بين قتيل وجريح.,1
قال صحيفة هآرتس الإسرائيلية إن الاتحاد الأوروبي يدرس اتخاذ خطوات ضد المستوطنين في الضفة الغربية المحتلة,1
استهلت قناة السويس عام 2024 مسجلة تراجعًا في الإيرادات خلال شهر يناير/كانون الأول بنسبة 46% لتصل إلى 428 مليون دولار مقارنة بإيرادات قدرها 804 ملايين دولار خلال الشهر المماثل من العام الماضي,1
"""في مقابلة أجراها مع مذيعة شبكة CNN، دانا باش، تحدث مستشار الأمن القومي الأمريكي في البيت الأبيض، جيك سوليفان، حول الضربات التي شنتها أمريكا على أهداف مرتبطة بإيران في العراق وسوريا واليمن بعد مقتل 3 جنود أمريكيين قائلًا: """"هذه بداية الرد"""".""",1
اقتربت مصر من التوصل لاتفاق مع صندوق النقد الدولي، لاستكمال صرف شرائح قرض الصندوق البالغ قيمته 3 مليارات دولار، وتقديم دعم إضافي من الصندوق وغيره من شركاء التنمية لسد فجوات التمويل المتزايدة في مصر-وفقًا لبيان للصندوق,1
"""انتقد الحوثيون في اليمن، الضربات التي تنفذها الولايات المتحدة والمملكة المتحدة، محذرين من أن مثل هذا """"العدوان"""" لن يؤدي إلى أي نتائج إيجابية للدول المعنية بل """"سيزيد"""" من القضايا والمشاكل الإقليمية، وفقا لبيان نشره المتحدث باسم الحوثيين، محمد عبد السلام، عبر قناته على تلغرام الأحد.""",1
تحدث الجنرال المتقاعد مارك هيرتلينغ مع مراسل شبكة CNN، أليكس ماركوارت، وآخرين حول الهجمات التي شنتها الولايات المتحدة والمملكة المتحدة على أهداف في العراق وسوريا واليمن.,1
"""أكد رئيس الوزراء الإسرائيلي، بنيامين نتنياهو، أن حكومته لن توافق على """"كل اتفاق"""" للإفراج عن الرهائن لدى """"حماس""""، وشدد على أن الحرب لن تتوقف قبل """"القضاء"""" على الحركة المسلحة في قطاع غزة""",1
"""اعتقلت الشرطة الإسرائيلية شخصين، بينهما قاصر، ووضعتهما رهن الإقامة الجبرية بتهمة إهانة والبصق نحو """"رجل ديني"""" بالقرب من بوابة صهيون في المدينة القديمة في القدس مساء السبت، حسبما ذكرت وحدة للمتحدث باسم الشرطة الأحد.""",1
قالت وزارة الصحة الفلسطينية التي تسيطر عليها حركة حماس في القطاع، الأحد، إن الهجمات الإسرائيلية أسفرت عن مقتل ما لا يقل عن 127 شخصًا وإصابة 178 آخرين في غزة خلال الـ 24 ساعة الماضية.,1
شنت الولايات المتحدة والمملكة المتحدة ضربات على ما لا يقل عن 30 هدفًا للحوثيين في اليمن من منصات جوية وسطحية، وفقًا لمسؤولين. وقالت الولايات المتحدة إنها ضربت أيضًا أسلحة كانت الجماعة المتمردة المدعومة من إيران تستعد لإطلاقها على السفن في البحر الأحمر.,1
"""تبجّح نظام الملالي بأن الضربات الأمريكية البريطانية لم توقع أي قتيل في صفوف """"المستشارين"""" الإيرانيين الذين تمت تصفيتهم مع قادة من حزب الله وحماس بالجملة، فيما تبيّن أنه تدشين للمرحلة الرابعة في الحرب التي لا تريدها واشنطن ولا طهران ولا إسرائيل""",1
"بايدن يجازف بإشعال حرب عالمية ثالثة"""" - """,1
"""""""هل سيتمكن بايدن من ردع إيران في نهاية المطاف؟"""" - """,1
"""الضربات الأمريكية والبريطانية """"تفشل في الحدّ من هجمات الحوثيين"""" """,1
معضلة بايدن: هل ينقذ إيقاف العمليات العسكرية في الشرق الأوسط مصيره الرئاسي؟,1
ماذا يحدث على الحدود الأردنية-السورية؟,1
"""فيديو, هل يعتبر قطاع غزة """"محتلاً"""" رغم الانسحاب الإسرائيلي منه عام 2005؟""",1
يستحق الانتباه: ماذا نعرف عن مثلث حدود سوريا، الأردن، العراق  ومن يسيطر عليه؟,1
الخارجية الأمريكية تدرس خيارات اعتراف محتمل بالدولة الفلسطينية - موقع أكسيوس,1
"""هل يؤدي أي تدخل إيراني في الحرب في السودان إلى تحولها إلى """"صراع إقليمي""""؟""",1
"""نصف المباني على الأقل """"دمرت بالكامل أو تضررت"""" في غزة""",1
""" """"يستحق الانتباه"""":  كيف تبدو الحياة في الخليل بعد هجوم 7 أكتوبر/تشرين الأول؟""",1
"""""""حماس تخشى خسارة أهم أوراقها وإسرائيل لن تقبل تبييض سجونها"""".. ماذا يقال في الهدنة الجديدة؟ """,1
جروح وجوع ووحدة، هذا ما يعانيه أطفال غزة الذين تيتموا بسبب الحرب,1
من اللاعبون الأساسيون في صناعة واستخدام المسيرات بالشرق الأوسط؟,1
"""""""يستحق الانتباه"""": ما قصة 15 رهينة احتجزهم مقاتلو القسام في كيبوتس بئيري بإسرائيل؟""",1
"""فيديو, حرب غزة: ما أهمية باب المندب والبحر الأحمر في التجارة العالمية؟""",1
"""""""على بايدن أن يستهدف العملاء الإيرانيين بعد مقتل العسكريين الأمريكيين"""" – واشنطن بوست""",1
مقتل الجنود الأمريكيين يزيد الضغط على الرئيس الأمريكي جو بايدن,1
"""فيديو, حرب غزة: كيف تأثر يهود تونس بعد هجمات 7 أكتوبر؟""",1
"""فيديو, حرب غزة: ما هي قصة مدينة خان يونس في قطاع غزة؟""",1
هل يجرُ الحوثيون الولايات المتحدة وحلفاءها إلى حرب لا يمكنهم الانتصار فيها؟,1
ماذا بعد قرار محكمة العدل الدولية بشأن حرب غزة؟,1
القارب المفقود بين لبنان وقبرص: هل وقع الركاب ضحية تجارة الأعضاء؟,1
"""""""هل يمكن للمحكمة الفيدرالية أن تجد بايدن متواطئاً في الإبادة الجماعية للفلسطينيين""""",1
أعلن حزب الله اللبناني، الاثنين، أن إسرائيل قتلت ثلاثة من مقاتليه، وسط استمرار تبادل إطلاق النار عبر الحدود بين الجانبين.,1
"""أكد الرئيس الإماراتي الشيخ محمد بن زايد والعاهل الأردني الملك عبد الله الثاني، """"ضرورة العمل من أجل منع توسع الصراع في المنطقة وتجنيبها تبعات أزمات جديدة"""".""",1
وصل وزير الخارجية الأمريكي، أنتوني بلينكن، إلى المملكة العربية السعودية، الاثنين، وهي المحطة الأولى في رحلته السريعة الأخيرة إلى منطقة الشرق الأوسط، حيث يسعى إلى إحراز تقدم على صعيد عدد من الجبهات.,1
يشير تحليل للقطات الأقمار الصناعية الذي أجراه باحثون في مركز الدراسات العليا بجامعة مدينة نيويورك، وجامعة ولاية أوريغون إلى أن ما بين 50% و61% من جميع المباني في قطاع غزة قد تضررت حتى 29 يناير/ كانون الثاني 2024.,1
أشارت سلسلة مطاعم البرغر، ماكدونالدز، التي أعلنت عن نمو إجمالي مبيعاتها وأرباحها للربع الرابع، إلى أن التوترات الخارجية أثرت على مبيعاتها في المنطقة، وأن الشركة تراقب تطور الوضع.,1
قالت وكالة الأمم المتحدة لإغاثة وتشغيل اللاجئين في غزة (الأونروا)، إن إحدى شاحناتها التي كانت تنتظر لنقل المساعدات إلى شمال غزة أصيبت بنيران إسرائيلية، الاثنين.,1
"""أدان المتحدث باسم وزارة الخارجية الإيرانية، ناصر كنعاني، الاثنين، سلسلة الضربات الأمريكية على أهداف إيرانية في سوريا، خلال عطلة نهاية الأسبوع، ووصفها بأنها """"انتهاك واضح لميثاق الأمم المتحدة""""، بحسب وكالة الأنباء الإيرانية الرسمية """"إرنا"""".""",1
"""قال إسماعيل الثوابتة مدير عام المكتب الإعلامي الحكومي الذي تديره حركة حماس في غزة، الاثنين، إن القوات الإسرائيلية ليست موجودة على الأرض في رفح بغزة، محذرا من أنها ستكون """"كارثة"""" إن فعلت ذلك.""",1
"""نعى رئيس مكتب قناة """"الجزيرة"""" في قطاع غزة، وائل الدحدوح، فردا جديدا من عائلته في العام الذي وصفه بـ""""عام الحزن"""".""",1
"""مع انتشار الهجمات في جميع أنحاء الشرق الأوسط، انضم فالي نصر من جامعة جونز هوبكنز ومينا العريبي من صحيفة """"ذا ناشيونال"""" إلى مذيع CNN، فريد زكريا، للحديث عن التفاعل المُعقد بين الولايات المتحدة وإيران وإسرائيل والفلسطينيين والدول العربية.""",1
نشر موقع “إنترسبت” تقريرا سلط الضوء على الكيفية التي تتجاهل بها إسرائيل أمر محكمة العدل الدولية بمنع ومعاقبة الأعمال المؤدية للإبادة الجماعية.,1
نشرت كتائب القسام -الجناح العسكري لحركة المقاومة الإسلامية (حماس)- مشاهد من المعارك التي خاضها مقاتلوها ضد قوات الاحتلال في خان يونس جنوبي قطاع غزة.,1
دعا وزير الخارجية الفرنسي ستيفان سيجورنيه، اليوم الاثنين، إلى “وقف عنف المستوطنين” الإسرائيليين في الضفة الغربية المحتلة، في ختام لقاء مع رئيس الوزراء الإسرائيلي بنيامين نتنياهو بالقدس المحتلة.,1
عزّزت الحكومة المصرية تأمين حدودها المغلقة مع قطاع غزة بحجة منع تهجير الشعب الفلسطيني من القطاع إلى سيناء. وأظهر فيديو نشره أحد الصحفيين بغزة عمالا مصريين يُشيدون سورا إسمنتيا على الحدود مع القطاع.,1
حذر ملك الأردن عبد الله الثاني ورئيس دولة الإمارات الشيخ محمد بن زايد من تداعيات استمرار الحرب على قطاع غزة، مؤكدين على ضرورة وقف إطلاق النار وحماية المدنيين وضمان وصول المساعدات الإنسانية.,1
يرى خبراء أن الوقت المتاح من الشارع الإسرائيلي لنتنياهو -بعد 4 أشهر من حربه على غزة دون تحقيق أهدافها المعلنة- بات أقصر من أجل إعادة الأسرى، لكنه يستمر بالحرب لتأجيل صراع حتمي مع ائتلافه.,1
قال المرصد الأورومتوسطي لحقوق الإنسان إنه تلقى شهادات جديدة عن تعرض معتقلين فلسطينيين من قطاع غزة -بمن فيهم نساء وأطفال- لعمليات تعذيب قاسية، بما في ذلك التعرية والتحرش الجنسي، مطالبا بتحرك دولي عاجل.,1
وصل وزير الخارجية الأميركي أنتوني بلينكن اليوم الاثنين إلى السعودية، المحطة الأولى في جولته الجديدة بالشرق الأوسط، في جولة جديدة تهدف لضمان التوصل إلى هدنة في الحرب بين حماس وإسرائيل في قطاع غزة.,1
ركز كتاب غربيون- في مقالات وتقارير نشرتها صحف ومواقع عالمية- على عجز إسرئيل عن حسم الأمور في قطاع غزة، وقال بعضهم إن الحرب التي تقودها بلا رؤية أفقدتها الدعم الدولي وأدخلتها في عزلة عالمية.,1
أعدمت الشرطة الإسرائيلية -اليوم الاثنين- فتى فلسطينيا (14 عاما) على حاجز عسكري قرب مدخل بلدة العيزرية شرق القدس المحتلة بزعم محاولته تنفيذ عملية طعن، إذ أطلقت النار عليه وتركته ينزف حتى الموت.,1
يربط الخبير الإستراتيجي والعسكري وليام ويشسلر مدير برامج الشرق الأوسط في المجلس الأطلسي بواشنطن الرد الأميركي على ما قيل إنها “هجمات إيرانية”، بهدف طهران الإستراتيجي وبعلاقاتها مع شركائها في المنطقة.,1
انتقد مقال في موقع “إنترسبت” أسلوب الكيل بمكيالين الذي تنتهجه أميركا إزاء الصراعات الدولية، والذي تجلى بشكل واضح في تعاملها مع العدوان الإسرائيلي على قطاع غزة، والحرب الدائرة في السودان.,1
اتهمت منظمة العفو الدولية إسرائيل بممارسة موجة عاتية من العنف ضد الفلسطينيين في الضفة الغربية المحتلة وبتنفيذ عمليات قتل غير مشروع.,1
مع اكتظاظ مدينة رفح بالنازحين نتيجة استمرار القصف الإسرائيلي على منازل المدنيين، اضطرت عشرات العائلات لاتخاذ المقابر مكانا لنصب خيامها. كاميرا الجزيرة رصدت أوضاع النازحين بهذه الخيام.,1
تكشف فيديوهات عديدة ينشرها جنود الاحتلال الإسرائيلي على حساباتهم في وسائل التواصل الاجتماعي عن تفاخرهم بتدمير ممتلكات الفلسطينيين والسخرية منهم في قطاع غزة.,1
استحوذت التداعيات السياسية والإنسانية التي أفرزتها الحرب الإسرائيلية على قطاع غزة على اهتمام الصحف العالمية، وركزت في مقالاتها على المعاناة التي يعيشها السكان هناك.,1
أثار فيديو نشره الهلال الأحمر الفلسطيني يظهر طفلة ترتجف من الخوف رافضة عبور “ممر آمن” حدده جيش الاحتلال لمغادرة مستشفى الأمل في خان يونس، حالة من الحزن والصدمة بين رواد العالم الافتراضي.,1
قال الشيخ محمد بن عبد الرحمن آل ثاني رئيس الوزراء وزير الخارجية القطري اليوم الثلاثاء بمؤتمر صحفي مع نظيره الأميركي إن قطر تلقت رد حركة حماس على اتفاق الإطار الذي طرح بعد اجتماع باريس وسلمته لإسرائيل.,1
قال وزير الخارجية الإسباني خوسيه مانويل ألباريس إن مدريد تريد دولة فلسطينية قابلة للحياة تتعايش مع إسرائيل، ودعا إلى مؤتمر سلام يجمع الفلسطينيين والإسرائيليين ويفضي لإقامة دولة فلسطينية.,1
قالت مديرة شؤون الأونروا الثلاثاء إن الوكالة تتوقع صدور تقريرها بشأن الاتهامات الإسرائيلية بحق 12 موظفا لديها بحلول مارس/آذار المقبل، فيما دعت جامعة الدول العربية إلى إعادة النظر بقرار تعليق التمويل.,1
تشهد محاور عدة في قطاع غزة اشتباكات عنيفة في اليوم الـ123 من العدوان الإسرائيلي، حيث استهدفت المقاومة الفلسطينية آليات متوغلة غرب خان يونس، فيما يواصل الاحتلال ارتكاب مجازر بحق المدنيين.,1
قال خبراء ومختصون للجزيرة نت إن القانون الدولي الإنساني وضع شروطا واضحة تتعلق بالفلسطينيين، وهذه الشروط تنطبق على المقاومين منهم، وتحديدا المجموعات المسلحة.,1
الجزيرة نت ترصد استهداف الأونروا في مدينة القدس منذ اعتراف الولايات المتحدة بالمدينة عاصمة لإسرائيل عام 2017، والتأثير المحتمل لإنهاء وجودها فيها.,1
استشهد شاب برصاص الاحتلال اليوم الثلاثاء عند مدخل نابلس في الضفة الغربية بزعم محاولته تنفيذ عملية، فيما وقعت اشتباكات بين مقاومين والجيش الإسرائيلي بجنين، وهدم الاحتلال منزلا في أريحا.,1
أعاق مئات المتظاهرين الإسرائيليين حركة شاحنات محملة بالبضائع كانت متجهة إلى قطاع غزة عند معبر كرم أبو سالم رغم إعلان المكان منطقة عسكرية مغلقة من قبل قائد المنطقة الجنوبية في الجيش الإسرائيلي.,1
أعلنت وزارة الصحة الفلسطينية في غزة ارتفاع حصيلة ضحايا الحرب الإسرائيلية على القطاع إلى 27 ألفا و585 شهيدا و66 ألفا و978 مصابا منذ بدء الحرب.,1
قالت “هيومن رايتس ووتش” إن السلطات الأردنية اعتقلت وضايقت عشرات الأردنيين الذين شاركوا في احتجاجات مؤيدة لفلسطين في جميع أنحاء البلاد أو شاركوا في المناصرة عبر الإنترنت منذ أكتوبر/تشرين الأول 2023.,1
بينما تحظى غزة بالجانب الأكبر من فعاليات أسبوع القدس العالمي، حذر مختص في شؤون القدس من نشوب معركة جديدة في المسجد الأقصى خلال شهر رمضان.,1
"قال وزير الخارجية الأمريكي أنتوني بلينكن، إن ولي العهد السعودي محمد بن سلمان أكد له أن المملكة العربية السعودية لا يزال لديها """"اهتمام قوي"""" بتطبيع العلاقات مع إسرائيل، لكنه أوضح أن الحرب في غزة يجب أن تنتهي ويجب أن يكون هناك """"تسوية واضحة وذات مصداقية ومسار محدد زمنيًا لإقامة دولة فلسطينية""""، حسبما قال كبير الدبلوماسيين الأمريكيين، الثلاثاء.""",1
"""قدمت حركة حماس، الثلاثاء، ردًا """"إيجابيًا"""" إلى قطر ومصر، على اتفاق الإطار بشأن صفقة الرهائن، لكنها قدمت تفاصيل قليلة في بيان قصير.""",1
"""قال الرئيس التركي رجب طيب أردوغان إن تركيا ستواصل القتال ضد كافة """"الجماعات الإرهابية""""، في تعليقه على هجوم على محكمة في إسطنبول من قبل أعضاء جماعة ماركسية مسلحة، الثلاثاء.""",1
قال الجيش الإسرائيلي وصحفيون فلسطينيون في غزة، إن هناك إطلاقًا كثيفًا للنيران وغارات متواصلة في أجزاء متعددة من القطاع منذ الاثنين.,1
أظهرت مقاطع فيديو من معبر كرم أبو سالم بين جنوب إسرائيل وغزة، الثلاثاء، تعطيلا جديدا لتوصيل شحنات المساعدات الإنسانية إلى القطاع.,1
مع استمرار الغارات الجوية الإسرائيلية، يضطر الناجون الفلسطينيون إلى التنقّل بحثًا عن الأمان. كانت رفح في الجنوب تعتبر منطقة آمنة، ولكنها أصبحت الآن مهددة أيضًا. تقرير مراسلة CNN، ندى بشير، يسلط الضوء على التفاصيل.,1
وصل وزير الخارجية الأمريكي، أنتوني بلينكن إلى مصر، الثلاثاء، حيث اجتمع مع الرئيس المصري، عبدالفتاح السيسي، وفقا لما ذكره كل من الوفد الذي يسافر مع الوزير الأمريكي، والمتحدث باسم الرئاسة المصرية.,1
"""قال السفير الصيني لدى الأمم المتحدة، تشانغ جون، الاثنين، إن التصرفات الأمريكية في سوريا والعراق """"تثير اضطرابات إقليمية جديدة"""".""",1
"""أعلن الأمن العام السعودي أن الفيديو المتداول لمشاجرة مسن مع شخصين في محطة وقود وقع منذ عامين، وذلك بعد تداول الفيديو بشكل واسع على """"إكس"""".""",1
"""انتقد النائب البرلماني المصري، مصطفى بكري ما أسماه """"الحملات ضد أهل سيناء""""، وضد رموزهم الوطنية والقبلية ومنهم إبراهيم العرجاني، موضحا أن هدفها الانتقام من دورهم ولوقوفهم مع قوات الجيش والشرطة المصرية في محاربة الإرهاب، مما أثار تفاعلا.""",1
من هم الجنود الإسرائيليون الذين ظهروا في مقطع فيديو يحتفون بتدمير مبنى في غزة؟,1
كأس آسيا: الأردن إلى الدور النهائي لأول مرة في تاريخه بعد تغلبه على كوريا الجنوبية,1
لماذا أعادت السعودية علاقاتها بشكل كامل مع سوريا؟,1
الحوثيون .. من هم؟ وماذا يريدون؟,1
"""""""بايدن يجازف بإشعال حرب عالمية ثالثة"""" - نيويورك بوست""",1
"""""""هل سيتمكن بايدن من ردع إيران في نهاية المطاف؟"""" - وول ستريت جورنال""",1
"""الضربات الأمريكية والبريطانية """"تفشل في الحدّ من هجمات الحوثيين"""" """,1
معضلة بايدن: هل ينقذ إيقاف العمليات العسكرية في الشرق الأوسط مصيره الرئاسي؟,1
ماذا يحدث على الحدود الأردنية-السورية؟,1
"""فيديو, هل يعتبر قطاع غزة """"محتلاً"""" رغم الانسحاب الإسرائيلي منه عام 2005""",1
يستحق الانتباه: ماذا نعرف عن مثلث حدود سوريا، الأردن، العراق  ومن يسيطر عليه؟,1
الخارجية الأمريكية تدرس خيارات اعتراف محتمل بالدولة الفلسطينية - موقع أكسيوس,1
"""هل يؤدي أي تدخل إيراني في الحرب في السودان إلى تحولها إلى """"صراع إقليمي""""؟""",1
"""نصف المباني على الأقل """"دمرت بالكامل أو تضررت"""" في غزة""",1
""" """"يستحق الانتباه"""":  كيف تبدو الحياة في الخليل بعد هجوم 7 أكتوبر/تشرين الأول؟""",1
"""""""حماس تخشى خسارة أهم أوراقها وإسرائيل لن تقبل تبييض سجونها"""".. ماذا يقال في الهدنة الجديدة؟ """,1
جروح وجوع ووحدة، هذا ما يعانيه أطفال غزة الذين تيتموا بسبب الحرب,1
من اللاعبون الأساسيون في صناعة واستخدام المسيرات بالشرق الأوسط؟,1
"""""""يستحق الانتباه"""": ما قصة 15 رهينة احتجزهم مقاتلو القسام في كيبوتس بئيري بإسرائيل؟""",1
"""فيديو, حرب غزة: ما أهمية باب المندب والبحر الأحمر في التجارة العالمية؟""",1
"""""""على بايدن أن يستهدف العملاء الإيرانيين بعد مقتل العسكريين الأمريكيين"""" – واشنطن بوست""",1
مقتل الجنود الأمريكيين يزيد الضغط على الرئيس الأمريكي جو بايدن,1
"""فيديو, حرب غزة: كيف تأثر يهود تونس بعد هجمات 7 أكتوبر؟""",1
في ظل استمرار الحرب والحصار، الشتاء يضاعف معاناة نازحي غزة ويهدد خيمهم المؤقتة,1
"""فيديو, انتظرته والدته لعام وشهرين ووصل إليها جثة هامدة, المدة 2,21""",1
"""إسرائيل ترتكب """"مجزرة مروعة"""" في بيروت بعد أربع غارات على الضاحية الجنوبية، وحزب الله يستهدف """"كريات شمونة"""" بالصواريخ""",1
نتنياهو وغالانت والضيف: ماذا نعرف عن الشخصيات الثلاثة المطلوبة من قبل المحكمة الجنائية الدولية؟,1
كيف ستؤثر مذكرات الاعتقال بحق نتنياهو وغالانت على حرب غزة ولبنان؟,1
"""""""أخبرتني والدتي أنها عاشت ما يكفي، والآن جاء دوري لأعيش""""""",1
بين ترحيب وإدانات، ردود فعل واسعة حول إصدار الجنائية الدولية مذكرات اعتقال بحق نتنياهو وغالانت والضيف,1
"""مذكرات الجنائية الدولية: """"حضيض أخلاقي لإسرائيل"""" – هآرتس""",1
"""""""نظام نتنياهو الجديد يحوّل الإسرائيليين إلى لاجئين في بلدهم"""" - هآرتس""",1
"""عشرات القتلى في قصف إسرائيلي """"عنيف"""" على شمال غزة، ووزير الدفاع الإسرائيلي السابق يحذر من """"حكم عسكري"""" في القطاع""",1
الكوفية الفلسطينية: حكاية رمز، وتاريخ شعب,1
مقتل 66 شخصا على الأقل وإصابة 100 آخرين في قصف إسرائيلي لمربع سكني شمال قطاع غزة,1
حرب غزة تقضي على آمال حاملي المنح الدراسية,1
عقوبات أمريكية جديدة ضد ستة قادة من حماس، فماذا نعرف عنهم؟,1
المساعدات إلى غزة: سرقات واحتكار واتهامات لإسرائيل وحماس,1
الكرملين: أوكرانيا أطلقت صواريخ أمريكية بعيدة المدى على روسيا لأول مرة,1
بعد تحذيرات منظمات دولية: كيف يقاسي سكان غزة الجوع وبرد الشتاء؟,1
مجلس الشيوخ الأمريكي يصوت على تشريع قد يحظر بعض مبيعات الأسلحة لإسرائيل بسبب حرب غزة,1
"""""""فوز ترامب يُعد نافذة تاريخية للتطبيع مع السعودية""""- إسرائيل هيوم""",1
"""قصف """"عنيف"""" يطال مستشفى كمال عدوان شمالي قطاع غزة، وعملية أمنية ضد """"لصوص المساعدات"""" تودي بحياة العشرات """,1
"""مقتل ضابط وجندي إسرائيليين في معارك شمال غزة، والبابا يتطرق للمرة الأولى إلى اتهامات بـ""""الإبادة الجماعية"""" في غزة""",1
هل تشير اختيارات ترامب إلى سياساته المستقبلية في الشرق الأوسط؟,1
غارتان إسرائيليتان على العاصمة بيروت، وحزب الله يؤكد مقتل المتحدث باسمه محمد عفيف,1
"""""""أوروبا أصبحت أرضاً معادية للإسرائيليين"""" – يديعوت أحرونوت""",1
"""فيديو, حرب غزة: ما هي قصة مدينة خان يونس في قطاع غزة؟""",1
في اليوم الـ126 من العدوان الإسرائيلي على قطاع غزة ارتكب جيش الاحتلال 13 مجزرة راح ضحيتها 107 شهداء إضافة إلى 142 مصابا، ليرتفع عدد الشهداء منذ السابع من أكتوبر/تشرين الأول الماضي إلى 27 ألفا و947.,1
حذر المكتب الإعلامي الحكومي في قطاع غزة من تصاعد المجاعة في محافظة شمال غزة بعد نفاد كميات الطحين والأرز والطعام والغذاء وكذلك نفاد حبوب وأعلاف الحيوانات التي كان يأكلها المواطنون شمال القطاع.,1
يتفق خبراء ومحللون سياسيون تحدثوا لبرنامج “غزة.. ماذا بعد؟”؛ على أن التصريحات التي أدلى بها الرئيس الأميركي جو بايدن بخصوص إسرائيل لا تمثل تحولا إستراتيجيا في موقف الإدارة الأميركية من إسرائيل.,1
قال قيادي في حركة المقاومة الإسلامية (حماس) للجزيرة إن الحركة بحثت موقفها من اتفاق وقف إطلاق النار مع الوسطاء بالقاهرة وإنها في انتظار الرد الإسرائيلي.,1
قال قيادي في حركة المقاومة الإسلامية (حماس) للجزيرة إن الحركة بحثت موقفها من اتفاق وقف إطلاق النار مع الوسطاء بالقاهرة وإنها في انتظار الرد الإسرائيلي.,1
اتسع العجز المالي الإسرائيلي، ليصل إلى 4.8% من الناتج المحلي الإجمالي في نهاية يناير/كانون الثاني الماضي، مما يمثل زيادة بنسبة 0.6% مقارنة بالشهر الذي قبله.,1
أدى نحو 25 ألفا صلاة الجمعة في المسجد الأقصى، وهو العدد الأعلى منذ 7 أكتوبر، حيث شدد الاحتلال إجراءاته على أبواب المسجد ومحيط البلدة القديمة للقدس.,1
تواصل قوات الاحتلال الإسرائيلي فرض حصارها على مستشفى الأمل في مدينة خان يونس (جنوبي قطاع غزة) لأكثر من أسبوعين، مما أدى إلى إغلاق جميع الطرق المؤدية إلى المستشفى وتعميق الأزمة الحادة في الداخل.,1
أفاد مراسل الجزيرة بأن طائرات الاحتلال شنت غارات استهدفت شرق مخيم جباليا شمالي مدينة غزة ومنطقة ثانية شرقي المدينة، في وقت يتصاعد فيه الحديث إسرائيليا عن عملية عسكرية محتملة بمنطقة رفح.,1
استخدمت صحيفة هآرتس الإسرائيلية صورا جوية قبل الحرب المتواصلة على قطاع غزة وبعدها، للدلالة على حجم الدمار الهائل الذي أحدثه الجيش الإسرائيلي، واصفة المشاهد بأنها أشبه بما بعد القنبلة الذرية.,1
بعد فشل حكومة نتنياهو في تحقيق أهداف العدوان على غزة، وعلى رأسها القضاء على حماس، أُعلن عن خطة لوزير الأمن يوآف غالانت لعلّها تنجز ما عجز نتنياهو عن تحقيقه.,1
تظاهر الآلاف في مدن عربية عدة دعما لغزة في ظل الحرب التي يشنها الاحتلال الإسرائيلي، منذ أكثر من 4 أشهر، على هذا القطاع المحاصر.,1
قال رئيس الوزراء الإسرائيلي بنيامين نتنياهو إنه أمر الجيش بتطوير خطة مزدوجة لإجلاء المدنيين من رفح وسحق ما تبقى من كتائب حركة حماس”.,1
أفاد مراسل الجزيرة بأن قوات الاحتلال الإسرائيلي اعتدت اليوم بالضرب على شبان فلسطينيين عند باب الأسباط في القدس المحتلة قبيل صلاة الجمعة.,1
"وجه رجل الأعمال المصري نجيب ساويرس، رسالة حول حل المشكلات الاقتصادية بـ""""الإجراءات البوليسية"""" محذرا من أن ذلك سيؤدي إلى """"تطفيش"""" المستثمرين.""",1
"""أدانت السلطة الفلسطينية التصريحات التي صدرت عن مكتب رئيس الوزراء الإسرائيلي، بنيامين نتنياهو، والتي أعلن من خلالها أنه أمر بوضع """"خطة مزدوجة"""" لإخلاء رفح من المدنيين و""""القضاء"""" على حماس، واصفة الخطوة بأنها """"مقدمة خطيرة لتهجير الشعب الفلسطيني""""""",1
"""قال مكتب رئيس الوزراء الإسرائيلي بنيامين نتنياهو، في بيان، الجمعة، إنه أمر الجيش بالتخطيط """"لإخلاء"""" رفح من المدنيين و""""القضاء"""" على حماس، في المدينة الواقعة جنوب قطاع غزة، على الحدود مع مصر.""",1
قالت الرئاسة المصرية، في بيان، الجمعة، إن القصف الإسرائيلي على معبر رفح الحدودي كان السبب في عدم تسليم المساعدات في البداية إلى غزة.,1
"""لم تعد حسابات المرشد الإيراني علي خامنئي على """"فيسبوك"""" و""""إنستغرام"""" موجودة، إذ أكدت شركة """"ميتا""""، الشركة الأم للتطبيقين، تعطيل حساباته، مما يعني أنها أُزيلت بشكل دائم.""",1
قال رئيس الوزراء الإسرائيلي بنيامين نتنياهو إن جنود الجيش الإسرائيلي سيحولون تركيز هجومهم قريبا نحو رفح، وهي مدينة قريبة من الحدود الجنوبية مع مصر حيث فر أكثر من نصف سكان غزة البالغ عددهم 2.2 مليون نسمة. مراسلة CNN كاتي بولغاس تتابع صور الأقمار الصناعية، التي ساعدت على إظهار حجم الوضع على الأرض من مخيمات اللاجئين المدمرة في خانيونس إلى الأعداد المتزايدة من النازحين في رفح.,1
حذر الأمين العام للمجلس النرويجي للاجئين، يان إيغلاند، في مقابلة مع مذيعة CNN، باولا نيوتن، مما قد تفعله إسرائيل في رفح المكتظة بالفلسطينيين، مستشهدًا بما حدث في خان يونس ومدينة غزة وغيرها من المدن الأخرى.,1
تسببت الهجمات على سفن الحاويات في البحر الأحمر في إحداث خسائر كبيرة على أحد أهم طرق التجارة في العالم منذ أسابيع، وكانت شركة الشحن العملاقة ميرسك قد حذرت، الخميس، من أن التعطيل قد يستمر لمدة عام.,1
عقد وزير الخارجية السعودي، الأمير فيصل بن فرحان، الخميس، اجتماعا عربيا سداسيا في العاصمة السعودية، الرياض، لبحث تطورات الحرب في غزة.,1
تحدث الأمين العام للمجلس النرويجي للاجئين، يان إيغلاند، مع مذيعة CNN، باولا نيوتن، لمناقشة الوضع الإنساني المتردي في قطاع غزة.,1
معية الفلكية بجدة، أن الحسابات الفلكية تُشير إلى أن غدا، الأحد، سيكون بداية شهر شعبان، حيث يصل القمر منزلة الاقتران صباح السبت 29 رجب 1445 هجرية الموافق 10 فبراير/ شباط 2024.,1
"""خلال مقابلة أجراها مع شبكة CNN، قال هشام مهنا، المتحدث باسم اللجنة الدولية للصليب الأحمر في قطاع غزة إن """"سير الأعمال العدائية وأثرها في المناطق المكتظة بالسكان والتي يوجد فيها مدنيون دون وجود ضمانات كافية للحياة البشرية يمكن أن يكون كارثيًا"""". مضيفًا أن """"محافظة رفح تمثل 20% من إجمالي مساحة قطاع غزة ويسكنها أكثر من 1.5 مليون نازح منفصلين عن الخدمات الأساسية مثل خدمات المياه والصرف الصحي ويعيشون في خيام عشوائية أو خيام مؤقتة"""".""",1
بعد مرور أربعة أشهر على الحرب، وفي ظل الشكوك التي تحيط بالتوصل إلى اتفاق جديد لإعادة الرهائن الإسرائيليين من غزة، بدأت هذه الانقسامات في الظهور من جديد، وأصبح الإسرائيليون على استعداد متزايد للتعبير عن آرائهم.,1
"""تحدثت ندى بشير، مراسلة شبكة CNN، عن رد فعل سكان رفح على دعوة رئيس الوزراء الإسرائيلي بنيامين نتنياهو إلى """"إجلاء السكان"""" لأكثر من مليون فلسطيني من مدينة غزة الجنوبية.""",1
وجه رئيس الوزراء الإسرائيلي، بنيامين نتنياهو، الجيش بالتخطيط لإجلاء أكثر من 1.3 مليون شخص، بحسب تقديرات الأمم المتحدة، في مدينة رفح جنوب قطاع غزة.,1
بحسب بيان صادر عن مكتب رئيس الوزراء الإسرائيلي، بنيامين نتنياهو، فإنه يوجه الجيش لوضع خطط لإجلاء سكان رفح. ويناقش نيك روبرتسون مراسل CNN ومذيعة الشبكة بيكي أندرسون هذا الخبر.,1
تناول رئيس وزراء قطر الأسبق، الشيخ حمد بن جاسم، موضع مؤسسة داخل بلاده عاصر نشأتها لافتاه إلى أنها حوربت في بداياتها وأثبتت لاحقا نجاحها.,1
ألغى رئيس الكنيست الإسرائيلي (البرلمان) أمير أوحانا اجتماعا كان مقررا مع الأمين العام للأمم المتحدة أنطونيو غوتيريش، الجمعة، بسبب بيان أصدره غوتيريش، الخميس، دعا فيه إلى وقف إطلاق النار في غزة.,1
قالت مصادر، لشبكة CNN، الجمعة، إنه من المتوقع أن يزور مدير وكالة الاستخبارات المركزية الأمريكية (CIA) ويليام بيرنز العاصمة المصرية القاهرة لحضور اجتماع يعقد الثلاثاء، بشأن المفاوضات المتعلقة بالرهائن المحتجزين في غزة .,1
"""أعلنت السلطات السورية، السبت """"وقوع بعض الخسائر المادية جراء عدوان بالصواريخ استهدف عددا من النقاط في ريف دمشق""""، متهمة إسرائيل بالوقوف وراء الهجوم، التي نادرا ما تقر بهجمات على سوريا.""",1
يشمل برنامج وكالة “بيت مال القدس الشريف” توزيع مواد غذائية أساسية وكسوة العيد للأيتام وفعاليات رمضانية في مدينة القدس المحتلة.,1
أعلنت محكمة العدل الدولية الجمعة أن 52 دولة و3 منظمات دولية ستدلي برأيها خلال جلسات استماع علنية تعقد خلال الشهر الجاري، بشأن العواقب القانونية للممارسات الإسرائيلية بالأراضي الفلسطينية المحتلة.,1
كشف موقع “ميدل إيست آي” البريطاني محاولة جهاز المخابرات الداخلية البريطاني “إم آي 5” (MI5) تجنيد رجل بريطاني فلسطيني مقابل مساعدة أسرته على الخروج من قطاع غزة.,1
أثارت مذكرة الأمن القومي التي أصدرها الرئيس الأميركي جو بايدن، انتقادات فورية من قادة عدد من أقوى منظمات اليهود في الولايات المتحدة.,1
نشرت مجلة “فورين أفيرز” الأميركية مقالا طويلا يتناول تأثير حرب غزة على العالمين الإسلامي والعربي، قائلا إن هذه الحرب خلقت جبهة إسلامية جديدة ربما تكون هي التحدي الأكبر الذي يواجه أميركا.,1
رصدت الجزيرة مشكلة مياه الصرف الصحي في مخيم للنازحين في منطقة تل السلطان في رفح، جنوبي غزة، حيث تنتشر روائح كريهة بسبب مياه الصرف الصحي التي تخرج من مجاريها لتنتشر بين خيم النازحين.,1
عثر على جثمان الطفلة الفلسطينية هند رجب والمسعفين اللذين خرجا لإنقاذها بعد 12 يوما من فقدان الاتصال بهم، حيث كانت دبابات الاحتلال تحاصر المركبة التي كانت تستقلها مع أقرباء لها.,1
واصلت قوات الاحتلال لليوم الـ 20 على التوالي حصارها لمستشفى ناصر الذي يؤوي نازحين بخان يونس جنوبي قطاع غزة، مع إطلاق قناصته الرصاص أمام بوابة المجمع، كما استهدف الطيران الإسرائيلي منازل مأهولة برفح.,1
خضع حمزة أبو حليمة لتحقيق قاسٍ نحو 4 ساعات قبل أن تفرج عنه قوات الاحتلال، وقال قريبه إن “الجندي الإسرائيلي غبي” لأن صورته “ستظل خالدة في الذاكرة”.,1
استشهد شاب فلسطيني برصاص قوات الجيش الإسرائيلي في الضفة الغربية، في الوقت الذي تتواصل فيه اقتحامات جيش الاحتلال لقرى وبلدات الضفة.,1
نقلت هيئة البث الإسرائيلية الجمعة عن مصادر تأكيدها أن الولايات المتحدة تستعد لفرض عقوبات على جنود في الجيش الإسرائيلي يعملون بالضفة الغربية بسبب عدم إنفاذ القانون ضد عنف المستوطنين بحق الفلسطينيين.,1
أفادت صحيفة نيويورك تايمز بأن مسؤولين في الاستخبارات الأميركية أبلغوا الكونغرس هذا الأسبوع أن إسرائيل أضعفت القدرات القتالية لحركة المقاومة الإسلامية (حماس)، لكنها لم تقترب من القضاء على الحركة.,1
تواصل القصف الإسرائيلي على قطاع غزة، مما أسفر عن عشرات الشهداء والجرحى وسط القطاع وجنوبه وفي منطقة رفح، التي صدّق جيش الاحتلال الإسرائيلي على تنفيذ عملية عسكرية فيها.,1
قال مصدر قيادي بحركة المقاومة الإسلامية (حماس) للجزيرة إن الحركة بحثت موقفها من اتفاق وقف إطلاق النار مع الوسطاء بالقاهرة، وإنها تنتظر الرد الإسرائيلي.,1
ركز محللون سياسيون وعسكريون إسرائيليون في نقاشاتهم على القنوات الإخبارية على الضغوط الأميركية والإقليمية لمنع القيام بعملية عسكرية في رفح جنوب قطاع غزة خلال شهر رمضان المقبل.,1
يعيش سكان المناطق الشمالية من قطاع غزة أوضاعا معيشية بالغة السوء، مع تردي أوضاع المستشفيات والمراكز الصحية بسبب القصف الإسرائيلي، وتفاقم معاناة الكوادر الطبية لانعدام المستلزمات الطبية.,1
تعرض مخيم البريج جنوب مدينة غزة لدمار كبير أثناء توغل قوات الاحتلال فيه، وقد رصدت الجزيرة حجم الدمار الذي خلفه جيش الاحتلال في شمال شرق المخيم. التفاصيل في هذا التقرير.,1
قوات كبيرة من جيش الاحتلال الإسرائيلي دهمت بلدة الرام شمالي مدينة القدس المحتلة، فجرا، وتواصل عمليات الاعتقال والمداهمة والتفتيش.,1
أظهرت مشاهد بثتها قناة الجزيرة لحظة وصول عدد من الشهداء والجرحى، بينهم أطفال، إلى المستشفى الكويتي في رفح والمستشفى الأوروبي في خان يونس، إثر الغارات التي نفذها جيش الاحتلال الإسرائيلي على رفح.,1
يرى الخبير العسكري والإستراتيجي اللواء فايز الدويري أن الاحتلال الإسرائيلي بدأ التصعيد بمحافظة رفح جنوب قطاع غزة، لكن العملية العسكرية التي يتحدث عنها لم تبدأ بعد، مؤكدا أن الرئيس الأميركي وافق عليها.,1
ضمن الحراك التضامني المستمر مع قطاع غزة، شهدت العاصمة المغربية الرباط مسيرة شعبية شارك فيها آلاف المغاربة قدموا من كل المدن لتأكيد دعمهم لغزة والقضية الفلسطينية والمقاومة بوجه الاحتلال.,1
قالت إيكونوميست إن انتخابات إندونيسيا المقبلة ستكون أكثر أهمية مما يدركه العالم، لأن هذا البلد يمتلك جميع المقومات ليكون واحدا من أكثر البلدان نفوذا في آسيا، لكن رئيسه ويدودو تمسك طويلا بعدم الانحياز.,1
قال الجنرال المتقاعد إسحاق بريك إن مصر تبني طرقا سريعة تؤدي إلى سيناء منذ سنوات، وإسرائيل هي الهدف، وذلك في حديث لبرنامج “إف إم 103” (103 FM) عن سير القتال بقطاع غزة وإضعاف حماس.,1
استشهد قرابة 100 فلسطيني وأصيب العشرات، معظمهم نساء وأطفال، بقصف إسرائيلي على رفح جنوب قطاع غزة، واعتبرت حماس الهجوم استمرارا لحرب الإبادة الجماعية ضد الشعب الفلسطيني، ودعت لتحرك دولي عاجل.,1
أكد الدويري أن الموقفين المصري والأميركي مهمان لكبح جماح الحكومة الإسرائيلية، “فالقاهرة لديها حدود مع قطاع غزة وما يحدث يمس الكرامة والسيادة المصرية، بينما تتولى واشنطن تزويد تل أبيب بجسر عسكري”.,1
كشف تقرير جديد أن عدد المستوطنين الإسرائيليين في الضفة الغربية المحتلة ارتفع بنسبة 3% تقريبا في العام الماضي، وتوقع “نموا متسارعا” لأعداد المستوطنين في الضفة خلال السنوات المقبلة.,1
مع مرور أكثر من 125 يوما على بدء الحرب في غزة، تتصاعد الانتقادات داخل إسرائيل من طرف المستوطنين النازحين تجاه أداء أجهزة الحكومة، وفي مقدمتها ما يعرف بقيادة الجبهة الداخلية.,1
أعلن جيش الاحتلال الإسرائيلي تحرير أسيرين إسرائيليين لدى المقاومة الفلسطينية في رفح -جنوب القطاع- بعملية عسكرية ليلية، تزامنت مع قصف عنيف على المدينة أسفر عن استشهاد 63 فلسطينيا وإصابة عشرات آخرين.,1
عمليات تفتيش مطولة، رفض المساعدات الإنسانية، وتساقط القنابل الإسرائيلية. هذه هي بعض العقبات التي تحول دون وصول الإغاثة إلى 2.2 مليون فلسطيني في غزة التي مزقتها الحرب.,1
قال المتحدث باسم الجيش الإسرائيلي، دانيال هاغاري للصحفيين، الاثنين، إن القوات الإسرائيلية نسقت عملية برية وجوية خاطفة على ما قالت إنها أهداف تابعة لحماس في رفح لضمان إطلاق سراح الرهينتين.,1
"""قال المتحدث باسم جماعة الحوثي في اليمن العميد يحيى سريع في بيان، الاثنين، على منصة """"إكس""""، تويتر سابقا، إن المسلحين الحوثيين استهدفوا ناقلة بضائع بـ""""صواريخ بحرية"""" مناسبة في البحر الأحمر.""",1
"""اجتمع رئيس السلطة الفلسطينية محمود عباس محمود عباس، الاثنين، في الدوحة، مع أمير قطر، الشيخ تميم بن حمد آل ثاني، لبحث تطورات حرب غزة، حسبما أفادت وكالة """"وفا"""" الفلسطينية الرسمية للأنباء.""",1
"""روى الطبيب الأردني الشاب، محمد عمرو، """"أهوال"""" رحلة تطوّعه الإنسانية في قطاع غزة  لموقع CNN بالعربية على مدار نحو أسبوعين، برفقة فريق طبي من مختلف أنحاء العالم ضم نحو 21 طبيبا وطبيبة من مختلف التخصصات بينهم 6 من الأطباء الأردنيين، أجروا خلالها عشرات العمليات الجراحية بأدوات ومستلزمات طبية بسيطة.""",1
نعى الرئيس الإماراتي، الشيخ محمد بن زايد، الاثنين، الجنود الإماراتيين الذين قتلوا، الأحد، في هجوم إرهابي بالصومال، مؤكدا أن تضحيات شهداء بلاده لن تُنسى، وسط تفاعل.,1
قال الجيش الإسرائيلي إنه تم تحرير رهينتين من مدينة رفح في جنوب قطاع غزة في عملية خاصة خلال الليل، وهما الآن في منشأة طبية في إسرائيل، حيث ذكر أنهما في حالة جيدة.,1
"""أدانت حركة حماس ما أسمته """"المذبحة المروعة"""" التي ارتكبتها إسرائيل ضد المدنيين في رفح، الاثنين، بعد أن شن الجيش الإسرائيلي غارات جوية بالقرب من المدينة.""",1
"""أكد النائب في البرلمان المصري، مصطفى بكري، أن جيش بلاده في """"حالة استنفار"""" بعد بدء العمليات العسكرية الإسرائيلية في مدينة رفح، جنوبي قطاع غزة، خلال ساعات الليل.""",1
"""مع توغل الجيش الإسرائيلي بشكل أعمق في جنوب قطاع غزة قال رئيس أركان الجيش الإسرائيلي، هيرتزي هاليفي """"قواتنا تطوق الآن منطقة خانيونس جنوب قطاع غزة"""" مضيفًا: """"لقد قمنا بالسيطرة على العديد من معاقل حماس في شمال قطاع غزة، والآن نعمل ضد معاقلها في الجنوب""""، وأظهرت صور أقمار صناعية حصلت عليها CNN عشرات المركبات المدرعة الإسرائيلية على مشارف مدينة خانيونس.""",1
طلبت الولايات المتحدة من الحكومة الإسرائيلية التحقيق في وفاة الطفلة الفلسطينية هند رجب (5 سنوات)، حسبما قال المتحدث باسم وزارة الخارجية الأمريكية ماثيو ميلر، الاثنين.,1
ردت وزارة الخارجية المصرية على تصريحات وزير المالية الإسرائيلي، الذي قال إن مصر تتحمل مسؤولية كبيرة عما حدث في هجوم 7 أكتوبر/ تشرين الأوّل.,1
يشعر الرئيس الأمريكي جو بايدن بالإحباط المتزايد خلف الكواليس تجاه بنيامين نتنياهو، حيث أخبر مستشاريه وآخرين أن رئيس الوزراء الإسرائيلي يتجاهل نصيحته ويعرقل الجهود المبذولة للتخفيف من الأزمة الإنسانية في غزة، وفقًا لما قاله أشخاص مطلعون على الأمر لشبكة CNN.,1
"""عزّزت مصر التحصينات على طول حدودها مع غزة ونشرت المزيد من القوات والآليات في شمال سيناء """"كإجراء احترازي"""" قبل العملية البرية الإسرائيلية المتوقعة في رفح بغزة، حسبما قال مسؤولان أمنيان لشبكة CNN.""",1
"""أعلنت المملكة المتحدة، الاثنين، فرض عقوبات جديدة على أربعة """"مستوطنين إسرائيليين متطرفين""""، قائلة إن المستوطنين ارتكبوا انتهاكات لحقوق الإنسان في الضفة الغربية ضد المجتمعات الفلسطينية.""",1
"""روى الطبيب الأردني الشاب، محمد عمرو، """"أهوال"""" رحلة تطوّعه الإنسانية في قطاع غزة  لموقع CNN بالعربية على مدار نحو أسبوعين، برفقة فريق طبي من مختلف أنحاء العالم ضم نحو 21 طبيبا وطبيبة من مختلف التخصصات بينهم 6 من الأطباء الأردنيين، أجروا خلالها عشرات العمليات الجراحية بأدوات ومستلزمات طبية بسيطة.""",1
"""قضت محكمة هولندية، الاثنين، بأنه يجب على هولندا وقف تصدير أجزاء من طائرات F-35 المقاتلة إلى إسرائيل، بسبب ما وصفته بـ""""الهجمات"""" الإسرائيلية على قطاع غزة.""",1
عمليات تفتيش مطولة، رفض المساعدات الإنسانية، وتساقط القنابل الإسرائيلية. هذه هي بعض العقبات التي تحول دون وصول الإغاثة إلى 2.2 مليون فلسطيني في غزة التي مزقتها الحرب.,1
قال المتحدث باسم الجيش الإسرائيلي، دانيال هاغاري للصحفيين، الاثنين، إن القوات الإسرائيلية نسقت عملية برية وجوية خاطفة على ما قالت إنها أهداف تابعة لحماس في رفح لضمان إطلاق سراح الرهينتين.,1
"""قال المتحدث باسم جماعة الحوثي في اليمن العميد يحيى سريع في بيان، الاثنين، على منصة """"إكس""""، تويتر سابقا، إن المسلحين الحوثيين استهدفوا ناقلة بضائع بـ""""صواريخ بحرية"""" مناسبة في البحر الأحمر.""",1
في اليوم الـ 130 من الحرب الإسرائيلية على قطاع غزة، أعلنت كتائب القسام قتل 10 جنود اسرائيليين من المسافة صفر، وقالت سرايا القدس إنها نصبت كمينا لقوة إسرائيلية، وأوقعت أفرادها بين قتيل وجريح.,1
في اليوم الـ129 من الحرب الإسرائيلية على قطاع غزة، أعلنت القسام قتل 10 جنود إسرائيليين من المسافة صفر، وقالت سرايا القدس إنها نصبت كمينا لقوة إسرائيلية، في حين اعترفت إسرائيل بمقتل قائد كتيبة.,1
حذرت صحيفة نيزافيسيمايا الروسية من أن توسيع إسرائيل منطقة عملياتها لتشمل رفح جنوب قطاع غزة سيزيد الوضع تعقيدا وسيكون مكلفا لها سياسيا واقتصاديا.,1
توالت التحذيرات الدولية من اجتياح جيش الاحتلال الإسرائيلي المحتمل لمدينة رفح المكتظة بالنازحين من مناطق عدة في قطاع غزة بسبب العدوان الإسرائيلي المتواصل.,1
كشف موقع والا الإسرائيلي تفاصيل مثيرة عن قضية تشغل الرأي العام ووصفها بأسوأ خرق أمني في تاريخ إسرائيل، وذلك بعد سماح محكمة في بئر السبع بنشر تفاصيل إضافية في القضية التي تفجرت الشهر الماضي.,1
فرضت عقوبات على 4 مستوطنين إسرائيليين متطرفين لارتكابهم انتهاكات لحقوق الإنسان ضد الفلسطينيين في الضفة الغربية.,1
استعرضت دراسة أمنية إسرائيلية تداعيات حرب شاملة محتملة مع حزب الله اللبناني، وأكدت أنها ستكون أكثر تدميرا ودموية بالنسبة لتل أبيب، وأنها ستزيد ارتباك الإسرائيليين وتعمق خلافاتهم الداخلية.,1
غصت منصات التواصل بعشرات المقاطع والصور لأطفال استشهدوا أو أصيبوا في غارات إسرائيلية على رفح استهدفت -حسب تل أبيب- أهدافا نوعية.,1
حذر مسؤول السياسة الخارجية في الاتحاد الأوروبي جوزيب بوريل من التداعيات الكارثية لتوقف خدمات وكالة غوث وتشغيل اللاجئين الفلسطينيين (الأونروا).,1
أعلن أبو عبيدة المتحدث باسم كتائب القسام الجناح العسكري لحركة المقاومة الإسلامية (حماس) مقتل 3 أسرى إسرائيليين في قطاع غزة في قصف إسرائيلي على القطاع خلال الأيام الـ5 الماضية.,1
أكد تقرير نشرته صحيفة غارديان البريطانية أن استبعاد الأصوات الناقدة لإسرائيل باعتبارها “غير يهودية” وحتى معادية للسامية له جذور عميقة، ووصفت ذلك بأنه تحريف للتاريخ.,1
نشر المصور والصحفي محمد قنديل أبو عمر مقطع فيديو يظهر احتضان شاب من أهالي غزة لجثمان والدته التي استشهدت بالقصف الإسرائيلي على رفح.,1
قالت وكالة الأناضول إن تداعيات مقاطعة الشركات الداعمة لإسرائيل في أعقاب الحرب التي تشنها على قطاع غزة أصبحت أكثر وضوحا، حيث تشهد شركات عالمية عديدة استهدفت بالمقاطعة تراجعا كبيرا في أوضاعها المالية.,1
استشهد فتى فلسطيني داخل المعتقل متأثرا بإصابته أمس برصاص الاحتلال بالقدس، فيما تواصل القوات الإسرائيلية اقتحام مدن الضفة الغربية.,1
يُرجع خبير قانوني رفض رئيس الوزراء الإسرائيلي بنيامين نتنياهو وقف العدوان على قطاع غزة إلى خشيته من إجراء انتخابات في إسرائيل سيخسرها وتنهي حياته وطموحاته السياسية.,1
نددت شبكة الجزيرة الإعلامية اليوم الثلاثاء بتعمد الجيش الإسرائيلي استهداف مراسلها إسماعيل أبو عمر والزميل المصور أحمد مطر في رفح جنوبي قطاع غزة.,1
اقتحم جيش الاحتلال الإسرائيلي -اليوم- مدينة جنين شمال الضفة الغربية المحتلة، للمرة الثانية خلال ساعات. كما اقتحم عدة مدن بالضفة، التي بلغ عدد مواطنيها المعتقلين منذ عملية طوفان الأقصى7 آلاف معتقل.,1
أفادت وسائل إعلام مصرية ببدء اجتماع في القاهرة -اليوم الثلاثاء- لبحث التهدئة في قطاع غزة وتبادل الأسرى، وذلك بمشاركة مسؤولين كبار من الولايات المتحدة وإسرائيل وقطر ومصر.,1
يدخل الفلسطينيون النازحون من رفح جنوبي قطاع غزة غمار رحلة نزوح جديدة مجهولة الوجهة بعد ليلة صعبة عاشوها في المدينة وتحسبا لعملية اجتياح محتملة من قبل جيش الاحتلال.,1
قالت حكومة جنوب أفريقيا -اليوم الثلاثاء- إنها قدمت طلبا عاجلا لمحكمة العدل الدولية لاستخدام سلطتها الكاملة من أجل وقف العملية العسكرية التي تخطط إسرائيل لشنها في رفح جنوب قطاع غزة.,1
يقول محمد مِزعرو للجزيرة نت إنه لم يكن يتوقع أن رفع أصبعيه السبابة والوسطى سيقوده إلى السجن والتحقيق والتعذيب ثم الحبس المنزلي. وتكاد القضية تكون سابقة في المحاكم الإسرائيلية، كون الاشارة ليست محظورة.,1
بحث أمير دولة قطر الشيخ تميم بن حمد آل ثاني مع وزير الخارجية الإيراني حسين أمير عبد اللهيان خلال لقائهما في الدوحة اليوم الثلاثاء تطورات الأوضاع في غزة.,1
أعلنت كتائب القسام استهداف 22 جنديا إسرائيليا في 3 كمائن منفصلة، في المقابل أقر جيش الاحتلال الإسرائيلي بمقتل ضابطين بينهم قائد كتيبة وجندي، وإصابة 18 آخرين في معارك جنوب قطاع غزة.,1
الجزيرة نت تستطلع آراء عدد من المحللين والخبراء لبيان الأهداف العسكرية والسياسية التي يسعى جيش الاحتلال لتحقيقها من اجتياحه مدينة رفح، ومدى نجاحه واقعيا في الوصول لهذه الأهداف.,1
بدعم من اليمين المتطرف الإسرائيلي، تتطور الجمعيات اليهودية ذات الدعوة المسيحانية في إسرائيل، فما جذور هذا التيار المؤسس لأيديولوجية الصهيونية الدينية في إسرائيل؟,1
قال المستشار السياسي لمنظمة المساعدة الإنسانية الدولية “أوكسفام” ديرك جان جالفينغ، إنه يجب على الدول الأوروبية تطبيق قرار محكمة الاستئناف الهولندية بخصوص وقف بيع أجزاء من مقاتلة “إف 35” لإسرائيل.,1
أفادت وسائل إعلام إسرائيلية بأن حكومة الاحتلال الإسرائيلي اتخذت إجراءات لحظر عمل وكالة الأونروا في القدس المحتلة وإغلاق مقراتها.,1
قال فرناندو مارمان ولويس هار إنهما قاما بالطهي للعائلة التي احتجزتهما، لكنهما عاشا في الغالب على خبز البيت والجبن الأبيض وأكدا أنهما لم يتعرضا للتعذيب.,1
"تقدمت حكومة جنوب إفريقيا """"بطلب عاجل"""" إلى محكمة العدل الدولية لتقرير ما إذا كانت العمليات العسكرية الإسرائيلية في رفح تتطلب من المحكمة """"استخدام سلطتها لمنع المزيد من الانتهاكات الوشيكة لحقوق الفلسطينيين في غزة"""".""",1
أفادت وسائل إعلام رسمية مصرية، نقلا عن مصدر رفيع المستوى، أن اجتماعًا بدأ في مصر بين مدير وكالة الاستخبارات المركزية الأمريكية وليام بيرنز ومدير جهاز الموساد الإسرائيلي ديفيد بارنيا ورئيس الوزراء القطري محمد آل ثاني ومسؤولين مصريين.,1
"""ولد زيد البالغ من العمر 10 سنوات بغزة ونشأ فيها، وعاش هناك إلى أن أجبر القصف الإسرائيلي عائلته على الفرار، لكنه لا يزال يرى منزله في أحلامه. من النوم في غرف بلا نوافذ لتجنب الزجاج المهشم، إلى فقدان كلب العائلة المحبوب، إلى الهرب من الصواريخ التي تلاحقهم، هذه هي قصته عن الحياة تحت الحصار والفرار من """"أسوأ حرب شهدها على الإطلاق"""".""",1
أصيب صحفيا الجزيرة، إسماعيل أبو عمر وأحمد مطر، الثلاثاء، خلال غارة جوية إسرائيلية على شمال مدينة رفح بقطاع غزة.,1
يُعدّ الجص أحد المواد الأكثر وفرة في سلطنة عُمان، وهي واحدة من أكبر المصدّرين في العالم لهذا العنصر القيّم في سوق مواد البناء المزدهر. نستكشف سلسلة التوريد التي تربط مناجم عُمان بأكثر موانئها ازدحامًا.,1
"""حثت الصين إسرائيل، الثلاثاء، على وقف عملياتها العسكرية وبذل """"كل ما هو ممكن"""" لتجنب سقوط ضحايا من المدنيين في رفح.""",1
يتحمل المدنيون في رفح، المكتظة بالسكان، في جنوب قطاع غزة وطأة الحرب بعد الغارات الجوية الإسرائيلية. تقرير مراسلة CNN، ندى بشير، ينقل لكم التفاصيل.,1
"""تم تصنيف الإمارات والسعودية وقطر ضمن قائمة أكبر 10 أسواق ناشئة في العالم وفقًا لمؤشر """"أجيليتي"""" اللوجستي لعام 2024. ويُعتبر هذا المؤشر مرجعًا مهمًا في قطاع اللوجستيات.""",1
قال متحدث باسم الجيش الإسرائيلي لشبكة CNN، الثلاثاء، إن الجيش الإسرائيلي لم يقدم بعد خطته للحكومة لإخلاء مدينة رفح جنوب قطاع غزة.,1
"""تصدرت الإمارات المركز الأول عربيا على مؤشر الرخاء لعام 2023، والمركز 44 عالميا. تلتها قطر الثانية عربيا وفي المركز الـ46 عالميا حسب مؤشر الرخاء أو الازدهار التابع لمعهد ليغاتوم """"Legatum"""".""",1
"رد عضو المكتب السياسي لحركة """"حماس"""" محمد نزال على الشكوى التي قدمتها عائلات الرهائن المحتجزين في غزة إلى المحكمة الجنائية الدولية، وقال نزال، لشبكة CNN، إن """"أقصر طريق لإعادة أسراهم هو استكمال عملية التفاوض الجارية""""""",1
"""قال رئيس الوزراء الإسرائيلي بنيامين نتنياهو، الأربعاء، إن حركة """"حماس"""" يجب أن تغير موقفها التفاوضي قبل مواصلة المحادثات.""",1
"""(CNN)-- قالت وزارة الخارجية الإماراتية، الأربعاء، إنه سيتم توفير خدمة ستارلينك للاتصال عبر الأقمار الصناعية التابعة لشركة """"سبيس إكس"""" في المستشفى الميداني الإماراتي في جنوب قطاع غزة، لمساعدة المرضى الذين يحتاجون إلى استشارات طبية عبر الفيديو في الوقت الفعلي.""",1
قال دبلوماسي مُطلع على المحادثات إن إسرائيل أبلغت الوسطاء أنهم سيواصلون المشاركة في المحادثات التي قد تؤدي إلى إطلاق سراح رهائن ووقف القتال في غزة، لكنها رفضت حتى الآن اقتراحًا مضادًا قدمته حماس يطالب بالإفراج عن عدد كبير من السجناء الفلسطينيين.,1
كانت مراسلة CNN، ناتاشا برتراند، على متن سفينة USS Gravely الأمريكية المدمرة في الخطوط الأمامية بالبحر الأحمر، حيث التقطت مدى السرعة التي يحتاجها طاقم هذه السفن لإسقاط صاروخ قادم بنجاح.,1
"""قال جاريد كوشنر، صهر الرئيس الأمريكي دونالد ترامب، الثلاثاء، إنه لا يعتزم العمل في إدارة ترامب الثانية المحتملة، إذ يلتزم بالتركيز على مشاريعه التجارية، ووصف ولي العهد السعودي الأمير محمد بن سلمان بـ""""القائد صاحب الرؤية"""".""",1
وصل الرئيس التركي رجب طيب أردوغان، الأربعاء، إلى القاهرة في أول زيارة إليها منذ 11 عامًا، بعد خلاف دبلوماسي دام لنحو عقد من الزمن على خلفية التطورات السياسية في مصر.,1
تعزز مصر وجودها الأمني على حدودها مع قطاع غزة، خوفا من امتداد الحرب الإسرائيلية على حماس إلى أراضيها، إذا بدأ الجيش الإسرائيلي هجومه البري على مدينة رفح الواقعة في أقصى جنوب القطاع، حيث لجأ أكثر من نصف سكان غزة ويتواجدون حاليا على بعد خطوات فقط من الحدود.,1
"""دعا رئيس السلطة الفلسطينية محمود عباس، حركة """"حماس"""" إلى """"سرعة"""" إتمام صفقة لإطلاق سراح الرهائن في غزة مقابل الفلسطينيين في السجون الإسرائيلية، حسبما ذكرت وكالة الأنباء الفلسطينية (وفا).""",1
"""تناقلت وسائل إعلام رسمية إيرانية أن خط أنابيب ينقل الغاز عبر مدن إيرانية انفجر، الأربعاء، واصفة الحادثة بأنها """"عمل إرهابي"""".""",1
رصدت كاميرا الجزيرة آثار القصف الإسرائيلي لمحيط المستشفى المعمداني شرقي مدينة غزة، الذي أصاب سيارة مدنيّة كان بداخلها عدد من الأشخاص، انتُشلت جثثهم وسط سيل من الدماء.,1
في اليوم الـ132 من العدوان الإسرائيلي على غزة نفّذ جيش الاحتلال قصفا مكثفا على مناطق بوسط وجنوبي القطاع، مما أسفر عن شهداء وجرحى، كما ارتكب 11 مجزرة جديدة خلال الـ24 ساعة الماضية.,1
قال المتحدث باسم الخارجية الأميركية ماثيو ميلر إن دولا في المنطقة أبدت استعدادها لإعادة إعمار غزة، وذلك ردا على سؤال صحفي عما إذا كانت الولايات المتحدة ستطلب من إسرائيل إعادة إعمارها.,1
في اليوم الـ131 من الحرب، طردت قوات الاحتلال الإسرائيلي آلاف النازحين من مستشفى ناصر المحاصر بخان يونس، وقصفت مناطق بوسط وجنوبي قطاع غزة مما أسفر عن شهداء وجرحى، في حين واصلت المقاومة عملياتها.,1
قال كبير الاقتصاديين في وزارة المالية الإسرائيلية شموئيل أبرامسون إن الحرب على غزة إلى جانب ارتفاع أسعار الفائدة جعلت عام 2023 أحد أسوأ الأعوام على الإطلاق بالنسبة للقطاع العقاري في البلاد.,1
تتواصل المجازر الإسرائيلية في قطاع غزة والتي راح ضحيتها أكثر من 28 ألف شهيد، فيما استهدفت المقاومة الفلسطينية أفرادا من قوات إسرائيلية في أنفاق.,1
بثت قناة الجزيرة مشاهد حصرية جديدة لاستهداف كتائب القسام الجناح العسكري لحركة المقاومة الإسلامية (حماس) جنود وآليات الاحتلال في محاور مدينة خان يونس جنوبي قطاع غزة.,1
“علينا منعهم من العودة”، هكذا كتب ديفيد بن غوريون في مذكراته بعد شهرين من نكبة الشعب الفلسطيني، حين بدأت مأساة أكثر من 700 ألف لاجئ، وبدأت معهم قصة وكالة الأونروا التي تحاول إسرائيل القضاء عليها.,1
حذرت الأمم المتحدة الأربعاء من أن أهالي غزة مهددون بالتهجير، وأكدت أن إسرائيل تهدف لإيجاد ظروف تجعل من القطاع غير صالح للسكن مما يعتبر من أعمال الإبادة الجماعية، في حين يعرقل الاحتلال وصول المساعدات.,1
أصيب مراسل الجزيرة في غزة إسماعيل أبو عمر، والمصور أحمد مطر بجروح خطيرة، بعد تعرضهما لاستهداف إسرائيلي. ويتميز كلاهما باحترافيتهما وجرأتهما ونشاطهما في تغطية العدوان على خان يونس جنوب القطاع.,1
قال الخبير العسكري والإستراتيجي اللواء فايز الدويري إن قواعد الاشتباك بين حزب الله اللبناني والاحتلال الإسرائيلي لا تزال منضبطة رغم دعوات اليمين المتطرف بالتوجه إلى حرب مفتوحة.,1
في جريمة جديدة تعكس وحشيته وخداعه، اغتال جيش الاحتلال الإسرائيلي نازحا فلسطينيا اعتقله وأرسله إلى مستشفى ناصر الطبي في خان يونس جنوبي قطاع غزة، وذلك بعد أن حمّله رسالة للنازحين داخل المستشفى.,1
طلب رئيسا وزراء إسبانيا بيدرو سانشيز وأيرلندا ليو فارادكار من المفوضية الأوروبية بإجراء مراجعة عاجلة لمدى احترام إسرائيل لالتزاماتها في مجال حقوق الإنسان في قطاع غزة.,1
استشهد فلسطيني وأصيب 13 آخرون اليوم الأربعاء خلال مواجهات بين جنود الاحتلال الإسرائيلي وشبان فلسطينيين في بلدة بيت أُمَرْ شمالي الخليل جنوبي الضفة الغربية المحتلة.,1
أعلنت جماعة الحوثي في اليمن استهداف سفينة بريطانية أثناء إبحارها في خليج عدن وادعت أن الاستهداف تم بالصواريخ وأصاب السفينة بشكل مباشر,1
"""أكد وزير الزراعة الأردني، خالد الحنيفات، أن موضوع تصدير الخضار والفواكه من الأردن إلى إسرائيل يعود للقطاع الخاص وليس مرتبطا بالقطاع العام وليس للحكومة أي """"مكنة قانونية"""" عليه.""",1
"""صدر مرسوم أميري في الكويت بحل مجلس الأمة في البلاد بسبب """"تجاوز الثوابت الدستورية"""" في إظهار الاحترام اللازم لـ""""المقام السامي""""، وفق ما ذكرته وكالة الأنباء الكويتية الرسمية (كونا)، الخميس.""",1
قال الجيش الإسرائيلي في بيان الخميس إنه قتل قائداً رفيعاً وعنصرين ينتميان إلى قوات الرضوان التابعة لحزب الله في غارة جوية تم تنفيذها في وقت متأخر من مساء الأربعاء في الأراضي اللبنانية.,1
"""داهمت القوات الإسرائيلية مستشفى ناصر في مدينة خانيونس بقطاع غزة، ويقول الجيش الإسرائيلي إنه دخل المستشفى بعد أن تلقى """"معلومات استخباراتية موثوقة"""" تشير إلى أن """"حماس احتجزت رهائن داخل المجمع ومن المحتمل أن جثث الرهائن المتوفين ما زالت موجوة هناك""""، رغم أن CNN غير قادرة على التحقق بشكل مستقل من هذا الادعاء.""",1
"""أعلنت وزارة الداخلية السعودية، تنفيذ حكم القتل بحق مواطنين اشتركا في تكوين """"خلية إرهابية"""" تستهدف قتل رجال الأمن في المملكة، وقد أسفر نشاطها عن مقتل رجل أمن، وفقا للبيان الصادر عن الوزارة الخميس.""",1
"""رفض متحدث باسم مكتب رئيس الوزراء بنيامين نتنياهو، الخميس، أي نقاش في الوقت الحالي حول إقامة دولة فلسطينية، مشيرا إلى أن الأولوية في المرحلة الحالية هي """"الانتصار على حماس"""".""",1
"""ردت حركة """"حماس"""" لشبكة CNN على ادعاء إسرائيل حول وجود نشاط محتمل لعناصرها في مستشفى ناصر بخانيونس، نافية ما ذكره الجيش الإسرائيلي عن """"اختباء"""" مقاتليها خلف المصابين المدنيين في المستشفى.""",1
في حي ديم جابر، أحد أحياء مدينة بورتسودان، يسكن آدم يحيى (70 عامًا) مع أسرته المكونة من 10 أشخاص في منزل متهالك، يتشاركونه مع أسرتين أخريين، نزحوا جميعهم من الخرطوم عقب تزايد حِدة المعارك بين الجيش السُّوداني وقوات الدعم السريع هناك.,1
"""توفي الصحفي السوداني، محجوب محمد صالح، الذي يعتبر """"عميد الصحافة السودانية""""، الثلاثاء، في العاصمة المصرية، القاهرة، وفقا لما ورد بتقرير لوكالة الأنباء السودانية الرسمية.""",1
أكد تقرير نشره موقع “أوريان 21” الفرنسي، أن جنود الاحتلال الإسرائيلي يحرصون على عرض مقاطع فيديو تظهر الانتهاكات التي يرتكبونها في غزة لإبراز تفوقهم، والافتخار بجرائمهم.,1
عبّرت شبكة الجزيرة الإعلامية عن رفضها محاولات جيش الاحتلال الإسرائيلي تبرير قتل الصحفيين واستهدافهم.,1
يقول الخبير العسكري والإستراتيجي اللواء فايز الدويري إن ما يحدث في مجمع ناصر سيناريو مكرر لما حدث في مستشفيي الشفاء والإندونيسي شمالي القطاع، بهدف تدمير مقومات الحياة والصمود أو ما تبقى منها.,1
أفاد مراسل الجزيرة باستشهاد وإصابة العشرات في قصف إسرائيلي لمخيم وشارع وسط مدينة غزة وحي شرقها، في حين أقر جيش الاحتلال بسقوط قتيل وجرحى في المعارك جنوب القطاع.,1
رصدت كاميرا الجزيرة مشاهد قاسية وجثثا متناثرة على الأرض نتيجة قصف إسرائيلي استهدف تجمعا لمواطنين وسيارة مدنية بشارع الجلاء وسط مدينة غزة، مما أدى إلى استشهاد 3 أشخاص ووقوع مصابين، وفق مراسل الجزيرة.,1
بثت سرايا القدس -الجناح العسكري لحركة الجهاد الإسلامي- مشاهد من قصف مقاتليها بقذائف الهاون تجمعات جنود وآليات الاحتلال الإسرائيلي شمالي قطاع غزة، برفقة كتائب الأنصار الجناح العسكري لحركة الأحرار.,1
رصدت الجزيرة وصول جرحى -بينهم أطفال وصراخ بعضهم ألما- إلى مستشفى الشفاء بمدينة غزة عقب استهدافهم بغارة إسرائيلية في حي الشجاعية شرقي غزة، ووصف أحد الأطباء حالة الإصابات بين متوسطة وخطيرة.,1
رصدت الجزيرة آثار قصف إسرائيلي استهدف تجمعا لفلسطينيين في حي الشجاعية شرقي مدينة غزة. وتشهد هذه المنطقة تجمعا لمواطنين يحاولون الاطمئنان على ذويهم في المناطق الجنوبية لقطاع غزة.,1
قالت وزارة الصحة في غزة إن الجيش الإسرائيلي حوّل مجمع ناصر الطبي في خان يونس إلى ثكنة عسكرية بعد مداهمته، في حين كذّبت حركة حماس ادعاءات الاحتلال بوجود أسرى محتجزين داخل المجمع.,1
صادق الكنيست الإسرائيلي بقراءة تمهيدية على مشروع قانون يمنع وكالة الأمم المتحدة لغوث وتشغيل اللاجئين الفلسطينيين (الأونروا) من العمل داخل الأراضي المحتلة والقدس.,1
الطفلة هند رجب التي لم تكمل ربيعها السادس وجدت نفسها محاصرة بالموت من كل جانب، إلا إن مطلب المحاسبة على جريمة إعدامها ما يزال ينتظر الإجابة.,1
يرى مراقبون أن زيارة أردوغان لمصر حققت أهدافها بدفع علاقات البلدين للأمام، حيث جاءت في لحظة توتر إقليمي فارقة، وشكلت دعما لموقف القاهرة في مواجهة التهديد الإسرائيلي، ودفعت لتعزيز التعاون الاقتصادي.,1
أغلق طلاب جامعيون ونشطاء أحد أهم الشوارع في العاصمة النمساوية فيينا، صباح اليوم الخميس، ضمن وقفة احتجاجية ضد العدوان الإسرائيلي المستمر على قطاع غزة منذ 132 يوما.,1
تكمن أهمية أرض “سوق الجمعة” في قربها من الزاوية الشمالية لسور القدس، حيث يسعى الاحتلال إلى تحويلها لحديقة إسرائيلية، في عملية فرض وقائع على الأرض قبيل شهر رمضان وبصورة متسارعة منذ بدء العدوان على غزة.,1
طالبت شبكة الجزيرة الإعلامية بالإفراج الفوري عن مراسلها في غزة إسماعيل الغول والصحفيين المعتقلين معه، وحمّلت جيش الاحتلال الإسرائيلي المسؤولية عن سلامتهم.,1
قالت مصادر للجزيرة إن الاحتلال الإسرائيلي قتل اليوم الاثنين مسؤول عمليات الشرطة بغزة العميد فايق المبحوح في عملية بمستشفى الشفاء.,1
تطرقت صحف ومواقع عالمية في تحليلات وتقارير إلى عودة الولايات المتحدة الأميركية بقوة إلى الشرق الأوسط على خلفية الحرب على غزة، وإلى أبعاد خلافات الإدارة الأميركية مع رئيس الوزراء بنيامين نتنياهو.,1
تظاهر عشرات الطلاب الإسرائيليين في الجامعة العبرية بالقدس الغربية، ظهر أمس الأحد، للمطالبة بإقالة المحاضرة بكلية الحقوق نادرة شلهوب كيفوركيان بعد وصفها الحرب الإسرائيلية في غزة بـ”الإبادة الجماعية”.,1
استهدف فجر اليوم الاثنين الجيش الإسرائيلي مجمع الشفاء الطبي غربي مدينة غزة، للمرة الثانية بعد ورود معلومات استخباراتية تفيد بوجود مسؤولين من حماس به، حسب ما جاء في صحيفة يديعوت أحرونوت.,1
أعلن رئيس هيئة شؤون الأسرى والمحررين الفلسطينيين، قدورة فارس، اليوم الاثنين، أن إسرائيل زادت من قمعها للأسرى في سجونها منذ بداية شهر رمضان. وحذر من أن أوضاعهم أصبحت أكثر خطورة.,1
أظهرت مشاهد بثتها الجزيرة نزوح عدد من العائلات الفلسطينية غربي مدينة غزة بعد العملية العسكرية التي أعلن عنها جيش الاحتلال في مستشفى الشفاء الطبي.,1
كشف مراسل الجزيرة عن تفاصيل اعتقال الجيش الإسرائيلي لمراسل الجزيرة إسماعيل الغول أثناء وجوده بمجمع الشفاء الطبي مع صحفيين آخرين، حيث يتخذون من المستشفى مركزا إعلاميا في ظل انقطاع الكهرباء والإنترنت.,1
قدم الصحفي محمود عليوة من داخل مجمع الشفاء الطبي في مدينة غزة شهادته حول اعتقال الجيش الإسرائيلي مراسل الجزيرة إسماعيل الغول. وأكد عليوة اعتقال إسماعيل رفقة صحفيين آخرين كانوا معه في ساحة المستشفى.,1
قالت وسائل إعلام إسرائيلية إن وفدا إسرائيليا سيتوجه اليوم الاثنين إلى العاصمة القطرية الدوحة، لتقديم رد تل أبيب على مقترح حركة حماس بشأن صفقة لتبادل الأسرى والمحتجزين والتوصل لهدنة في قطاع غزة.,1
قال السيناتور الديمقراطي كريس فان هولين إن المزاعم بأن وكالة (أونروا) تعاونت مع حماس كانت “كذبة صارخة”، وإن نتنياهو وآخرين يكذبون لتعزيز أجندتهم الخاصة.,1
دعا الرئيس الأميركي السابق دونالد ترامب، رئيس الوزراء الإسرائيلي بنيامين نتنياهو، إلى إنهاء الحرب في غزة بسرعة، وذلك خلال مقابلة مع برنامج “ميديا باز” على قناة “فوكس نيوز”.,1
قالت وزارة الصحة في غزة إن الاحتلال الإسرائيلي ارتكب 8 مجازر في القطاع خلال الساعات الـ24 الماضية راح ضحيتها 81 شهيدا و116 مصابا، فيما أعلنت إسرائيل استعدادها لـ”نشاط ضخم” برفح بعد إجلاء سكانها غربا.,1
اعتقل الجيش الإسرائيلي مراسل الجزيرة إسماعيل الغول وعددا من زملائه الصحفيين من داخل مجمع الشفاء الطبي بمدينة غزة، بعد الاعتداء عليهم بالضرب المبرح.,1
قال مصدر دبلوماسي إسرائيلي لشبكة CNN، الاثنين، إن الوفد الإسرائيلي، بقيادة مدير جهاز الموساد، ديفيد بارنيا، سُمح له بالسفر إلى الدوحة، بعد أن وافق مجلس الوزراء الحربي والأمني الإسرائيلي على تفويض الوفد لإجراء المفاوضات.,1
أعربت الولايات المتحدة عن مخاوفها بشأن سلامة المدنيين في غزة، مع تكرار رئيس الوزراء الإسرائيلي بنيامين نتنياهو أمس تعهده بغزو رفح.,1
"""كشفت النيابة العامة في مصر، الأحد، تفاصيل جديدة حول حريق """"استوديو الأهرام"""" مشيرة إلى أنه امتد إلى 10 عقارات مجاورة، مؤكدة أنها شكلت 3 لجان للوقوف على ملابسات الحادثة.""",1
"""وصف رئيس الوزراء الإسرائيلي بنيامين نتنياهو اقتراح """"حماس"""" المضاد الأخير بأنه """"غريب وغير واقعي""""، لكنه سيرسل وفدا إلى الدوحة لمواصلة المفاوضات من أجل وقف إطلاق النار.""",1
"""أعلن الجيش الإسرائيلي عن مقتل دانييل بيريز، وهو من ياد بنيامين وكان قائد فصيل في الكتيبة 77 في الجيش الإسرائيلي، واختُطف في 7 أكتوبر/تشرين الأول في هجمات """"حماس"""".""",1
أعلن الجيش الإسرائيلي، اليوم الاثنين، أنه ينفذ عملية عسكرية في منطقة مستشفى الشفاء بغزة.,1
"""أصدر الجيش الأردني بيانًا بشأن """"ما تم سماعه من أصوات طيران فوق مناطق شمالي المملكة""""، مساء الأحد.""",1
"""قال البيت الأبيض، الأحد، إنه لم ير حتى الآن خطة """"موثوقة"""" من الحكومة الإسرائيلية بشأن كيفية حماية مئات الآلاف من المدنيين في جنوب غزة إذا مضت قدمًا في عملية عسكرية واسعة النطاق في مدينة رفح.""",1
خلال مقابلة أجراها مع مذيعة شبكة CNN، دانا باش، تحدث رئيس الوزراء الإسرائيلي، بنيامين نتنياهو، حول الأزمة الإنسانية في غزة، وما إذا كان سيلتزم بالدعوة إلى انتخابات جديدة في إسرائيل.,1
وقعت مصر والاتحاد الأوروبي، الأحد، على إعلان لترفيع العلاقات إلى مستوى الشراكة الاستراتيجية والشاملة، الأحد. في وقت ستحصل القاهرة على حزم مالية أوروبية بقيمة 7.4 مليار يورو (8 مليارات دولار)، وسط مخاوف من تزايد عبور المهاجرين للبحر المتوسط إلى أوروبا.,1
في اليوم الـ165 للحرب على قطاع غزة، وثامن أيام شهر رمضان المبارك، اقتحم جيش الاحتلال الإسرائيلي مجمع الشفاء الطبي في شمال غزة، مما أسفر عن شهداء وجرحى واعتقال العشرات.,1
ذكر إعلام إسرائيلي أن خلافات بين المسؤول بالجيش عن ملف الأسرى المحتجزين ووزراء لمطالبته بتوسيع صلاحيات وفد التفاوض، وسط أنباء عن توجه وفد إسرائيلي إلى الدوحة للرد على مقترح حماس بشأن صفقة التبادل.,1
قال مستشار الأمن القومي الأميركي جيك سوليفان إن التوصل لاتفاق لوقف إطلاق النار بغزة أصعب منالا مما كانت تتمنى واشنطن، كما تطرق في تصريحاته إلى الهجوم الإسرائيلي على مجمع الشفاء والتهديدات باجتياح رفح.,1
في اليوم الـ164 للحرب على غزة، وثامن أيام شهر رمضان المبارك، اقتحم جيش الاحتلال الإسرائيلي مجمع الشفاء الطبي في شمال غزة، مما أسفر عن شهداء وجرحى واعتقال العشرات.,1
تظاهر مئات اليهود المتشددين (الحريديم) في القدس المحتلة رفضا للخدمة العسكرية ورددوا شعارات بينها “نموت ولا نتجند في الجيش”.,1
أكد مدير وكالة غوث وتشغيل اللاجئين الفلسطينيين (أونروا) فيليب لازاريني اليوم الاثنين أن إسرائيل رفضت دخوله إلى غزة، في وقت تشتد فيه المجاعة بالقطاع مع استمرار الحرب الإسرائيلية هناك.,1
أفرجت قوات الاحتلال الإسرائيلي عن مراسل الجزيرة في غزة الزميل إسماعيل الغول وعدد من الصحفيين بعد اعتقالهم لمدة 12 ساعة في مستشفى الشفاء.,1
أجرى الرئيس الأميركي جو بايدن اليوم الاثنين أول اتصال هاتفي برئيس الوزراء الإسرائيلي بنيامين نتنياهو منذ أكثر من شهر، في حين نشرت واشنطن بوست تقريرا يكشف جانبا من تطور الموقف الأميركي بشأن الحرب.,1
اعتدت قوات الاحتلال الإسرائيلي على جنازة، ومنعت دفن المتوفى في إحدى المقابر بمدينة الخليل، كما هدم الجيش الإسرائيلي 3 منازل فلسطينية شرقي الضفة الغربية المحتلة، بدعوى البناء دون ترخيص.,1
قال الصحفي والكاتب توماس فريدمان إن رئيس الوزراء الإسرائيلي بنيامين نتنياهو سيُدرج في التاريخ باعتباره أسوأ زعيم في التاريخ اليهودي.,1
قصفت قوات الاحتلال مدارس وأحياء سكنية في محيط مجمع الشفاء الطبي غربي مدينة غزة، بعدما اقتحمت المجمع صباح اليوم الاثنين، في حين قالت كتائب القسام إنها تخوض اشتباكات ضارية مع القوات المتوغلة قرب المجمع.,1
رفض رئيس حكومة تسيير الأعمال الفلسطينية محمد اشتية اليوم الاثنين وجود أي جهات أجنبية لإدارة قطاع غزة، معتبرا ذلك مؤامرة سيفشلها الشعب الفلسطيني، كما حذر من تحوّل الممر المائي لمخرج لتهجير المواطنين.,1
أعلنت وكالة الأونروا أرقاما مفزعة عن سوء التغذية التي يعاني منها سكان قطاع غزة، خصوصا الأطفال، في حين حذر تقرير مدعوم من الأمم المتحدة من وضع غذائي كارثي لنصف السكان ومن مجاعة وشيكة.,1
أقام الأمويون بمحاذاة المسجد الأقصى قصورا، أثرت فيها عوامل الطبيعة والحروب، لكن الأخطر محاولات التهويد المستمرة منذ 1967.,1
قال الخبير العسكري العقيد حاتم كريم الفلاحي إن العمليات التي تنفذها المقاومة الفلسطينية في قطاع غزة تعيق بشكل مباشر خطة “الفقاعات” التي يسعى الاحتلال من خلالها لفرض تقسيم القطاع إلى مناطق منفصلة.,1
يواجه نادي سلوان الرياضي في مدينة المحتلة القدس أخطارا حقيقية، بعد إبلاغ سلطات الاحتلال إدارته بضرورة تسديد ضرائب باهظة، وسط تحذيرات من أن عدم السداد قد يؤدي إلى الاستيلاء على مقر النادي وبيعه.,1
بث جيش الاحتلال الإسرائيلي اليوم الاثنين مشاهد تظهر إصابة أحد جنوده في الاشتباكات الضارية مع فصائل المقاومة الفلسطينية بمخيم جباليا شمالي قطاع غزة.,1
قال الخبير العسكري والإستراتيجي العقيد الركن حاتم كريم الفلاحي إن إطلاق الصواريخ من جانب حزب الله على إسرائيل شهد اليوم تراجعا ملحوظا، وسط تراجع في أعداد الغارات الجوية الإسرائيلية على لبنان.,1
نقلت القناة 12 الإسرائيلية أن وحدة التحقيق في الجرائم الخطيرة، التابعة للشرطة الإسرائيلية، قد فتحت تحقيقا مع 5 موظفين من مكتب وزير الأمن القومي إيتمار بن غفير بتهمة إصدار 1146 رخصة أسلحة غير قانونية.,1
مع الصمود الأسطوري لسكان قطاع غزة والمقاومة فيه؛ فشلت كل السيناريوهات التي تقدمت بها دوائر داعمة لحكومة الاحتلال بشأن “اليوم التالي”، من قبيل إدارة العشائر أو عودة السلطة الفلسطينية، أو إدارة مدنية.,1
بثت سرايا القدس الجناح العسكري لحركة الجهاد الإسلامي، اليوم الاثنين، مشاهد من تصدي مقاتليها في الضفة الغربية المحتلة لقوات الاحتلال الإسرائيلي.,1
تستمر سياسة الاحتلال الإسرائيلي باستهداف الأطفال في الضفة الغربية وقتلهم ومنع الإسعاف من الوصول إليهم، وآخرها ما جرى للطفل حمارشة في بلدة يعبد في جنين، بينما لا تتم محاسبة القتلة أو التحقيق بالقضية.,1
قالت منظمة “أنقذوا الأطفال” إن نحو 130 ألف طفل من دون سن العاشرة محاصرون منذ 50 يوما في مناطق شمال غزة، من دون غذاء أو إمدادات طبية.,1
اعتقلت قوات الاحتلال الإسرائيلي 29 فلسطينيا بالضفة الغربية المحتلة وصعّدت اقتحاماتها للمدن والقرى منذ فجر اليوم الاثنين.,1
تفاعل مغردون مع ما كشفته الصحافة الإسرائيلية عن خطة أقرها رئيس الشاباك رونين بار يوم 1 أكتوبر/تشرين الأول، قبل طوفان الأقصى بأسبوع، واعتمدها رئيس الأركان هرتسي هاليفي تقضي بتوجيه ضربة استباقية لحماس.,1
نقلت صحيفة فايننشال تايمز الاثنين عن مسؤولي مساعدات قولهم إن أمطار الشتاء تهدد بإغراق خيام مئات آلاف النازحين في غزة بمياه الصرف الصحي، في حين تزداد معاناة النازحين مع اشتداد الشتاء.,1
أعلنت كتائب القسام، الجناح العسكري لحركة المقاومة الإسلامية (حماس) اليوم الاثنين، أنها أوقعت قوة إسرائيلية في كمين في بيت لاهيا، وتزامن ذلك مع معارك ضارية تخوضها المقاومة في المنطقة.,1
أكد المستشار الإعلامي للأونروا الدكتور عدنان أبو حسنة أن منظمات الأمم المتحدة ليست مستعدة للحلول محل الأونروا في الأراضي الفلسطينية، مشددا على أن تطبيق القانون الإسرائيلي عليها سيضع “عقبات خطيرة”.,1
شنت قوات الاحتلال الإسرائيلي حملة اقتحامات لمناطق متفرقة بالضفة الغربية المحتلة صباح اليوم الأربعاء، مما أدى لحدوث مواجهات في بعض المناطق واشتباكات في عدة محاور بمحافظة طوباس، تخللتها اعتقالات.,1
ارتفع عدد الشهداء في قطاع غزة منذ فجر اليوم الأربعاء إلى 12، جراء غارات إسرائيلية استهدفت مركزا للإيواء وتجمعا لمواطنين ومنزلا في محافظتي غزة والشمال، وسط استمرار القصف المدفعي على مختلف مناطق القطاع.,1
شارك نحو 300 طالب وطالبة من جامعة القدس في مبادرة “صفوة القدس” لسرد القرآن الكريم، التي نظمها ملتقى القرآن الكريم في الجامعة.,1
قالت صحيفة لوفيغارو إن نتنياهو أعلن وقف إطلاق النار في لبنان يوم الثلاثاء، وقال إن مدة الاتفاق تعتمد على ما يحدث هناك، وتساءلت عن القضايا العسكرية والدبلوماسية التي يمكن أن تفسر هذا الاتفاق.,1
أعلنت الأمم المتحدة أنها قامت بـ41 محاولة هذا الشهر للوصول إلى الفلسطينيين المحاصرين في شمال غزة بمساعدات منقذة للحياة، لكن جيش الاحتلال الإسرائيلي عرقل وصولها جميعا.,1
دعا مقررو الأمم المتحدة إلى امتثال كامل لمذكرة الاعتقال التي أصدرتها المحكمة الجنائية الدولية بحق رئيس الوزراء الإسرائيلي بنيامين نتنياهو ووزير الدفاع السابق يوآف غالانت.,1
رجح محللون سياسيون أن يفشل المخطط الإسرائيلي بفصل الجبهة اللبنانية عن قطاع غزة، وتحييد حزب الله اللبناني ومنع دعمه للمقاومة الفلسطينية في غزة، وقال بعضهم إن الدعم ربما سيستمر بطرق وآليات أخرى.,1
في اليوم الـ418 من العدوان على غزة، دخل اتفاق وقف إطلاق النار بين حزب الله وإسرائيل حيز التنفيذ ما دفع النازحين للعودة إلى قراهم. وفي غزة، كثف الاحتلال قصف مناطق الشمال منذ الفجر.,1
أظهرت دراسة أجرتها منظمات للمجتمع المدني، اليوم الثلاثاء، أن أكثر من 800 مؤسسة مالية أوروبية لها علاقات تجارية مع شركات مرتبطة بالمستوطنات الإسرائيلية.,1
يوثق التقرير شهادات حية لضحايا فلسطينيين تعرضوا للجرائم الإسرائيلية، وقد جُمعت الشهادات وفقا للمعايير القانونية الدولية، ويسعى القائمون على التقرير لاستخدامها كأدلة في المحاكم الدولية.,1
أعلن وزراء خارجية مجموعة السبع الصناعية، اليوم الثلاثاء، التزام دولهم بمذكرة الجنائية الدولية بحق رئيس الوزراء الإسرائيلي بنيامين نتنياهو، في حين قالت إيطاليا إن إجراءات تنفيذ المذكرة غير واضحة.,1
قال وزير الخارجية الأميركي أنتوني بلينكن إنه يجب وضع خطة لما بعد الحرب، كي يعيش سكان غزة من دون حركة المقاومة الإسلامية (حماس)، على حد تعبيره.,1
نددت دول مجموعة السبع، الثلاثاء، بتصاعد عنف المستوطنين الإسرائيليين ضد الفلسطينيين في الضفة الغربية، وفي الوقت ذاته كثفت ضغوطها من أجل التوصل لوقف إطلاق النار بلبنان.,1
خارجا عن مسار  الاقتحامات المعتاد، صعد الحاخام المتطرف يهودا غليك إلى ساحة قبة الصخرة بالمسجد الأقصى، في حين أعلنت هيئة فلسطينية عن توزيع سلطات الاحتلال عشرات أوامر الهدم لمنازل في حي سلوان.,1
وثقت كاميرا الجزيرة إطلاق جيش الاحتلال الإسرائيلي الرصاص على سيارات إسعاف حاولت الوصول لجرحى وجثامين شهداء في مخيم النصيرات وسط قطاع غزة.,1
اقتحمت قوات الاحتلال الإسرائيلية اليوم الخميس بلدات عدة بالضفة الغربية، واشتبكت مع مقاومين في بلدة قباطية، في الوقت الذي اعتقلت فيه إسرائيل 18 فلسطينيا.,1
أشارت تقارير حقوقية دولية إلى أن استهداف الصحفيين في قطاع غزة يشكل نمطا إسرائيليا منظما، حيث وثقت منظمات صحفية مقتل أكثر من 130 صحفيا منذ بداية الحرب الإسرائيلية في انتهاك صارخ للقوانين الدولية.,1
قال رئيس الوزراء الإسرائيلي بنيامين نتنياهو إنه قد يوافق على وقف إطلاق نار بقطاع غزة وليس إنهاء الحرب، بينما تحدثت تقارير عن انتظاره تولي دونالد ترامب منصبه قبل تغيير موقفه من المحادثات مع حركة حماس.,1
قال عدد من الباحثين والمحللين السياسيين إن “طوفان الأقصى” كان مفاجأة إستراتيجية حوّلت أداء المقاومة من الدفاع إلى الهجوم، ومثلت صدمة لجيش الاحتلال الإسرائيلي، وأوقفت مشاريع التطبيع بالمنطقة.,1
أفادت مصادر طبية للجزيرة بأن 34 شخصا استشهدوا في غارات إسرائيلية على مناطق عدة في قطاع غزة منهم 29 في وسط القطاع وجنوبه، بينما ارتكب جيش الاحتلال 3 مجازر ضد عائلات وصل منها إلى المستشفى 48 شهيدا.,1
بثت سرايا القدس، الجناح العسكري لحركة الجهاد الإسلامي، اليوم الخميس، مشاهد من تفجير مقاتليها آليات جيش الاحتلال الإسرائيلي والاشتباك مع جنوده في بلدة قباطية بجنوب جنين شمالي الضفة الغربية المحتلة.,1
سياسي فلسطيني ولد عام 1949 في قطاع غزة، وعاش لاجئا في الأردن وسوريا ولبنان، ثم عاد إلى فلسطين عام 1994. شغل عدة مناصب سياسية في كل من حركة التحرير الوطني الفلسطيني (فتح) والسلطة الوطنية الفلسطينية.,1
رغم محاولات إسرائيل للتكتم على حجم خسائرها بكل الوسائل، تكشف تقارير مؤسساتها الأولية عن أضرار بالغة خلفتها هجمات حزب الله في مستوطنات الشمال ناهزت 675 مليون دولار، مما يتطلب سنوات للتعافي.,1
أطلقت محافظة القدس في منتصف نوفمبر/تشرين الثاني الجاري حملة لتعزيز السلم الأهلي تحت شعار “رحماء بينهم”، وتستمر على مدى شهر.,1
قالت صحيفة غارديان في افتتاحيتها إن الاتفاق الذي توسطت فيه الولايات المتحدة يعد نجاحا للمدنيين اللبنانيين الذين عانوا تحت وطأة صراع دام نحو 14 شهرا، وقتل على إثره نحو 4 آلاف شخص، وشرد مئات الآلاف.,1
بين السعادة والترحيب باتفاق وقف إطلاق النار في لبنان والتوجس والخوف من استفراد الاحتلال بقطاع غزة وتكثيف عدوانه عليه، انقسم عدد من سكان غزة في تقييمهم لهذا الاتفاق بين حزب الله وإسرائيل.,1
في مستشفى “شهداء الأقصى” بقطاع غزة، تتجسد مأساة الأطفال المبتوري الأطراف الذين فقدوا أحلامهم جراء الأسلحة الإسرائيلية التي حولت حياتهم إلى جحيم لا يُطاق.,1
يسلط المقال الضوء على العدوان الصهيوني ضد غزة، متتبعًا جذوره العقائدية التي تبرر الإبادة الجماعية عبر نصوص دينية وأساطير، مع تعمق المجتمع الإسرائيلي في الصهيونية الدينية واليمين المتطرف.,1
ناقشت وسائل الإعلام الإسرائيلية إمكانية التوصل لوقف لإطلاق النار في قطاع غزة، على غرار ما حدث في لبنان مع صفقة لإعادة المحتجزين الإسرائيليين بغزة.,1
حذر نادي الأسير الفلسطيني من تصاعد أعداد الوفيات في صفوف المعتقلين الفلسطينيين بالسجون الإسرائيلية، إثر استمرار الجرائم الممنهجة بحقهم.,1
أعلنت كتائب القسام مسؤوليتها عن عملية مستوطنة “أرئيل” التي أصيب فيها 9 إسرائيليين بجروح متفاوتة الخطورة، وقالت إن ما وصفتها بالحكومة الصهيونية المتطرفة ستدفع ثمن قراراتها التي تستهدف الضفة.,1
بعد عام على اندلاع حرب غزة وما تلاها من فتح جبهات في الشرق الأوسط، تبدو إسرائيل أمام أزمة سلاح حادة اعترف بها رئيس الوزراء بنيامين نتنياهو لأول مرة.,1
استشهد 18 فلسطينيا وأصيب وفُقد عددٌ آخر، جراء غارات جوية إسرائيلية استهدفت منزلين وسط وشمالي مدينة غزة منذ فجر اليوم السبت.,1
قال المكتب الإعلامي الحكومي في قطاع غزة، إن الفلسطينيين في قطاع غزة وصلوا مرحلة كارثية من الجوع والمعاناة المتفاقمة في ظل حرب الإبادة الإسرائيلية المستمرة منذ أكثر من عام.,1
جددت قوات الاحتلال الإسرائيلي فجر اليوم اقتحاماتها لعدة مدن في الضفة الغربية واستخدمت الغازات المدمعة والرصاص، مما أدى إلى وقوع إصابات.,1
طالبت دول ومؤسسات عربية بوقف الإبادة الإسرائيلية المتواصلة في قطاع غزة منذ أكثر من عام، وإقامة الدولة الفلسطينية، وذلك في اليوم العالمي للتضامن مع الشعب الفلسطيني الذي يصادف 29 نوفمبر/تشرين الثاني.,1
استشهد 10 فلسطينيين وأصيب آخرون جراء قصف إسرائيلي فجر اليوم السبت منزلا في منطقة أبو إسكندر بحي الشيخ رضوان شمال غرب مدينة غزة، كما قال مراسل الجزيرة.,1
أجمع خبراء ومحللون على أن الضفة الغربية هي الهدف الحقيقي والجوهري للمشروع الإسرائيلي، مشيرين إلى تصعيد غير مسبوق تمارسه قوات الاحتلال منذ 7 أكتوبر/تشرين الأول الماضي.,1
دخل العدوان الإسرائيلي على قطاع غزة يومه الـ421 حيث استهله الطيران الحربي لجيش الاحتلال بقصف على حي الشيخ رضوان في مدينة غزة استشهد فيه 10 فلسطينيين وأصيب عدد آخر.,1
نقلت وكالة رويترز عن مسؤول لم تسمه أن وفدا من حركة حماس سيصل إلى القاهرة السبت لإجراء محادثات مع مسؤولين مصريين، في إطار المساعي لحلحلة مسار التوصل لصفقة تبادل ووقف لإطلاق النار في قطاع غزة.,1
في خطوة رسمية متوافقة مع المزاج الشعبي العام، يخطو البرلمان الإندونيسي أولى خطواته في سبيل تشريع قانون يدعم مقاطعة المنتجات الإسرائيلية والشركات الداعمة لإسرائيل أو الموجودة فيها.,1
رغم التصريحات الرسمية الإسبانية بعدم منح أي تراخيص متعلقة بتزويد إسرائيل بالأسلحة، يكشف ناشطون إسبان عن خرق مجموعة سفن لهذا الحظر ورسوها في موانئ بلادهم نتيجة ضعف مراقبة الحكومة.,1
أفاد مراسل الجزيرة باستشهاد 40 فلسطينيا على الأقل -اليوم السبت- في قصف إسرائيلي استهدف مبنى سكنيا في منطقة تل الزعتر في مخيم جباليا شمالي قطاع غزة.,1
أكدت مجلة “972+” في تقرير أن بيت لاهيا شمالي قطاع غزة تعيش أوضاعا إنسانية كارثية جراء الهجمات الإسرائيلية المستمرة، وقد تحوّلت شوارعها إلى أكوام من الأنقاض وجثث الموتى، في حين يتهدد سكانها الموت جوعا.,1
أعلنت منظمة المطبخ المركزي العالمي الخيرية ومقرها الولايات المتحدة -اليوم السبت- تعليق عملياتها في قطاع غزة بعدما أصابت غارة جوية إسرائيلية مركبة تقلّ موظفيها وقتلت عددا منهم.,1
بدأت مستوطنة آدم شمال شرق القدس بغرفة متنقلة واليوم تسيطر على نحو  19 ألف دونم من بين نحو 20 ألف دونم هي مساحة قرية جَبَع الفلسطينية، في حين يواصل تجمع العراعرة البدوي شرقي البلدة دفع ثمن باهظ.,1
تكبّد الدفاع المدني في غزة خسائر مادية تقدر بمليون ونصف الميلون دولار، من معدات الإطفاء والإنقاذ والإسعاف، ودمر الاحتلال بشكل كلي 14 مركزا ومقرا تابعا لهم، بالإضافة إلى عشرات المركبات.,1
اندلعت اشتباكات مسلحة بين مقاومين فلسطينيين وقوات الاحتلال في الحي الجنوبي من مدينة طولكرم بشمال الضفة الغربية، في وقت اعتقل فيه جيش الاحتلال 16 فلسطينيا خلال اقتحامه مناطق بالضفة.,1
طالبت حركة حماس بتشكيل لجنة دولية للتحقيق في استخدام قوات الاحتلال الإسرائيلي أسلحة محرمة دوليا في شمال قطاع غزة تؤدي إلى إذابة الأجساد وتبخرها.,1
قالت صحيفة واشنطن بوست إن حزب الله اللبناني، رغم تراجع قوته العسكرية إلى حد كبير، إلا أنه أبعد من أن يكون قد تجرع الهزيمة على يد الجيش الإسرائيلي، ناهيك عن تعرضه للتدمير.,1
قال وزير الدفاع الإسرائيلي ورئيس الأركان الأسبق لجيش الاحتلال موشيه يعالون إن إسرائيل “تقوم بتطهير عرقي في شمال قطاع غزة ولم يعد هناك بيت لاهيا أو بيت حانون، والجيش الإسرائيلي يعمل على تطهير جباليا”.,1
أعلنت كتائب القسام أن مقاتليها وسط قطاع غزة استهدفوا دبابة ميركافا إسرائيلية بقذيفة “الياسين 105″، فيما ارتفع إلى 51 عدد الشهداء في القطاع منذ صباح اليوم السبت جراء قصف قوات الاحتلال.,1
في العام 1979، اختارت الأمم المتحدة يوم 29 نوفمبر/تشرين الثاني من كل عام يوما للتضامن مع الشعب الفلسطيني، والذي يتزامن مع قرار الأمم المتحدة تقسيم فلسطين في العام 1947.,1
قال المجلس الوطني الفلسطيني إن محاولات توفير الحصانة الدبلوماسية لمجرمي الحرب تمثل قمة العنصرية وتشجع الاحتلال الإسرائيلي على مواصلة حصاره وجرائمه، ودعا لتحرك دولي عاجل لإنقاذ قطاع غزة.,1
كشف برنامج الأغذية العالمي أن أزمة الجوع تتفاقم في أنحاء قطاع غزة، مؤكدا أن أسعار المواد الغذائية الأساسية ارتفعت بنسبة تزيد عن 1000% مقارنة بمستويات ما قبل الحرب.,1
تناولت صحف ومواقع عالمية الوضع الإنساني في قطاع غزة وإصرار الاحتلال الإسرائيلي على مواصلة حربه على القطاع الفلسطيني، بالإضافة إلى توقعات إسرائيلية بعودة القتال في لبنان.,1
شن الجيش الإسرائيلي اليوم حملة اعتقالات واسعة في عدة مناطق بالضفة الغربية، كما اقتحم مدنا وبلدات، من بينها مدينة طوباس، حيث اندلعت اشتباكات مسلحة وتسبب قصف إسرائيلي في استشهاد شابين.,1
أعلن الجيش الإسرائيلي اليوم الاثنين مقتل 3 عسكريين وإصابة 12 آخرين خلال معارك في مخيم جباليا، في حين خلّفت غارات الاحتلال 35 شهيدا في قطاع غزة منذ فجر اليوم الاثنين.,1
باركت حركة حماس نجاح المعارضة السورية المسلحة في إسقاط نظام الأسد، في حين اعتبرت فصائل فلسطينية أخرى ما حدث من تغييرات في سوريا “شأنا داخليا”، معربة عن أملها في أن تبقى دمشق داعمة للقضية الفلسطينية.,1
يقول أحد الخبراء إن تجربة الصدمة التي يتعرض لها الفلسطينيون تتشكل من خلال العنف المستمر ضدهم وإن مفاهيم مثل اضطراب ما بعد الصدمة لا تستطيع تفسير واقعهم لأنه “لا يوجد ما بعد الصدمة”، بل هي صدمة مستمرة.,1
قالت صحيفة هآرتس في افتتاحيتها إن رئيس الوزراء الإسرائيلي بنيامين نتنياهو أقر لأول مرة، منذ عملية طوفان الأقصى، بأن إطلاق سراح الأسرى لا يمكن أن يتم إلا من خلال صفقة، ولكن لا أمل من تصريحه.,1
حذرت وكالة الأمم المتحدة لغوث وتشغيل اللاجئين الفلسطينيين (الأونروا) من أن نحو مليون نازح فلسطيني في قطاع غزة يواجهون خطر البرد والأمطار في هذا الشتاء.,1
اعتقلت تل أبيب -اليوم الاثنين- مستوطنا بتهمة الاتصال مع عملاء للمخابرات الإيرانية، وتنفيذ أعمال تخريب مقابل المال في إسرائيل، وفقا لوكالة الأناضول.,1
شهد قطاع غزة، اليوم الاثنين، تصعيدا عسكريا مكثفا من الجيش الإسرائيلي، حيث استهدفت الغارات الجوية والقصف المدفعي مناطق متفرقة، بالتزامن مع عمليات واسعة لنسف المباني السكنية وحرق مراكز الإيواء.,1
أفادت وسائل إعلام إسرائيلية بوقوع انفجار في مبنى سكني في يافنيه جنوب تل أبيب، في حين فشل الجيش الإسرائيلي في اعتراضها.,1
غادر وفد حركة حماس القاهرة، بعد لقاء مع رئيس المخابرات العامة المصرية، بحثا خلاله جهود وقف إطلاق النار بقطاع غزة، في حين ادعت مصادر سياسية إسرائيلية أن حماس وإسرائيل قريبتان من التوصل لـ”صفقة صغيرة”.,1
نددت حركة الجهاد الإسلامي بالعدوان الإسرائيلي على سوريا، وأكدت أنه “اعتداء صريح على الشعب السوري وإرادته واستغلال للأوضاع لأهداف توسعية”.,1
في اليوم الـ430 للعدوان على غزة، قالت وزارة الصحة إن إسرائيل ارتكبت خلال 24 ساعة 3 مجازر بالقطاع، وصل منها للمستشفيات 50 شهيدا و84 مصابا، بينما أعلن الجيش الإسرائيلي مقتل 4 من عسكرييه في لبنان.,1
كثف جيش الاحتلال عمليات نسف المباني السكنية في رفح جنوبي قطاع غزة، إلى جانب قصفه مناطق عدة مخلفا شهداء وجرحى، في حين جددت كتائب القسام استهداف الاحتلال ودباباته في مخيم جباليا.,1
وفق معطيات محافظة القدس، شارك 64 ألفا و869 مستوطنا في اقتحامات المسجد الأقصى منذ بدء العدوان على غزة في 7 أكتوبر 2023، في وقت أُبعد فيه 124 مقدسيا عن مدينتهم.,1
تستعرض المقالة دور “الأونروا” في تقديم الخدمات الحيوية للاجئين الفلسطينيين، والتحديات التي تواجه العائدين إلى المخيمات، مع التركيز على الحفاظ على الهوية الفلسطينية والحقوق المشروعة.,1
من الجص والزجاج الملون ونتاج خبرة طويلة وجهود مضنية وساعات طويلة صُنعت نوافذ المسجد الأقصى لتشكل أحد أبرز معالمه وأكثرها حرفية وجمالا.,1
نقلت إذاعة الجيش الإسرائيلي عن مصادر أنه لا يمكن القول إن مفاوضات صفقة تبادل الأسرى ووقف إطلاق النار في غزة مجمدة، لكن لا تطورات جديدة حتى الآن، وذكرت صحيفة إسرائيلية أن الصفقة مستمرة لكن هناك فجوات.,1
خطاب تحريضيّ مليء بالحقد والكراهية والتخوين ومن مختلف المستويات الرسمية والشعبية رافق عملية السلطة الفلسطينية في مخيم جنين للاجئين الفلسطينيين، وسط تحذيرات من انعكاسات نفسية واجتماعية بعيدة المدى.,1
نقلت صحيفة يديعوت أحرونوت عن مصادر قولها إن عدم الخوض في تفاصيل اليوم التالي في قطاع غزة سيعيد إسرائيل إلى وضع ما قبل عملية طوفان الأقصى، وأشارت إلى أن حركة حماس لا تزال قادرة على حكم القطاع.,1
يسعى الاحتلال الإسرائيلي إلى تدمير المستشفيات في شمال قطاع غزة للقضاء على المنظومة الصحية، بهدف تحقيق التهجير القسري وإخلاء المناطق السكانية ضمن مخططات تغيير ديموغرافي ممنهجة، كما يرى خبراء.,1
يبدو أن العالم مستعد للمضي قدماً دون غزة. بعد خمسة عشر شهراً من الإبادة الجماعية، يشعر المدافعون والنشطاء حول العالم بالإرهاق من الدمار الذي لا ينتهي في غزة والصمت الساحق إزاءه.,1
قال القيادي في حركة المقاومة الإسلامية (حماس) أسامة حمدان إن الحركة ذهبت إلى أقصى مرونة بشأن مفاوضات الأسرى شريطة وقف العدوان والانسحاب الشامل والإغاثة والإعمار دون شروط.,1
يرى الخبير العسكري العقيد المتقاعد حاتم كريم الفلاحي أن المنطقة العازلة التي أنشأها جيش الاحتلال الإسرائيلي داخل قطاع غزة فشلت في منع إطلاق صواريخ المقاومة تجاه مستوطنات غلاف غزة أو الداخل الإسرائيلي.,1
شيّع أهالي مخيم جنين شمالي الضفة الغربية جثمان الصحفية شذى الصباغ، في مسيرة انطلقت من منزل عائلتها، التي حمّلت أجهزة الأمن الفلسطينية مسؤولية قتلها، في حين نفى المتحدث باسم أجهزة الأمن الضلوع بمقتلها.,1
في اليوم الـ451 للعدوان على غزة، اعتقلت قوات الاحتلال الإسرائيلي 4 مرضى، من بين 10، في أثناء نقلهم من المستشفى الإندونيسي إلى مستشفى الشفاء بمدينة غزة.,1
كشفت إذاعة الجيش الإسرائيلي اليوم عن مقتل 40 عسكريا إسرائيليا منذ بدء العملية العسكرية المستمرة بمحافظة شمال غزة، في أكتوبر/تشرين الأول الماضي.,1
طالب المكتب الإعلامي الحكومي بقطاع غزة، اليوم الأحد، المجتمع الدولي بالكشف عن مصير مدير مستشفى كمال عدوان الدكتور حسام أبو صفية، والطواقم الطبية التي اعتقلها الجيش الإسرائيلي خلال اقتحامه المستشفى.,1
دانت وزارة الخارجية المصرية، الأحد، الاستهداف “الممنهج والغاشم” الذي تمارسه قوات الاحتلال الإسرائيلي ضد المستشفيات والبنية التحتية الصحية في قطاع غزة، مؤكدة رفضها القاطع لمحاولات تهجير الفلسطينيين.,1
أحيا متظاهرون في عدد من الدول الأوروبية وقفات احتجاجية داعمة لفلسطين، وأدانوا صمت بلدانهم على المجازر والحصار الذي يقترفه الإسرائيليون في قطاع غزة والضفة الغربية.,1
شنت قوات الاحتلال الإسرائيلي اليوم الأحد حملة مداهمات واعتقالات في مدن فلسطينية عدة، في حين واصلت إحراق المنازل بجنين وطولكرم شمالي الضفة الغربية المحتلة.,1
أعلن مكتب رئيس الوزراء الإسرائيلي أن نتنياهو وجّه فريق التفاوض بالاستعداد لمواصلة المحادثات وفقا لرد الوسطاء على مقترح المبعوث الأميركي ستيف ويتكوف بشأن المضي في تنفيذ اتفاق وقف إطلاق النار بغزة.,1
تصاعد التوتر بعد رفض القمة العربية خطة ترامب لترحيل الفلسطينيين من غزة، وسط استمرار المناورات السياسية والعسكرية، مما يطرح تساؤلات حول احتمالية اندلاع حرب جديدة في المنطقة.,1
في اليوم الـ56 من اتفاق وقف إطلاق النار في غزة وسع الاحتلال الإسرائيلي عدوانه على القطاع، فقتل 12 فلسطينيا، ليرتفع عدد الشهداء منذ دخول اتفاق وقف إطلاق النار حيز التنفيذ إلى 150 شهيدا.,1
سجلت لجنة أهالي المعتقلين السياسيين بالضفة الغربية عدة انتهاكات لأجهزة الأمنية التابعة للسلطة في رام الله، وذلك خلال فبراير/شباط الماضي وحده، وتنوعت بين اعتقال واستدعاء ومداهمة وملاحقة عناصر المقاومة.,1
بعد رفض روسيا نقلها، أرسل ترامب رسالة لإيران عبر الإمارات، وسط تصاعد التوترات ورفض طهران الحوار تحت الضغط وإصرارها على أن أي مفاوضات يجب أن تتم في إطار الاتفاق النووي ومن دون شروط أميركية.,1
التزام نتنياهو بوقف الحرب على غزة والانسحاب التام قد يؤدّي لانهيار ائتلافه الحكومي، ومن ثم الذهاب لانتخابات برلمانية، ترجّح كافة استطلاعات الرأي أنه لن يفوز فيها، بمعنى تحوّله إلى أقلّية في الكنيست.,1
يستمر إغلاق الاحتلال للمعابر أمام المساعدات في قطاع غزة، حيث أعلنت بلدية رفح توقف تزويد جميع آبار المياه في المدينة بالوقود نتيجة استمرار الحصار الإسرائيلي المشدد وإغلاق المعابر.,1
استشهد 9 فلسطينيين على الأقل، بينهم صحفيون وعاملون في المجال الإغاثي، وأصيب آخرون في قصف من مسيّرة إسرائيلية على بيت لاهيا شمالي قطاع غزة. وقد تم نقل الشهداء والمصابين إلى المستشفى الإندونيسي.,1
نشرت عائلة طالب جامعة كولومبيا السابق محمود خليل لأول مرة صورا تظهر لحظة اعتقاله بعد قرار إلغاء إقامته وتأشيرة دراسته، على خلفية مساعدته في قيادة احتجاجات طلابية في الجامعة تضامنا مع فلسطين.,1
ذكرت القناة الـ12 الإسرائيلية أن الجيش أبعد جنودا، ظهروا في مقطع مصور، من قطاع غزة بسبب ما سماه “مخالفتهم تعليمات وقيم الجيش”.,1
منذ بدأت إسرائيل عملياتها العسكرية “السور الحديدي” ضد مخيمات شمال الضفة الغربية، ومنها جنين، شلت قطاعات الحياة هناك، وخاصة التعليم الذي تعطل بالكامل منذ أكثر من 40 يوما.,1
تحدث المدير العام للطب الشرعي في غزة خليل حمادة، في حوار مع الجزيرة نت، عن ظروف العمل الصعبة التي تسببت فيها الحرب الإسرائيلية، وأثر منع قوات الاحتلال إدخال المعدات اللازمة على استكمال توثيق الشهداء.,1
تتفاقم الأزمة الإنسانية في قطاع غزة مع استئناف إسرائيل حربها على القطاع واستمرار إغلاق المعابر وعدم دخول مواد غذائية وإغاثية وطبية إلى السكان لليوم الـ19 تواليا.,1
في اليوم الرابع من بدء الاحتلال الإسرائيلي مجددا عدوانه على قطاع غزة، أعلنت المتحدثة باسم المكتب الأممي لتنسيق الشؤون الإنسانية بغزة، أن الوضع في القطاع كارثي والسكان يعانون ظروفا مروعة.,1
دعت حركة حماس العرب والمسلمين إلى تحرك عاجل لوقف العدوان على قطاع غزة، في حين طالبت الفلسطينيين بالضفة الغربية المحتلة للنفير العام بعد صلاة فجر يوم غد الجمعة إسنادا لقطاع غزة.,1
يروي أهالي بيت حانون شمالي غزة معاناة نزوحهم مرة أخرى بعد تصعيد الاحتلال الإسرائيلي، إذ أُجبروا على ترك خيامهم والنزوح مجددا نحو المجهول، وسط ظروف مأساوية وانعدام أدنى مقومات الحياة.,1
أعلن جيش الاحتلال توسيع عمليته البرية في غزة لتشمل منطقة رفح، في حين شن طيرانه الحربي قصفا مكثفا شمالي القطاع، في تواصل لحرب الإبادة المستمرة منذ الثلاثاء التي خلفت حتى اليوم 590 شهيدا.,1
وصف الخبير العسكري العقيد حاتم كريم الفلاحي التوغلات البرية التي بدأها جيش الاحتلال في مناطق عدة بقطاع غزة بأنها “جس نبض”، مؤكدا أنه يواجه تحديات جمة بعد فترة الهدوء التي فرضها اتفاق وقف إطلاق النار.,1
أبلغت عائلات كثيرة أمس بعزم قوات الاحتلال هدم منازلهم في مخيم جنين، والتي تصل إلى قرابة 66 بناية سكنية، موزعة على 5 حارات في المخيم. ومنذ ساعات صباح الخميس توغلت قوات الاحتلال داخل المخيم للتنفيذ.,1
المتحدثة باسم البيت الأبيض أكدت أن ترامب يدعم إسرائيل وعملياتها العسكرية بشكل كامل، محملا حماس مسؤولية تصاعد العنف وتدهور الأوضاع في غزة.,1
تفاعل مغردون مع التطورات الميدانية الأخيرة في قطاع غزة، بعد إعلان جيش الاحتلال الإسرائيلي بدء توغل بري وصفه بـ”المحدود” في مناطق وسط القطاع، بعد استئناف حكومة بنيامين نتنياهو الحرب على القطاع.,1
سقط عشرات الشهداء مع إصابة وفقدان آخرين تحت الأنقاض -معظمهم من الأطفال والنساء- إثر قصف قوات الاحتلال الإسرائيلي مناطق عدة في بلدة عبسان الكبيرة شرقي مدينة خان يونس (جنوبي قطاع غزة).,1
أطلق المركز الدولي للعدالة من أجل الفلسطينيين مبادرة  “غلوبال 195” لملاحقة الإسرائيليين المتورطين في جرائم الحرب ضد الشعب الفلسطيني في غزة.,1
وصلت جثامين أكثر من 50 شهيدا إلى المستشفى الإندونيسي في بيت لاهيا شمالي قطاع غزة، إثر غارات إسرائيلية مكثفة استهدفت منازل المواطنين في المنطقة.,1
هيمن إعلان جماعة “أنصار الله” (الحوثيون) استهداف مطار بن غوريون الدولي في تل أبيب على منصات التواصل، خاصة بعد تهديدات الرئيس الأميركي دونالد ترامب بـ”إبادة الحوثيين بشكل كامل”.,1
بثت كتائب القسام -الجناح العسكري لحركة المقاومة الإسلامية (حماس)- اليوم الخميس مشاهد من قصف تل أبيب (وسط إسرائيل) برشقة صاروخية، وذلك بعد 3 أيام من استئناف إسرائيل حربها على قطاع غزة.,1
صادق المجلس الوزاري الإسرائيلي للشؤون الأمنية والسياسية (الكابينت) على مقترح قدمه وزير المالية بتسلئيل سموتريتش، يقضي بفصل 13 حيا استيطانيا في الضفة الغربية المحتلة عن المستوطنات المجاورة لها.,1
يستند التقرير إلى بيانات الأمم المتحدة وصور الأقمار الصناعية والخرائط التحليلية للكشف عن إستراتيجية إسرائيلية منهجية لتحقيق أهداف طويلة المدى تتمحور حول إعادة هندسة جغرافية شاملة للضفة الغربية.,1
ينبغي فضح مرامي الاعتداءات الأخيرة التي تهيئ الأرضية النفسية لـ”الحل النهائي” من خلال الترويع والتجويع. و”الحل النهائي”، هو وصفة الخراب في الشرق الأوسط، ولن تبقى تداعياتها محصورة فيه.,1
سقط 4 قتلى على الأقل وعدد من الجرحى بعدوان أميركي جديد استهدف مساء الأحد صنعاء وصعدة. من جانبه أعلن مستشار الأمن القومي الأميركي قتل عدد من قادة الحوثيين بضربات اليومين الماضيين متوعدا بالمزيد.,1
قال بيان عن ديوان رئيس الوزراء الإسرائيلي إن بنيامين نتنياهو اتصل بوزير الخارجية الأميركي ماركو روبيو، وبحثا استئناف الحرب على قطاع غزة وإعادة الأسرى المحتجزين.,1
رصدت كاميرا الجزيرة لحظة قصف طائرات إسرائيلية قسم الجراحة بمجمع ناصر الطبي في مدينة خان يونس جنوبي قطاع غزة.,1
تذهب الحكومة الإسرائيلية بقيادة نتنياهو بعيدا بمصادقتها على إنشاء مديرية خاصة لتهجير فلسطينيي غزة، وهو ما يراه محللون سياسيون بأنه يكشف النوايا الحقيقية بعد استئناف الحرب على القطاع الفلسطيني المدمر.,1
في اليوم السابع من استئناف العدوان على غزة بعد تنصل إسرائيل من اتفاق وقف إطلاق النار، اغتال جيش الاحتلال إسماعيل برهوم القيادي بحركة حماس، في قصف استهدف غرفة العمليات بمجمع ناصر الطبي.,1
ناقش برنامج “مسار الأحداث” في حلقته بتاريخ 23 مارس/آذار 2025 دلالات مصادقة المجلس الوزاري الإسرائيلي المصغر (الكابينت) على إنشاء إدارة عسكرية تهدف إلى تنفيذ خطة الرئيس الأميركي دونالد ترامب بشأن قطاع,1
قالت القناة 12 الإسرائيلية إن وزير الأمن القومي إيتمار بن غفير هاجم رئيس الشاباك رونين بار بعد الكشف عن تحقيق سري للجهاز، وأشارت إلى أن الحراس حالوا بينهما.,1
تزور الممثلة العليا للشؤون الخارجية والسياسة الأمنية للاتحاد الأوروبي كايا كالاس الضفة الغربية المحتلة وإسرائيل يوم الاثنين، للحث على الاستئناف الفوري لتنفيذ اتفاق وقف إطلاق النار في غزة.,1
أعلن جيش الاحتلال الإسرائيلي اليوم الأحد، أن الفرقة التي نفذت عمليات في لبنان تستعد للعمل في عمليات عسكرية بقطاع غزة.,1
بثت الجزيرة صورا توثق إطلاق آليات إسرائيلية نيران رشاشاتها الثقيلة على طاقمها وإعلاميين آخرين في منطقة المواصي بين مدينتي خان يونس ورفح جنوبي قطاع غزة.,1
أعلنت حركة المقاومة الإسلامية (حماس) اغتيال القيادي إسماعيل برهوم عضو المكتب السياسي في قطاع غزة، وذلك إثر قصف إسرائيلي لأحد أقسام مستشفى ناصر الطبي بمدينة خان يونس جنوبي قطاع غزة.,1
صعدت القوات الإسرائيلية عمليات الاعتقال وهدم المنازل في الضفة الغربية المحتلة، كما اقتحم عشرات المستوطنين المتطرفين باحات المسجد الأقصى المبارك في حماية شرطة الاحتلال.,1
أفاد مراسل الجزيرة باستشهاد 62 فلسطينيا جراء القصف الجوي الإسرائيلي المتواصل على مدينتي خان يونس وغزة منذ فجر اليوم الخميس، بينما أنذر جيش الاحتلال الإسرائيلي بإخلاء مناطق جديدة في جباليا وبيت حانون.,1
أفاد مراسل الجزيرة باستشهاد 24 فلسطينيا جراء القصف الجوي الإسرائيلي المتواصل على مدينتي خان يونس وغزة منذ فجر اليوم.,1
واصل جيش الاحتلال الإسرائيلي عدوانه، في اليوم الـ17 لاستئنافه حرب الإبادة، على غزة، بتنفيذ غارات على خان يونس ورفح ومدينة غزة، استشهد فيها عشرات منذ فجر اليوم الخميس.,1
كشفت مصادر خاصة للجزيرة عن آخر تفاصيل مفاوضات وقف إطلاق النار وتبادل الأسرى بين المقاومة الفلسطينية والاحتلال الإسرائيلي.,1
تُحلل المقالة تقاعس الصين وروسيا عن تقديم دعم فعّال لغزة خلال الحرب، رغم تحركات رمزية، وتناقش تداعيات ذلك على نفوذهما الإقليمي والدولي.,1
أدخل رئيس الوزراء الإسرائيلي بنيامين نتنياهو مفاوضات وقف إطلاق النار في قطاع غزة إلى دائرة مفرغة جديدة، وذلك من خلال إدخال مزيد من الشروط التي يقول محللون إنها تضع حجر عثرة كبيرا أمام الوسطاء.,1
أكد استشاري في الطب الشرعي فحص جثث 15 من المسعفين وعمال الإنقاذ الفلسطينيين، الذين قُتلوا برصاص قوات الاحتلال الإسرائيلية، ودُفنوا بمقبرة جماعية في جنوب غزة، إن هناك أدلة على إعدامهم ميدانيا.,1
دان مجلس حقوق الإنسان التابع للأمم المتحدة، الأربعاء، استئناف إسرائيل هجومها على غزة، وحضّها على تحمّل مسؤولياتها في “منع وقوع إبادة جماعية” بالقطاع الفلسطيني المنكوب.,1
دقت منظمة أطباء بلا حدود، الأربعاء، ناقوس الخطر إزاء نقص بعض الأدوية الضرورية واقترابها من النفاد في قطاع غزة، بسبب الحصار الذي تفرضه إسرائيل على القطاع المحاصر منذ أكثر من شهر.,1
قال الخبير العسكري العميد إلياس حنا إن توسيع جيش الاحتلال الإسرائيلي عمليته البرية في رفح جنوبي قطاع غزة تعد الأهم منذ استئناف الحرب يوم 18 مارس/آذار الماضي، معددا أهداف القوات الإسرائيلية.,1
أفادت مصادر طبية بأن 77 فلسطينيا استُشهدوا في غارات إسرائيلية على مناطق متفرقة من غزة منذ فجر اليوم، فيما توعد رئيس الوزراء الإسرائيلي بنيامين نتنياهو بتقطيع أوصال القطاع.,1
روت سيدة فلسطينية للجزيرة اللحظات المروعة التي عاشتها في أثناء وجودها بعيادة وكالة غوث وتشغيل اللاجئين الفلسطينيين (أونروا) بمخيم جباليا شمالي قطاع غزة، وذلك لحظة استهدافها بقصف إسرائيلي.,1
أمر جيش الاحتلال الإسرائيلي بإخلاء مناطق ومخيمات في قطاع غزة قسرا بالتوازي مع الدفع بفرق قتالية، إثر إعلانه توسيع عملياته البرية العسكرية في رفح جنوبا.,1
يواصل الاحتلال الإسرائيلي توسيع سياسة الاستيطان الممنهجة في الضفة الغربية التي تشهد عمليات عسكرية واسعة يتخللها فرض للحصار وتدمير للمنازل وتهجير لآلاف السكان.,1
تم لنتنياهو كل ما يريد رغم تحركات المعارضة التي نجحت بإعادة رص صفوفها وإيجاد قاسم مشترك خلال الأيام الماضية، بعد الإعلان عن إقالة رئيس الشاباك والبدء بإجراءات المستشارة القضائية الحكومية.,1
أدى نحو 120 ألف فلسطيني صلاة عيد الفطر المبارك في المسجد الأقصى، في حين تواصل سلطات الاحتلال منع أهالي الضفة من دخول القدس والصلاة في الأقصى.,1
أعلن نادي الأسير وهيئة شؤون الأسرى والمحررين الفلسطينيين، في بيان مشترك، وجود أكثر من 9500 أسير فلسطيني في سجون الاحتلال الإسرائيلي، من بينهم أكثر من 350 طفلاً، و22 أسيرة، و3405 معتقلين إداريين.,1
مع دخول استئناف حرب الإبادة على قطاع غزة يومه الـ17، قارب عدد الشهداء 1200 خلال 15 يوما، في حين قصفت المقاومة مستوطنات في غلاف القطاع.,1
كشف الإعلامي بقناة الجزيرة تامر المسحال عن آخر تفاصيل مفاوضات وقف إطلاق النار وتبادل الأسرى بين المقاومة الفلسطينية والاحتلال الإسرائيلي.,1
تُحلل المقالة تقاعس الصين وروسيا عن تقديم دعم فعّال لغزة خلال الحرب، رغم تحركات رمزية، وتناقش تداعيات ذلك على نفوذهما الإقليمي والدولي.,1
أدخل رئيس الوزراء الإسرائيلي بنيامين نتنياهو مفاوضات وقف إطلاق النار في قطاع غزة إلى دائرة مفرغة جديدة، وذلك من خلال إدخال مزيد من الشروط التي يقول محللون إنها تضع حجر عثرة كبيرا أمام الوسطاء.,1
أكد استشاري في الطب الشرعي فحص جثث 15 من المسعفين وعمال الإنقاذ الفلسطينيين، الذين قُتلوا برصاص قوات الاحتلال الإسرائيلية، ودُفنوا بمقبرة جماعية في جنوب غزة، إن هناك أدلة على إعدامهم ميدانيا.,1
دان مجلس حقوق الإنسان التابع للأمم المتحدة، الأربعاء، استئناف إسرائيل هجومها على غزة، وحضّها على تحمّل مسؤولياتها في “منع وقوع إبادة جماعية” بالقطاع الفلسطيني المنكوب.,1
دقت منظمة أطباء بلا حدود، الأربعاء، ناقوس الخطر إزاء نقص بعض الأدوية الضرورية واقترابها من النفاد في قطاع غزة، بسبب الحصار الذي تفرضه إسرائيل على القطاع المحاصر منذ أكثر من شهر.,1
قال الخبير العسكري العميد إلياس حنا إن توسيع جيش الاحتلال الإسرائيلي عمليته البرية في رفح جنوبي قطاع غزة تعد الأهم منذ استئناف الحرب يوم 18 مارس/آذار الماضي، معددا أهداف القوات الإسرائيلية.,1
أفادت مصادر طبية بأن 77 فلسطينيا استُشهدوا في غارات إسرائيلية على مناطق متفرقة من غزة منذ فجر اليوم، فيما توعد رئيس الوزراء الإسرائيلي بنيامين نتنياهو بتقطيع أوصال القطاع.,1
روت سيدة فلسطينية للجزيرة اللحظات المروعة التي عاشتها في أثناء وجودها بعيادة وكالة غوث وتشغيل اللاجئين الفلسطينيين (أونروا) بمخيم جباليا شمالي قطاع غزة، وذلك لحظة استهدافها بقصف إسرائيلي.,1
أمر جيش الاحتلال الإسرائيلي بإخلاء مناطق ومخيمات في قطاع غزة قسرا بالتوازي مع الدفع بفرق قتالية، إثر إعلانه توسيع عملياته البرية العسكرية في رفح جنوبا.,1
استنكر مغردون على المنصات ما سموها حالة الخذلان والعجز العربي في مساعدة قطاع غزة والضغط على إسرائيل، التي تدفع بالغزيين إلى مجاعة وشيكة بفعل إغلاقها المعابر ومنعها دخول المساعدات.,1
دانت حركة حماس وعدة دول عربية اقتحام وزير الأمن القومي الإسرائيلي المتطرف إيتمار بن غفير باحات المسجد الأقصى المبارك بحراسة مشددة من الشرطة الإسرائيلية، ووصفت هذا الأمر بالتصعيد الخطير.,1
استشهد 19 شخصا وأصيب آخرون -معظمهم نساء وأطفال- في مجزرة إسرائيلية مروعة استهدفت عيادة لوكالة غوث وتشغيل اللاجئين الفلسطينيين (أونروا)، تؤوي نازحين وسط مخيم جباليا شمالي قطاع غزة.,1
استشهد 10 فلسطينيين بينهم 5 أطفال في قصف جوي مساء السبت وفجر الأحد على أنحاء متفرقة من قطاع غزة، ويأتي ذلك مع إعلان جيش الاحتلال توسيع عملياته البرية جنوبي القطاع ومهاجمة عشرات الأهداف نهاية الأسبوع.,1
قالت وزارة الأوقاف والشؤون الدينية الفلسطينية، أمس السبت، إن إسرائيل ترفض فتح المسجد الإبراهيمي بمدينة الخليل جنوبي الضفة الغربية، كاملا أمام المصلين بمناسبة عيد الفطر.,1
مع دخول اليوم الـ13 من استئناف حرب الإبادة على قطاع غزة قالت مصادر طبية إن 24 شخصا استشهدوا إثر غارات إسرائيلية على قطاع غزة منذ فجر السبت، من جهتها قالت حماس إنها وافقت على مقترح لوقف إطلاق النار.,1
قال جيش الاحتلال وجهاز الأمن الداخلي (شاباك) الإسرائيليان إنه تم العثور في منطقة رفح جنوبي قطاع غزة على أدلة مرتبطة بجثمان الأسير ميني غودارد، ولكنهما أكدا أن جثمانه ما زال محتجزا.,1
حذر محللون سياسيون من المخططات الإسرائيلية الجاري تنفيذها في مخيمات الضفة الغربية، وقالوا إنها تهدف إلى تهجير السكان وتدمير هذه المخيمات ورمزيتها تمهيدا لتصفية القضية الفلسطينية.,1
نددت مؤسسات فلسطينية ومجموعات مناصرة لفلسطين بما وصفته باستمرار السياسات الإسرائيلية القمعية ضد الشعب الفلسطيني، وقد خرجت مظاهرات ونظمت وقفات احتجاجية في مدن ألمانية عدة لإحياء ذكرى يوم الأرض.,1
مع أولى خيوط الليل تخلو شوارع غزة من الناس، بسبب انقطاع التيار الكهربائي وغياب مقومات الحياة الأساسية في ظل استمرار القصف الإسرائيلي.,1
أعلن برنامج الغذاء العالمي أن قطاع غزة بحاجة إلى المساعدات بشكل عاجل، وأكد أن مئات الآلاف يتعرضون مجددا لخطر الجوع الشديد وسوء التغذية مع تضاؤل مخزونات الأغذية ومواصلة إسرائيل إغلاق المعابر.,1
اعتذرت أكاديمية فنون وعلوم الصور المتحركة رسميا بعد تعرضها لانتقادات حادة بسبب تجاهلها دعم المخرج الفلسطيني حمدان بلال الفائز بجائزة الأوسكار عن فيلم “لا أرض أخرى”.,1
أكدت حركة المقاومة الإسلامية (حماس) في ذكرى يوم الأرض رفضها كل مشاريع التهجير والتوطين والوطن البديل، وشددت على تمسكها بالثوابت الوطنية.,1
استشهد 3 فلسطينيين على الأقل وأصيب عدد آخر -فجر الجمعة- بقصف إسرائيلي استهدف منزلا شرق مدينة غزة، في حين يمعن الجيش الإسرائيلي بالإبادة الجماعية بنسف مبان سكنية شمال القطاع.,1
كثّف المستوطنون اعتداءاتهم اليوم الجمعة، حيث اقتحموا بلدة قصرة جنوبي نابلس، في حين تعرّض فلسطيني للاعتداء في مسافر يطا، وفي الوقت نفسه يواصل الاحتلال عدوانه على طولكرم وجنين شمالي الضفة الغربية.,1
رغم إجراءات الاحتلال غير المسبوقة على المصلين قبيل وخلال شهر رمضان ومنعه أهالي الضفة من الوصول للقدس، سجل الاعتكاف هذا العام نجاحا ملحوظا في المسجد الأقصى، خصوصا من فئة الشباب.,1
الأونروا تحوّلت من أداة توطين مؤقتة إلى شاهد أممي دائم على نكبة فلسطين، وسط محاولات مستمرة لتفكيكها وإلغاء دورها في الحفاظ على حق العودة.,1
في غزة، حيث لا حدود تفصل بين المسكن والمستشفى وساحة المعركة، يبقى الفرق بين قنبلة “غبية” و”ذكية” مجرد وهم، فما هي أشرس 5 قنابل تستخدمها إسرائيل لقصف غزة؟,1
تواصل جماعة أنصار الله (الحوثيين) هجماتها في البحر الأحمر وإطلاق صواريخ باليستية على إسرائيل، رغم الضربات الأميركية المكثفة التي بدأتها إدارة الرئيس دونالد ترامب منتصف الشهر الجاري.,1
في اليوم الـ11 من استئناف حرب الإبادة على قطاع غزة ارتفع عدد الضحايا بالقطاع منذ 7 أكتوبر/تشرين الأول 2023 إلى 50 ألفا و208 شهداء و113 ألفا و910 مصابين.,1
أرسلت قوات الاحتلال الإسرائيلي الخميس تعزيزات إضافية إلى طولكرم وجنين، وواصلت تهجير السكان من مخيمات شمالي الضفة الغربية.,1
يعيش معتصم ستيتي مع عائلته في منزل قيد الإنشاء بعد نزوحه القسري من مخيم جنين، لكنه يصر على إحياء عادات رمضان رغم الظروف الصعبة.,1
حذرت منظمة دولية اليوم الخميس من أن الجوع يلوح في الأفق مرة أخرى في قطاع غزة مع بدء نفاد مخزونات الغذاء لدى المنظمة، وأكدت أن المساعدات الغذائية المتبقّية لا تكفي سوى الأسبوعين المقبلين فقط.,1
بثت سرايا القدس، الجناح العسكري لحركة الجهاد الإسلامي -اليوم الخميس- مشاهد من قصف مقاتليها مستوطنات غلاف غزة برشقات صاروخية.,1
تكافح السيدة الفلسطينية ياسمين عموري يوميا لتوفير الرعاية اللازمة لطفلها المصاب بمرض جلدي نادر وسط ظروف النزوح القاسية التي فرضتها الحرب المستمرة على قطاع غزة، مع انعدام الإمدادات الطبية.,1
قالت منظمة العفو الدولية إن آلات هيونداي عالية الدقة تستخدم على نطاق واسع في عمليات هدم المباني المملوكة للفلسطينيين في الأراضي الفلسطينية المحتلة، فيما قالت إنه قد يرقى للمشاركة بجرائم حرب.,1
صدّق الكنيست الإسرائيلي (البرلمان) على قانون اقترحه رئيس الوزراء بنيامين نتنياهو لتغيير تركيبة لجنة تعيين القضاة، فيما اتهم قادة المعارضة نتنياهو بالعمل على إخضاع القضاء للسلطة التنفيذية.,1
